
build/Exercise01.elf:     file format elf32-littleriscv


Disassembly of section .text:

20000000 <_start>:
20000000:	2001c137          	lui	sp,0x2001c
20000004:	285000ef          	jal	20000a88 <_crt_init>
20000008:	00000297          	auipc	t0,0x0
2000000c:	03028293          	addi	t0,t0,48 # 20000038 <main>
20000010:	00000097          	auipc	ra,0x0
20000014:	02008093          	addi	ra,ra,32 # 20000030 <exit>
20000018:	34129073          	csrw	mepc,t0
2000001c:	00002337          	lui	t1,0x2
20000020:	80030313          	addi	t1,t1,-2048 # 1800 <_start-0x1fffe800>
20000024:	08036313          	ori	t1,t1,128
20000028:	30031073          	csrw	mstatus,t1
2000002c:	30200073          	mret

20000030 <exit>:
20000030:	4a1000ef          	jal	20000cd0 <_crt_deinit>
20000034:	0000006f          	j	20000034 <exit+0x4>

20000038 <main>:
extern void increase_score(struct Player_Stats *status, uint32_t score);
extern void give_double_points(struct Player_Stats2 *status);
extern uint8_t chaos(struct Player_Stats3 *status);

int main(void)
{
20000038:	fb010113          	addi	sp,sp,-80 # 2001bfb0 <__stack_top+0x1721c>
2000003c:	04112623          	sw	ra,76(sp)
20000040:	04812423          	sw	s0,72(sp)
20000044:	05010413          	addi	s0,sp,80
    ///////////////////////////////////////////////////////////////////////////////
    // Test assignment 1
    ///////////////////////////////////////////////////////////////////////////////
    printf("Testing assignment 1...\n");
20000048:	200047b7          	lui	a5,0x20004
2000004c:	c8078513          	addi	a0,a5,-896 # 20003c80 <_malloc_usable_size_r+0x1c>
20000050:	0bd010ef          	jal	2000190c <puts>
    struct Player_Stats status = {.level=0xAAAA, .lives=0xBB, .score=0xCCCCCCCC, .powerups=0xDD};
20000054:	ffffb7b7          	lui	a5,0xffffb
20000058:	aaa78793          	addi	a5,a5,-1366 # ffffaaaa <__stack_top+0xdfff5d16>
2000005c:	fcf41a23          	sh	a5,-44(s0)
20000060:	fbb00793          	li	a5,-69
20000064:	fcf40b23          	sb	a5,-42(s0)
20000068:	ccccd7b7          	lui	a5,0xccccd
2000006c:	ccc78793          	addi	a5,a5,-820 # cccccccc <__stack_top+0xaccc7f38>
20000070:	fcf42c23          	sw	a5,-40(s0)
20000074:	fdd00793          	li	a5,-35
20000078:	fcf40e23          	sb	a5,-36(s0)
    increase_score(&status, 871);
2000007c:	fd440793          	addi	a5,s0,-44
20000080:	36700593          	li	a1,871
20000084:	00078513          	mv	a0,a5
20000088:	364000ef          	jal	200003ec <increase_score>
    int a1_flag = 1;
2000008c:	00100793          	li	a5,1
20000090:	fef42623          	sw	a5,-20(s0)

    if (status.level != 0xAAAA || status.lives != 0xBB || status.powerups != 0xDD){
20000094:	fd445703          	lhu	a4,-44(s0)
20000098:	0000b7b7          	lui	a5,0xb
2000009c:	aaa78793          	addi	a5,a5,-1366 # aaaa <_start-0x1fff5556>
200000a0:	00f71e63          	bne	a4,a5,200000bc <main+0x84>
200000a4:	fd644703          	lbu	a4,-42(s0)
200000a8:	0bb00793          	li	a5,187
200000ac:	00f71863          	bne	a4,a5,200000bc <main+0x84>
200000b0:	fdc44703          	lbu	a4,-36(s0)
200000b4:	0dd00793          	li	a5,221
200000b8:	00f70a63          	beq	a4,a5,200000cc <main+0x94>
        printf("Wrong fields of Player_Stats are modified!\n");
200000bc:	200047b7          	lui	a5,0x20004
200000c0:	c9878513          	addi	a0,a5,-872 # 20003c98 <_malloc_usable_size_r+0x34>
200000c4:	049010ef          	jal	2000190c <puts>
        a1_flag = 0;
200000c8:	fe042623          	sw	zero,-20(s0)
    }
    if (status.score != 0xCCCCD033){
200000cc:	fd842703          	lw	a4,-40(s0)
200000d0:	ccccd7b7          	lui	a5,0xccccd
200000d4:	03378793          	addi	a5,a5,51 # ccccd033 <__stack_top+0xaccc829f>
200000d8:	00f70a63          	beq	a4,a5,200000ec <main+0xb4>
        printf("Score is updated incorrectly!\n");
200000dc:	200047b7          	lui	a5,0x20004
200000e0:	cc478513          	addi	a0,a5,-828 # 20003cc4 <_malloc_usable_size_r+0x60>
200000e4:	029010ef          	jal	2000190c <puts>
        a1_flag = 0;
200000e8:	fe042623          	sw	zero,-20(s0)
    }

    if (a1_flag){
200000ec:	fec42783          	lw	a5,-20(s0)
200000f0:	00078a63          	beqz	a5,20000104 <main+0xcc>
        printf("PASSED!\n\n");
200000f4:	200047b7          	lui	a5,0x20004
200000f8:	ce478513          	addi	a0,a5,-796 # 20003ce4 <_malloc_usable_size_r+0x80>
200000fc:	011010ef          	jal	2000190c <puts>
20000100:	0100006f          	j	20000110 <main+0xd8>
    }
    else{
        printf("FAILED!\n\n");
20000104:	200047b7          	lui	a5,0x20004
20000108:	cf078513          	addi	a0,a5,-784 # 20003cf0 <_malloc_usable_size_r+0x8c>
2000010c:	001010ef          	jal	2000190c <puts>


    ///////////////////////////////////////////////////////////////////////////////
    // Test assignment 2
    ///////////////////////////////////////////////////////////////////////////////
    printf("Testing assignment 2...\n");
20000110:	200047b7          	lui	a5,0x20004
20000114:	cfc78513          	addi	a0,a5,-772 # 20003cfc <_malloc_usable_size_r+0x98>
20000118:	7f4010ef          	jal	2000190c <puts>
    struct Player_Stats2 status2 = {.level=0xAAAA, .lives=0xBB, .score=0xCCCCCCCC, 
2000011c:	ffffb7b7          	lui	a5,0xffffb
20000120:	aaa78793          	addi	a5,a5,-1366 # ffffaaaa <__stack_top+0xdfff5d16>
20000124:	fcf41423          	sh	a5,-56(s0)
20000128:	fbb00793          	li	a5,-69
2000012c:	fcf40523          	sb	a5,-54(s0)
20000130:	ccccd7b7          	lui	a5,0xccccd
20000134:	ccc78793          	addi	a5,a5,-820 # cccccccc <__stack_top+0xaccc7f38>
20000138:	fcf42623          	sw	a5,-52(s0)
2000013c:	fd044783          	lbu	a5,-48(s0)
20000140:	ffe7f793          	andi	a5,a5,-2
20000144:	fcf40823          	sb	a5,-48(s0)
20000148:	fd044783          	lbu	a5,-48(s0)
2000014c:	ffd7f793          	andi	a5,a5,-3
20000150:	fcf40823          	sb	a5,-48(s0)
20000154:	fd044783          	lbu	a5,-48(s0)
20000158:	ffb7f793          	andi	a5,a5,-5
2000015c:	fcf40823          	sb	a5,-48(s0)
20000160:	fd044783          	lbu	a5,-48(s0)
20000164:	ff77f793          	andi	a5,a5,-9
20000168:	fcf40823          	sb	a5,-48(s0)
2000016c:	fd044783          	lbu	a5,-48(s0)
20000170:	00f7f793          	andi	a5,a5,15
20000174:	fcf40823          	sb	a5,-48(s0)
20000178:	fc0408a3          	sb	zero,-47(s0)
                                   .shield=0, .speed=0, .double_points=0, .piercing_bullets=0, .reserved_1=0x0,
                                   .test_byte=0x0};
    
    give_double_points(&status2);
2000017c:	fc840793          	addi	a5,s0,-56
20000180:	00078513          	mv	a0,a5
20000184:	278000ef          	jal	200003fc <give_double_points>
    
    int a2_flag = 1;
20000188:	00100793          	li	a5,1
2000018c:	fef42423          	sw	a5,-24(s0)
    if (status2.double_points != 1){
20000190:	fd044783          	lbu	a5,-48(s0)
20000194:	0047f793          	andi	a5,a5,4
20000198:	0ff7f793          	zext.b	a5,a5
2000019c:	00079a63          	bnez	a5,200001b0 <main+0x178>
        printf("Double points bit is not set!\n");
200001a0:	200047b7          	lui	a5,0x20004
200001a4:	d1478513          	addi	a0,a5,-748 # 20003d14 <_malloc_usable_size_r+0xb0>
200001a8:	764010ef          	jal	2000190c <puts>
        a2_flag = 0;
200001ac:	fe042423          	sw	zero,-24(s0)
    }
    if (status2.test_byte != 0x0 || status2.reserved_1 != 0x0){
200001b0:	fd144783          	lbu	a5,-47(s0)
200001b4:	00079a63          	bnez	a5,200001c8 <main+0x190>
200001b8:	fd044783          	lbu	a5,-48(s0)
200001bc:	ff07f793          	andi	a5,a5,-16
200001c0:	0ff7f793          	zext.b	a5,a5
200001c4:	00078a63          	beqz	a5,200001d8 <main+0x1a0>
        printf("Wrong bits are modified!\n");
200001c8:	200047b7          	lui	a5,0x20004
200001cc:	d3478513          	addi	a0,a5,-716 # 20003d34 <_malloc_usable_size_r+0xd0>
200001d0:	73c010ef          	jal	2000190c <puts>
        a2_flag = 0;
200001d4:	fe042423          	sw	zero,-24(s0)
    }
    if (status2.level != 0xAAAA || status2.lives != 0xBB || status2.score != 0xCCCCCCCC){
200001d8:	fc845703          	lhu	a4,-56(s0)
200001dc:	0000b7b7          	lui	a5,0xb
200001e0:	aaa78793          	addi	a5,a5,-1366 # aaaa <_start-0x1fff5556>
200001e4:	02f71063          	bne	a4,a5,20000204 <main+0x1cc>
200001e8:	fca44703          	lbu	a4,-54(s0)
200001ec:	0bb00793          	li	a5,187
200001f0:	00f71a63          	bne	a4,a5,20000204 <main+0x1cc>
200001f4:	fcc42703          	lw	a4,-52(s0)
200001f8:	ccccd7b7          	lui	a5,0xccccd
200001fc:	ccc78793          	addi	a5,a5,-820 # cccccccc <__stack_top+0xaccc7f38>
20000200:	00f70a63          	beq	a4,a5,20000214 <main+0x1dc>
        printf("Wrong fields in struct are modified\n");
20000204:	200047b7          	lui	a5,0x20004
20000208:	d5078513          	addi	a0,a5,-688 # 20003d50 <_malloc_usable_size_r+0xec>
2000020c:	700010ef          	jal	2000190c <puts>
        a2_flag = 0;
20000210:	fe042423          	sw	zero,-24(s0)
    }


    if (a2_flag){
20000214:	fe842783          	lw	a5,-24(s0)
20000218:	00078a63          	beqz	a5,2000022c <main+0x1f4>
        printf("PASSED!\n\n");
2000021c:	200047b7          	lui	a5,0x20004
20000220:	ce478513          	addi	a0,a5,-796 # 20003ce4 <_malloc_usable_size_r+0x80>
20000224:	6e8010ef          	jal	2000190c <puts>
20000228:	0100006f          	j	20000238 <main+0x200>
    }
    else{
        printf("FAILED!\n\n");
2000022c:	200047b7          	lui	a5,0x20004
20000230:	cf078513          	addi	a0,a5,-784 # 20003cf0 <_malloc_usable_size_r+0x8c>
20000234:	6d8010ef          	jal	2000190c <puts>


    ///////////////////////////////////////////////////////////////////////////////
    // Test assignment 3
    ///////////////////////////////////////////////////////////////////////////////
    printf("Testing assignment 3...\n");
20000238:	200047b7          	lui	a5,0x20004
2000023c:	d7478513          	addi	a0,a5,-652 # 20003d74 <_malloc_usable_size_r+0x110>
20000240:	6cc010ef          	jal	2000190c <puts>
    struct Player_Stats3 status3 = {.level=0xAAAA, .lives=0xBB, .score=0xCCCCCCCC, 
20000244:	ffffb7b7          	lui	a5,0xffffb
20000248:	aaa78793          	addi	a5,a5,-1366 # ffffaaaa <__stack_top+0xdfff5d16>
2000024c:	faf41e23          	sh	a5,-68(s0)
20000250:	fbb00793          	li	a5,-69
20000254:	faf40f23          	sb	a5,-66(s0)
20000258:	ccccd7b7          	lui	a5,0xccccd
2000025c:	ccc78793          	addi	a5,a5,-820 # cccccccc <__stack_top+0xaccc7f38>
20000260:	fcf42023          	sw	a5,-64(s0)
20000264:	fc444783          	lbu	a5,-60(s0)
20000268:	0017e793          	ori	a5,a5,1
2000026c:	fcf40223          	sb	a5,-60(s0)
20000270:	fc444783          	lbu	a5,-60(s0)
20000274:	ffd7f793          	andi	a5,a5,-3
20000278:	fcf40223          	sb	a5,-60(s0)
2000027c:	fc444783          	lbu	a5,-60(s0)
20000280:	0047e793          	ori	a5,a5,4
20000284:	fcf40223          	sb	a5,-60(s0)
20000288:	fc444783          	lbu	a5,-60(s0)
2000028c:	0087e793          	ori	a5,a5,8
20000290:	fcf40223          	sb	a5,-60(s0)
20000294:	fc444783          	lbu	a5,-60(s0)
20000298:	00f7f793          	andi	a5,a5,15
2000029c:	0507e793          	ori	a5,a5,80
200002a0:	fcf40223          	sb	a5,-60(s0)
200002a4:	05500793          	li	a5,85
200002a8:	fcf402a3          	sb	a5,-59(s0)
                                   .shield=1, .speed=0, .double_points=1, .piercing_bullets=1, .reserved_1=0x5,
                                   .test_byte=0x55};

    uint8_t res = chaos(&status3);
200002ac:	fbc40793          	addi	a5,s0,-68
200002b0:	00078513          	mv	a0,a5
200002b4:	158000ef          	jal	2000040c <chaos>
200002b8:	00050793          	mv	a5,a0
200002bc:	fef401a3          	sb	a5,-29(s0)

    int a3_flag = 1;
200002c0:	00100793          	li	a5,1
200002c4:	fef42223          	sw	a5,-28(s0)
    if (status3.double_points != 1){
200002c8:	fc444783          	lbu	a5,-60(s0)
200002cc:	0047f793          	andi	a5,a5,4
200002d0:	0ff7f793          	zext.b	a5,a5
200002d4:	00079a63          	bnez	a5,200002e8 <main+0x2b0>
        printf("Double points bit is not set!\n");
200002d8:	200047b7          	lui	a5,0x20004
200002dc:	d1478513          	addi	a0,a5,-748 # 20003d14 <_malloc_usable_size_r+0xb0>
200002e0:	62c010ef          	jal	2000190c <puts>
        a3_flag = 0;
200002e4:	fe042223          	sw	zero,-28(s0)
    }
    if (status3.shield != 0 || status3.speed != 1 || status3.piercing_bullets != 0){
200002e8:	fc444783          	lbu	a5,-60(s0)
200002ec:	0017f793          	andi	a5,a5,1
200002f0:	0ff7f793          	zext.b	a5,a5
200002f4:	02079263          	bnez	a5,20000318 <main+0x2e0>
200002f8:	fc444783          	lbu	a5,-60(s0)
200002fc:	0027f793          	andi	a5,a5,2
20000300:	0ff7f793          	zext.b	a5,a5
20000304:	00078a63          	beqz	a5,20000318 <main+0x2e0>
20000308:	fc444783          	lbu	a5,-60(s0)
2000030c:	0087f793          	andi	a5,a5,8
20000310:	0ff7f793          	zext.b	a5,a5
20000314:	00078a63          	beqz	a5,20000328 <main+0x2f0>
        printf("Powerup bits flipped incorrectly!\n");
20000318:	200047b7          	lui	a5,0x20004
2000031c:	d8c78513          	addi	a0,a5,-628 # 20003d8c <_malloc_usable_size_r+0x128>
20000320:	5ec010ef          	jal	2000190c <puts>
        a3_flag = 0;
20000324:	fe042223          	sw	zero,-28(s0)
    }
    if (res != 0x6){
20000328:	fe344703          	lbu	a4,-29(s0)
2000032c:	00600793          	li	a5,6
20000330:	00f70a63          	beq	a4,a5,20000344 <main+0x30c>
        printf("Wrong value is returned\n");
20000334:	200047b7          	lui	a5,0x20004
20000338:	db078513          	addi	a0,a5,-592 # 20003db0 <_malloc_usable_size_r+0x14c>
2000033c:	5d0010ef          	jal	2000190c <puts>
        a3_flag = 0;
20000340:	fe042223          	sw	zero,-28(s0)
    }
    
    if (status3.test_byte != 0x55 || status3.reserved_1 != 0x5){
20000344:	fc544703          	lbu	a4,-59(s0)
20000348:	05500793          	li	a5,85
2000034c:	00f71c63          	bne	a4,a5,20000364 <main+0x32c>
20000350:	fc444783          	lbu	a5,-60(s0)
20000354:	ff07f793          	andi	a5,a5,-16
20000358:	0ff7f713          	zext.b	a4,a5
2000035c:	05000793          	li	a5,80
20000360:	00f70a63          	beq	a4,a5,20000374 <main+0x33c>
        printf("Bits outside of powerups are modified!\n");
20000364:	200047b7          	lui	a5,0x20004
20000368:	dc878513          	addi	a0,a5,-568 # 20003dc8 <_malloc_usable_size_r+0x164>
2000036c:	5a0010ef          	jal	2000190c <puts>
        a3_flag = 0;
20000370:	fe042223          	sw	zero,-28(s0)
    }
    if (status3.level != 0xAAAA || status3.lives != 0xBB || status3.score != 0xCCCCCCCC){
20000374:	fbc45703          	lhu	a4,-68(s0)
20000378:	0000b7b7          	lui	a5,0xb
2000037c:	aaa78793          	addi	a5,a5,-1366 # aaaa <_start-0x1fff5556>
20000380:	02f71063          	bne	a4,a5,200003a0 <main+0x368>
20000384:	fbe44703          	lbu	a4,-66(s0)
20000388:	0bb00793          	li	a5,187
2000038c:	00f71a63          	bne	a4,a5,200003a0 <main+0x368>
20000390:	fc042703          	lw	a4,-64(s0)
20000394:	ccccd7b7          	lui	a5,0xccccd
20000398:	ccc78793          	addi	a5,a5,-820 # cccccccc <__stack_top+0xaccc7f38>
2000039c:	00f70a63          	beq	a4,a5,200003b0 <main+0x378>
        printf("Wrong fields in struct are modified\n");
200003a0:	200047b7          	lui	a5,0x20004
200003a4:	d5078513          	addi	a0,a5,-688 # 20003d50 <_malloc_usable_size_r+0xec>
200003a8:	564010ef          	jal	2000190c <puts>
        a3_flag = 0;
200003ac:	fe042223          	sw	zero,-28(s0)
    }

    if (a3_flag){
200003b0:	fe442783          	lw	a5,-28(s0)
200003b4:	00078a63          	beqz	a5,200003c8 <main+0x390>
        printf("PASSED!\n\n");
200003b8:	200047b7          	lui	a5,0x20004
200003bc:	ce478513          	addi	a0,a5,-796 # 20003ce4 <_malloc_usable_size_r+0x80>
200003c0:	54c010ef          	jal	2000190c <puts>
200003c4:	0100006f          	j	200003d4 <main+0x39c>
    }
    else{
        printf("FAILED!\n\n");
200003c8:	200047b7          	lui	a5,0x20004
200003cc:	cf078513          	addi	a0,a5,-784 # 20003cf0 <_malloc_usable_size_r+0x8c>
200003d0:	53c010ef          	jal	2000190c <puts>
200003d4:	00000793          	li	a5,0
    }
    ///////////////////////////////////////////////////////////////////////////////

}
200003d8:	00078513          	mv	a0,a5
200003dc:	04c12083          	lw	ra,76(sp)
200003e0:	04812403          	lw	s0,72(sp)
200003e4:	05010113          	addi	sp,sp,80
200003e8:	00008067          	ret

200003ec <increase_score>:

increase_score:
    # a0 = pointer to struct Player_Stats
    # a1 = score to add

    lw  t0, 4(a0)      # load current score
200003ec:	00452283          	lw	t0,4(a0)
    add t0, t0, a1     # add score
200003f0:	00b282b3          	add	t0,t0,a1
    sw  t0, 4(a0)      # store updated score
200003f4:	00552223          	sw	t0,4(a0)
    
    ret
200003f8:	00008067          	ret

200003fc <give_double_points>:
###############################################################################

give_double_points:
    # a0 = pointer to struct Player_Stats

    lbu t0, 8(a0)
200003fc:	00854283          	lbu	t0,8(a0)
    or t0, t0, 0b100
20000400:	0042e293          	ori	t0,t0,4
    sb t0, 8(a0)
20000404:	00550423          	sb	t0,8(a0)

    ret
20000408:	00008067          	ret

2000040c <chaos>:
## Note: XOR 1 allows you to flip bits.
##
###############################################################################

chaos:
    lbu   t0, 8(a0)          # t0 = status->powerups  (uint8_t)
2000040c:	00854283          	lbu	t0,8(a0)
    xori  t0, t0, 0x0F       # t0 = ~t0
20000410:	00f2c293          	xori	t0,t0,15
    ori   t0, t0, 0b010      # set bit double_points
20000414:	0022e293          	ori	t0,t0,2
    sb    t0, 8(a0)
20000418:	00550423          	sb	t0,8(a0)

    andi  t0, t0, 0xf
2000041c:	00f2f293          	andi	t0,t0,15
    mv    a0, t0
20000420:	00028513          	mv	a0,t0

    ret
20000424:	00008067          	ret

20000428 <_pll_init_144>:
20000428:	fe010113          	addi	sp,sp,-32
2000042c:	00112e23          	sw	ra,28(sp)
20000430:	00812c23          	sw	s0,24(sp)
20000434:	02010413          	addi	s0,sp,32
20000438:	fe042623          	sw	zero,-20(s0)
2000043c:	fe042423          	sw	zero,-24(s0)
20000440:	400217b7          	lui	a5,0x40021
20000444:	0007a703          	lw	a4,0(a5) # 40021000 <__stack_top+0x2001c26c>
20000448:	400217b7          	lui	a5,0x40021
2000044c:	00176713          	ori	a4,a4,1
20000450:	00e7a023          	sw	a4,0(a5) # 40021000 <__stack_top+0x2001c26c>
20000454:	400217b7          	lui	a5,0x40021
20000458:	00478793          	addi	a5,a5,4 # 40021004 <__stack_top+0x2001c270>
2000045c:	0007a683          	lw	a3,0(a5)
20000460:	400217b7          	lui	a5,0x40021
20000464:	00478793          	addi	a5,a5,4 # 40021004 <__stack_top+0x2001c270>
20000468:	f8ff0737          	lui	a4,0xf8ff0
2000046c:	00e6f733          	and	a4,a3,a4
20000470:	00e7a023          	sw	a4,0(a5)
20000474:	400217b7          	lui	a5,0x40021
20000478:	0007a683          	lw	a3,0(a5) # 40021000 <__stack_top+0x2001c26c>
2000047c:	400217b7          	lui	a5,0x40021
20000480:	fef70737          	lui	a4,0xfef70
20000484:	fff70713          	addi	a4,a4,-1 # fef6ffff <__stack_top+0xdef6b26b>
20000488:	00e6f733          	and	a4,a3,a4
2000048c:	00e7a023          	sw	a4,0(a5) # 40021000 <__stack_top+0x2001c26c>
20000490:	400217b7          	lui	a5,0x40021
20000494:	0007a683          	lw	a3,0(a5) # 40021000 <__stack_top+0x2001c26c>
20000498:	400217b7          	lui	a5,0x40021
2000049c:	fffc0737          	lui	a4,0xfffc0
200004a0:	fff70713          	addi	a4,a4,-1 # fffbffff <__stack_top+0xdffbb26b>
200004a4:	00e6f733          	and	a4,a3,a4
200004a8:	00e7a023          	sw	a4,0(a5) # 40021000 <__stack_top+0x2001c26c>
200004ac:	400217b7          	lui	a5,0x40021
200004b0:	00478793          	addi	a5,a5,4 # 40021004 <__stack_top+0x2001c270>
200004b4:	0007a683          	lw	a3,0(a5)
200004b8:	400217b7          	lui	a5,0x40021
200004bc:	00478793          	addi	a5,a5,4 # 40021004 <__stack_top+0x2001c270>
200004c0:	ff810737          	lui	a4,0xff810
200004c4:	fff70713          	addi	a4,a4,-1 # ff80ffff <__stack_top+0xdf80b26b>
200004c8:	00e6f733          	and	a4,a3,a4
200004cc:	00e7a023          	sw	a4,0(a5)
200004d0:	400217b7          	lui	a5,0x40021
200004d4:	0007a683          	lw	a3,0(a5) # 40021000 <__stack_top+0x2001c26c>
200004d8:	400217b7          	lui	a5,0x40021
200004dc:	ec000737          	lui	a4,0xec000
200004e0:	fff70713          	addi	a4,a4,-1 # ebffffff <__stack_top+0xcbffb26b>
200004e4:	00e6f733          	and	a4,a3,a4
200004e8:	00e7a023          	sw	a4,0(a5) # 40021000 <__stack_top+0x2001c26c>
200004ec:	400217b7          	lui	a5,0x40021
200004f0:	00878793          	addi	a5,a5,8 # 40021008 <__stack_top+0x2001c274>
200004f4:	00ff0737          	lui	a4,0xff0
200004f8:	00e7a023          	sw	a4,0(a5)
200004fc:	400217b7          	lui	a5,0x40021
20000500:	02c78793          	addi	a5,a5,44 # 4002102c <__stack_top+0x2001c298>
20000504:	0007a023          	sw	zero,0(a5)
20000508:	400217b7          	lui	a5,0x40021
2000050c:	0007a683          	lw	a3,0(a5) # 40021000 <__stack_top+0x2001c26c>
20000510:	400217b7          	lui	a5,0x40021
20000514:	00010737          	lui	a4,0x10
20000518:	00e6e733          	or	a4,a3,a4
2000051c:	00e7a023          	sw	a4,0(a5) # 40021000 <__stack_top+0x2001c26c>
20000520:	400217b7          	lui	a5,0x40021
20000524:	0007a703          	lw	a4,0(a5) # 40021000 <__stack_top+0x2001c26c>
20000528:	000207b7          	lui	a5,0x20
2000052c:	00f777b3          	and	a5,a4,a5
20000530:	fef42423          	sw	a5,-24(s0)
20000534:	fec42783          	lw	a5,-20(s0)
20000538:	00178793          	addi	a5,a5,1 # 20001 <_start-0x1ffdffff>
2000053c:	fef42623          	sw	a5,-20(s0)
20000540:	fe842783          	lw	a5,-24(s0)
20000544:	00079863          	bnez	a5,20000554 <_pll_init_144+0x12c>
20000548:	fec42703          	lw	a4,-20(s0)
2000054c:	1f400793          	li	a5,500
20000550:	fcf718e3          	bne	a4,a5,20000520 <_pll_init_144+0xf8>
20000554:	400217b7          	lui	a5,0x40021
20000558:	0007a703          	lw	a4,0(a5) # 40021000 <__stack_top+0x2001c26c>
2000055c:	000207b7          	lui	a5,0x20
20000560:	00f777b3          	and	a5,a4,a5
20000564:	00079663          	bnez	a5,20000570 <_pll_init_144+0x148>
20000568:	00100793          	li	a5,1
2000056c:	11c0006f          	j	20000688 <_pll_init_144+0x260>
20000570:	400217b7          	lui	a5,0x40021
20000574:	00478713          	addi	a4,a5,4 # 40021004 <__stack_top+0x2001c270>
20000578:	400217b7          	lui	a5,0x40021
2000057c:	00478793          	addi	a5,a5,4 # 40021004 <__stack_top+0x2001c270>
20000580:	00072703          	lw	a4,0(a4) # 10000 <_start-0x1fff0000>
20000584:	00e7a023          	sw	a4,0(a5)
20000588:	400217b7          	lui	a5,0x40021
2000058c:	00478713          	addi	a4,a5,4 # 40021004 <__stack_top+0x2001c270>
20000590:	400217b7          	lui	a5,0x40021
20000594:	00478793          	addi	a5,a5,4 # 40021004 <__stack_top+0x2001c270>
20000598:	00072703          	lw	a4,0(a4)
2000059c:	00e7a023          	sw	a4,0(a5)
200005a0:	400217b7          	lui	a5,0x40021
200005a4:	02c78793          	addi	a5,a5,44 # 4002102c <__stack_top+0x2001c298>
200005a8:	0007a703          	lw	a4,0(a5)
200005ac:	400217b7          	lui	a5,0x40021
200005b0:	02c78793          	addi	a5,a5,44 # 4002102c <__stack_top+0x2001c298>
200005b4:	40076713          	ori	a4,a4,1024
200005b8:	00e7a023          	sw	a4,0(a5)
200005bc:	400217b7          	lui	a5,0x40021
200005c0:	00478793          	addi	a5,a5,4 # 40021004 <__stack_top+0x2001c270>
200005c4:	0007a683          	lw	a3,0(a5)
200005c8:	400217b7          	lui	a5,0x40021
200005cc:	00478793          	addi	a5,a5,4 # 40021004 <__stack_top+0x2001c270>
200005d0:	ffc10737          	lui	a4,0xffc10
200005d4:	fff70713          	addi	a4,a4,-1 # ffc0ffff <__stack_top+0xdfc0b26b>
200005d8:	00e6f733          	and	a4,a3,a4
200005dc:	00e7a023          	sw	a4,0(a5)
200005e0:	400217b7          	lui	a5,0x40021
200005e4:	00478793          	addi	a5,a5,4 # 40021004 <__stack_top+0x2001c270>
200005e8:	0007a683          	lw	a3,0(a5)
200005ec:	400217b7          	lui	a5,0x40021
200005f0:	00478793          	addi	a5,a5,4 # 40021004 <__stack_top+0x2001c270>
200005f4:	00010737          	lui	a4,0x10
200005f8:	00e6e733          	or	a4,a3,a4
200005fc:	00e7a023          	sw	a4,0(a5)
20000600:	400217b7          	lui	a5,0x40021
20000604:	0007a683          	lw	a3,0(a5) # 40021000 <__stack_top+0x2001c26c>
20000608:	400217b7          	lui	a5,0x40021
2000060c:	01000737          	lui	a4,0x1000
20000610:	00e6e733          	or	a4,a3,a4
20000614:	00e7a023          	sw	a4,0(a5) # 40021000 <__stack_top+0x2001c26c>
20000618:	00000013          	nop
2000061c:	400217b7          	lui	a5,0x40021
20000620:	0007a703          	lw	a4,0(a5) # 40021000 <__stack_top+0x2001c26c>
20000624:	020007b7          	lui	a5,0x2000
20000628:	00f777b3          	and	a5,a4,a5
2000062c:	fe0788e3          	beqz	a5,2000061c <_pll_init_144+0x1f4>
20000630:	400217b7          	lui	a5,0x40021
20000634:	00478793          	addi	a5,a5,4 # 40021004 <__stack_top+0x2001c270>
20000638:	0007a703          	lw	a4,0(a5)
2000063c:	400217b7          	lui	a5,0x40021
20000640:	00478793          	addi	a5,a5,4 # 40021004 <__stack_top+0x2001c270>
20000644:	ffc77713          	andi	a4,a4,-4
20000648:	00e7a023          	sw	a4,0(a5)
2000064c:	400217b7          	lui	a5,0x40021
20000650:	00478793          	addi	a5,a5,4 # 40021004 <__stack_top+0x2001c270>
20000654:	0007a703          	lw	a4,0(a5)
20000658:	400217b7          	lui	a5,0x40021
2000065c:	00478793          	addi	a5,a5,4 # 40021004 <__stack_top+0x2001c270>
20000660:	00276713          	ori	a4,a4,2
20000664:	00e7a023          	sw	a4,0(a5)
20000668:	00000013          	nop
2000066c:	400217b7          	lui	a5,0x40021
20000670:	00478793          	addi	a5,a5,4 # 40021004 <__stack_top+0x2001c270>
20000674:	0007a783          	lw	a5,0(a5)
20000678:	00c7f713          	andi	a4,a5,12
2000067c:	00800793          	li	a5,8
20000680:	fef716e3          	bne	a4,a5,2000066c <_pll_init_144+0x244>
20000684:	00000793          	li	a5,0
20000688:	00078513          	mv	a0,a5
2000068c:	01c12083          	lw	ra,28(sp)
20000690:	01812403          	lw	s0,24(sp)
20000694:	02010113          	addi	sp,sp,32
20000698:	00008067          	ret

2000069c <crt_timer_interrupt>:
2000069c:	fd010113          	addi	sp,sp,-48
200006a0:	02112623          	sw	ra,44(sp)
200006a4:	02512423          	sw	t0,40(sp)
200006a8:	02812223          	sw	s0,36(sp)
200006ac:	02a12023          	sw	a0,32(sp)
200006b0:	00b12e23          	sw	a1,28(sp)
200006b4:	00c12c23          	sw	a2,24(sp)
200006b8:	00d12a23          	sw	a3,20(sp)
200006bc:	00e12823          	sw	a4,16(sp)
200006c0:	00f12623          	sw	a5,12(sp)
200006c4:	01012423          	sw	a6,8(sp)
200006c8:	03010413          	addi	s0,sp,48
200006cc:	400017b7          	lui	a5,0x40001
200006d0:	0107d783          	lhu	a5,16(a5) # 40001010 <__stack_top+0x1fffc27c>
200006d4:	01079713          	slli	a4,a5,0x10
200006d8:	01075713          	srli	a4,a4,0x10
200006dc:	400017b7          	lui	a5,0x40001
200006e0:	ffe77713          	andi	a4,a4,-2
200006e4:	01071713          	slli	a4,a4,0x10
200006e8:	01075713          	srli	a4,a4,0x10
200006ec:	00e79823          	sh	a4,16(a5) # 40001010 <__stack_top+0x1fffc27c>
200006f0:	200047b7          	lui	a5,0x20004
200006f4:	0407a703          	lw	a4,64(a5) # 20004040 <current_time>
200006f8:	0447a783          	lw	a5,68(a5)
200006fc:	00100513          	li	a0,1
20000700:	00000593          	li	a1,0
20000704:	00a70633          	add	a2,a4,a0
20000708:	00060813          	mv	a6,a2
2000070c:	00e83833          	sltu	a6,a6,a4
20000710:	00b786b3          	add	a3,a5,a1
20000714:	00d807b3          	add	a5,a6,a3
20000718:	00078693          	mv	a3,a5
2000071c:	00060713          	mv	a4,a2
20000720:	00068793          	mv	a5,a3
20000724:	200046b7          	lui	a3,0x20004
20000728:	04e6a023          	sw	a4,64(a3) # 20004040 <current_time>
2000072c:	04f6a223          	sw	a5,68(a3)
20000730:	00000013          	nop
20000734:	02c12083          	lw	ra,44(sp)
20000738:	02812283          	lw	t0,40(sp)
2000073c:	02412403          	lw	s0,36(sp)
20000740:	02012503          	lw	a0,32(sp)
20000744:	01c12583          	lw	a1,28(sp)
20000748:	01812603          	lw	a2,24(sp)
2000074c:	01412683          	lw	a3,20(sp)
20000750:	01012703          	lw	a4,16(sp)
20000754:	00c12783          	lw	a5,12(sp)
20000758:	00812803          	lw	a6,8(sp)
2000075c:	03010113          	addi	sp,sp,48
20000760:	30200073          	mret

20000764 <_times>:
20000764:	fe010113          	addi	sp,sp,-32
20000768:	00112e23          	sw	ra,28(sp)
2000076c:	00812c23          	sw	s0,24(sp)
20000770:	02010413          	addi	s0,sp,32
20000774:	fea42623          	sw	a0,-20(s0)
20000778:	200047b7          	lui	a5,0x20004
2000077c:	0407a703          	lw	a4,64(a5) # 20004040 <current_time>
20000780:	0447a783          	lw	a5,68(a5)
20000784:	fec42783          	lw	a5,-20(s0)
20000788:	00e7a223          	sw	a4,4(a5)
2000078c:	fec42783          	lw	a5,-20(s0)
20000790:	0047a703          	lw	a4,4(a5)
20000794:	fec42783          	lw	a5,-20(s0)
20000798:	00e7a023          	sw	a4,0(a5)
2000079c:	200047b7          	lui	a5,0x20004
200007a0:	0407a703          	lw	a4,64(a5) # 20004040 <current_time>
200007a4:	0447a783          	lw	a5,68(a5)
200007a8:	00070793          	mv	a5,a4
200007ac:	00078513          	mv	a0,a5
200007b0:	01c12083          	lw	ra,28(sp)
200007b4:	01812403          	lw	s0,24(sp)
200007b8:	02010113          	addi	sp,sp,32
200007bc:	00008067          	ret

200007c0 <_gettimeofday>:
200007c0:	fd010113          	addi	sp,sp,-48
200007c4:	02112623          	sw	ra,44(sp)
200007c8:	02812423          	sw	s0,40(sp)
200007cc:	03010413          	addi	s0,sp,48
200007d0:	fca42e23          	sw	a0,-36(s0)
200007d4:	fcb42c23          	sw	a1,-40(s0)
200007d8:	200047b7          	lui	a5,0x20004
200007dc:	0407a703          	lw	a4,64(a5) # 20004040 <current_time>
200007e0:	0447a783          	lw	a5,68(a5)
200007e4:	fee42423          	sw	a4,-24(s0)
200007e8:	fef42623          	sw	a5,-20(s0)
200007ec:	fe842703          	lw	a4,-24(s0)
200007f0:	fec42783          	lw	a5,-20(s0)
200007f4:	06400613          	li	a2,100
200007f8:	00000693          	li	a3,0
200007fc:	00070513          	mv	a0,a4
20000800:	00078593          	mv	a1,a5
20000804:	768000ef          	jal	20000f6c <__udivdi3>
20000808:	00050713          	mv	a4,a0
2000080c:	00058793          	mv	a5,a1
20000810:	fdc42683          	lw	a3,-36(s0)
20000814:	00e6a023          	sw	a4,0(a3)
20000818:	00f6a223          	sw	a5,4(a3)
2000081c:	fe842703          	lw	a4,-24(s0)
20000820:	fec42783          	lw	a5,-20(s0)
20000824:	06400613          	li	a2,100
20000828:	00000693          	li	a3,0
2000082c:	00070513          	mv	a0,a4
20000830:	00078593          	mv	a1,a5
20000834:	325000ef          	jal	20001358 <__umoddi3>
20000838:	00050713          	mv	a4,a0
2000083c:	00058793          	mv	a5,a1
20000840:	fdc42783          	lw	a5,-36(s0)
20000844:	00e7a423          	sw	a4,8(a5)
20000848:	00000793          	li	a5,0
2000084c:	00078513          	mv	a0,a5
20000850:	02c12083          	lw	ra,44(sp)
20000854:	02812403          	lw	s0,40(sp)
20000858:	03010113          	addi	sp,sp,48
2000085c:	00008067          	ret

20000860 <_settimeofday>:
20000860:	fe010113          	addi	sp,sp,-32
20000864:	00112e23          	sw	ra,28(sp)
20000868:	00812c23          	sw	s0,24(sp)
2000086c:	02010413          	addi	s0,sp,32
20000870:	fea42623          	sw	a0,-20(s0)
20000874:	feb42423          	sw	a1,-24(s0)
20000878:	fec42783          	lw	a5,-20(s0)
2000087c:	0007a703          	lw	a4,0(a5)
20000880:	0047a783          	lw	a5,4(a5)
20000884:	06400593          	li	a1,100
20000888:	02b78533          	mul	a0,a5,a1
2000088c:	00000593          	li	a1,0
20000890:	02b705b3          	mul	a1,a4,a1
20000894:	00b50533          	add	a0,a0,a1
20000898:	06400593          	li	a1,100
2000089c:	02b70333          	mul	t1,a4,a1
200008a0:	02b738b3          	mulhu	a7,a4,a1
200008a4:	00030813          	mv	a6,t1
200008a8:	011507b3          	add	a5,a0,a7
200008ac:	00078893          	mv	a7,a5
200008b0:	00080713          	mv	a4,a6
200008b4:	00088793          	mv	a5,a7
200008b8:	200045b7          	lui	a1,0x20004
200008bc:	04e5a023          	sw	a4,64(a1) # 20004040 <current_time>
200008c0:	04f5a223          	sw	a5,68(a1)
200008c4:	fec42783          	lw	a5,-20(s0)
200008c8:	0087a783          	lw	a5,8(a5)
200008cc:	00078613          	mv	a2,a5
200008d0:	41f7d793          	srai	a5,a5,0x1f
200008d4:	00078693          	mv	a3,a5
200008d8:	200047b7          	lui	a5,0x20004
200008dc:	0407a503          	lw	a0,64(a5) # 20004040 <current_time>
200008e0:	0447a583          	lw	a1,68(a5)
200008e4:	00a60733          	add	a4,a2,a0
200008e8:	00070813          	mv	a6,a4
200008ec:	00c83833          	sltu	a6,a6,a2
200008f0:	00b687b3          	add	a5,a3,a1
200008f4:	00f806b3          	add	a3,a6,a5
200008f8:	00068793          	mv	a5,a3
200008fc:	200046b7          	lui	a3,0x20004
20000900:	04e6a023          	sw	a4,64(a3) # 20004040 <current_time>
20000904:	04f6a223          	sw	a5,68(a3)
20000908:	00000793          	li	a5,0
2000090c:	00078513          	mv	a0,a5
20000910:	01c12083          	lw	ra,28(sp)
20000914:	01812403          	lw	s0,24(sp)
20000918:	02010113          	addi	sp,sp,32
2000091c:	00008067          	ret

20000920 <_tstchar>:
20000920:	ff010113          	addi	sp,sp,-16
20000924:	00112623          	sw	ra,12(sp)
20000928:	00812423          	sw	s0,8(sp)
2000092c:	01010413          	addi	s0,sp,16
20000930:	400147b7          	lui	a5,0x40014
20000934:	80078793          	addi	a5,a5,-2048 # 40013800 <__stack_top+0x2000ea6c>
20000938:	0007d783          	lhu	a5,0(a5)
2000093c:	01079793          	slli	a5,a5,0x10
20000940:	0107d793          	srli	a5,a5,0x10
20000944:	0207f793          	andi	a5,a5,32
20000948:	02078063          	beqz	a5,20000968 <_tstchar+0x48>
2000094c:	400147b7          	lui	a5,0x40014
20000950:	80078793          	addi	a5,a5,-2048 # 40013800 <__stack_top+0x2000ea6c>
20000954:	0047d783          	lhu	a5,4(a5)
20000958:	01079793          	slli	a5,a5,0x10
2000095c:	0107d793          	srli	a5,a5,0x10
20000960:	0ff7f793          	zext.b	a5,a5
20000964:	0080006f          	j	2000096c <_tstchar+0x4c>
20000968:	00000793          	li	a5,0
2000096c:	00078513          	mv	a0,a5
20000970:	00c12083          	lw	ra,12(sp)
20000974:	00812403          	lw	s0,8(sp)
20000978:	01010113          	addi	sp,sp,16
2000097c:	00008067          	ret

20000980 <_outchar>:
20000980:	fe010113          	addi	sp,sp,-32
20000984:	00112e23          	sw	ra,28(sp)
20000988:	00812c23          	sw	s0,24(sp)
2000098c:	02010413          	addi	s0,sp,32
20000990:	00050793          	mv	a5,a0
20000994:	fef407a3          	sb	a5,-17(s0)
20000998:	400147b7          	lui	a5,0x40014
2000099c:	80078793          	addi	a5,a5,-2048 # 40013800 <__stack_top+0x2000ea6c>
200009a0:	fef44703          	lbu	a4,-17(s0)
200009a4:	01071713          	slli	a4,a4,0x10
200009a8:	01075713          	srli	a4,a4,0x10
200009ac:	00e79223          	sh	a4,4(a5)
200009b0:	00000013          	nop
200009b4:	400147b7          	lui	a5,0x40014
200009b8:	80078793          	addi	a5,a5,-2048 # 40013800 <__stack_top+0x2000ea6c>
200009bc:	0007d783          	lhu	a5,0(a5)
200009c0:	01079793          	slli	a5,a5,0x10
200009c4:	0107d793          	srli	a5,a5,0x10
200009c8:	0807f793          	andi	a5,a5,128
200009cc:	fe0784e3          	beqz	a5,200009b4 <_outchar+0x34>
200009d0:	00000013          	nop
200009d4:	00000013          	nop
200009d8:	01c12083          	lw	ra,28(sp)
200009dc:	01812403          	lw	s0,24(sp)
200009e0:	02010113          	addi	sp,sp,32
200009e4:	00008067          	ret

200009e8 <_sbrk>:
200009e8:	fd010113          	addi	sp,sp,-48
200009ec:	02112623          	sw	ra,44(sp)
200009f0:	02812423          	sw	s0,40(sp)
200009f4:	03010413          	addi	s0,sp,48
200009f8:	fca42e23          	sw	a0,-36(s0)
200009fc:	200047b7          	lui	a5,0x20004
20000a00:	0487a783          	lw	a5,72(a5) # 20004048 <heap_end>
20000a04:	00079a63          	bnez	a5,20000a18 <_sbrk+0x30>
20000a08:	200047b7          	lui	a5,0x20004
20000a0c:	20004737          	lui	a4,0x20004
20000a10:	19470713          	addi	a4,a4,404 # 20004194 <__bss_end__>
20000a14:	04e7a423          	sw	a4,72(a5) # 20004048 <heap_end>
20000a18:	200047b7          	lui	a5,0x20004
20000a1c:	0487a783          	lw	a5,72(a5) # 20004048 <heap_end>
20000a20:	fef42623          	sw	a5,-20(s0)
20000a24:	200047b7          	lui	a5,0x20004
20000a28:	0487a703          	lw	a4,72(a5) # 20004048 <heap_end>
20000a2c:	fdc42783          	lw	a5,-36(s0)
20000a30:	00f70733          	add	a4,a4,a5
20000a34:	200057b7          	lui	a5,0x20005
20000a38:	99478793          	addi	a5,a5,-1644 # 20004994 <__heap_top>
20000a3c:	00e7fe63          	bgeu	a5,a4,20000a58 <_sbrk+0x70>
20000a40:	2fc010ef          	jal	20001d3c <__errno>
20000a44:	00050713          	mv	a4,a0
20000a48:	00c00793          	li	a5,12
20000a4c:	00f72023          	sw	a5,0(a4)
20000a50:	fff00793          	li	a5,-1
20000a54:	0200006f          	j	20000a74 <_sbrk+0x8c>
20000a58:	200047b7          	lui	a5,0x20004
20000a5c:	0487a703          	lw	a4,72(a5) # 20004048 <heap_end>
20000a60:	fdc42783          	lw	a5,-36(s0)
20000a64:	00f70733          	add	a4,a4,a5
20000a68:	200047b7          	lui	a5,0x20004
20000a6c:	04e7a423          	sw	a4,72(a5) # 20004048 <heap_end>
20000a70:	fec42783          	lw	a5,-20(s0)
20000a74:	00078513          	mv	a0,a5
20000a78:	02c12083          	lw	ra,44(sp)
20000a7c:	02812403          	lw	s0,40(sp)
20000a80:	03010113          	addi	sp,sp,48
20000a84:	00008067          	ret

20000a88 <_crt_init>:
20000a88:	fe010113          	addi	sp,sp,-32
20000a8c:	00112e23          	sw	ra,28(sp)
20000a90:	00812c23          	sw	s0,24(sp)
20000a94:	02010413          	addi	s0,sp,32
20000a98:	00000013          	nop
20000a9c:	98dff0ef          	jal	20000428 <_pll_init_144>
20000aa0:	00050793          	mv	a5,a0
20000aa4:	fe079ce3          	bnez	a5,20000a9c <_crt_init+0x14>
20000aa8:	400217b7          	lui	a5,0x40021
20000aac:	0187a683          	lw	a3,24(a5) # 40021018 <__stack_top+0x2001c284>
20000ab0:	400217b7          	lui	a5,0x40021
20000ab4:	00004737          	lui	a4,0x4
20000ab8:	00e6e733          	or	a4,a3,a4
20000abc:	00e7ac23          	sw	a4,24(a5) # 40021018 <__stack_top+0x2001c284>
20000ac0:	400217b7          	lui	a5,0x40021
20000ac4:	0187a703          	lw	a4,24(a5) # 40021018 <__stack_top+0x2001c284>
20000ac8:	400217b7          	lui	a5,0x40021
20000acc:	00476713          	ori	a4,a4,4
20000ad0:	00e7ac23          	sw	a4,24(a5) # 40021018 <__stack_top+0x2001c284>
20000ad4:	400217b7          	lui	a5,0x40021
20000ad8:	0187a703          	lw	a4,24(a5) # 40021018 <__stack_top+0x2001c284>
20000adc:	400217b7          	lui	a5,0x40021
20000ae0:	00176713          	ori	a4,a4,1
20000ae4:	00e7ac23          	sw	a4,24(a5) # 40021018 <__stack_top+0x2001c284>
20000ae8:	400217b7          	lui	a5,0x40021
20000aec:	0187a703          	lw	a4,24(a5) # 40021018 <__stack_top+0x2001c284>
20000af0:	400217b7          	lui	a5,0x40021
20000af4:	02076713          	ori	a4,a4,32
20000af8:	00e7ac23          	sw	a4,24(a5) # 40021018 <__stack_top+0x2001c284>
20000afc:	400217b7          	lui	a5,0x40021
20000b00:	0187a703          	lw	a4,24(a5) # 40021018 <__stack_top+0x2001c284>
20000b04:	400217b7          	lui	a5,0x40021
20000b08:	04076713          	ori	a4,a4,64
20000b0c:	00e7ac23          	sw	a4,24(a5) # 40021018 <__stack_top+0x2001c284>
20000b10:	400217b7          	lui	a5,0x40021
20000b14:	00c7a683          	lw	a3,12(a5) # 4002100c <__stack_top+0x2001c278>
20000b18:	400217b7          	lui	a5,0x40021
20000b1c:	00004737          	lui	a4,0x4
20000b20:	06070713          	addi	a4,a4,96 # 4060 <_start-0x1fffbfa0>
20000b24:	00e6e733          	or	a4,a3,a4
20000b28:	00e7a623          	sw	a4,12(a5) # 4002100c <__stack_top+0x2001c278>
20000b2c:	400217b7          	lui	a5,0x40021
20000b30:	00c7a683          	lw	a3,12(a5) # 4002100c <__stack_top+0x2001c278>
20000b34:	400217b7          	lui	a5,0x40021
20000b38:	ffffc737          	lui	a4,0xffffc
20000b3c:	f9f70713          	addi	a4,a4,-97 # ffffbf9f <__stack_top+0xdfff720b>
20000b40:	00e6f733          	and	a4,a3,a4
20000b44:	00e7a623          	sw	a4,12(a5) # 4002100c <__stack_top+0x2001c278>
20000b48:	400117b7          	lui	a5,0x40011
20000b4c:	80478793          	addi	a5,a5,-2044 # 40010804 <__stack_top+0x2000ba70>
20000b50:	0007a703          	lw	a4,0(a5)
20000b54:	400117b7          	lui	a5,0x40011
20000b58:	80478793          	addi	a5,a5,-2044 # 40010804 <__stack_top+0x2000ba70>
20000b5c:	0b076713          	ori	a4,a4,176
20000b60:	00e7a023          	sw	a4,0(a5)
20000b64:	400117b7          	lui	a5,0x40011
20000b68:	80478793          	addi	a5,a5,-2044 # 40010804 <__stack_top+0x2000ba70>
20000b6c:	0007a703          	lw	a4,0(a5)
20000b70:	400117b7          	lui	a5,0x40011
20000b74:	80478793          	addi	a5,a5,-2044 # 40010804 <__stack_top+0x2000ba70>
20000b78:	40076713          	ori	a4,a4,1024
20000b7c:	00e7a023          	sw	a4,0(a5)
20000b80:	400147b7          	lui	a5,0x40014
20000b84:	80078793          	addi	a5,a5,-2048 # 40013800 <__stack_top+0x2000ea6c>
20000b88:	4e200713          	li	a4,1250
20000b8c:	00e79423          	sh	a4,8(a5)
20000b90:	400147b7          	lui	a5,0x40014
20000b94:	80078793          	addi	a5,a5,-2048 # 40013800 <__stack_top+0x2000ea6c>
20000b98:	00002737          	lui	a4,0x2
20000b9c:	00c70713          	addi	a4,a4,12 # 200c <_start-0x1fffdff4>
20000ba0:	00e79623          	sh	a4,12(a5)
20000ba4:	400217b7          	lui	a5,0x40021
20000ba8:	01c7a703          	lw	a4,28(a5) # 4002101c <__stack_top+0x2001c288>
20000bac:	400217b7          	lui	a5,0x40021
20000bb0:	01076713          	ori	a4,a4,16
20000bb4:	00e7ae23          	sw	a4,28(a5) # 4002101c <__stack_top+0x2001c288>
20000bb8:	400217b7          	lui	a5,0x40021
20000bbc:	0107a703          	lw	a4,16(a5) # 40021010 <__stack_top+0x2001c27c>
20000bc0:	400217b7          	lui	a5,0x40021
20000bc4:	01076713          	ori	a4,a4,16
20000bc8:	00e7a823          	sw	a4,16(a5) # 40021010 <__stack_top+0x2001c27c>
20000bcc:	400217b7          	lui	a5,0x40021
20000bd0:	0107a703          	lw	a4,16(a5) # 40021010 <__stack_top+0x2001c27c>
20000bd4:	400217b7          	lui	a5,0x40021
20000bd8:	fef77713          	andi	a4,a4,-17
20000bdc:	00e7a823          	sw	a4,16(a5) # 40021010 <__stack_top+0x2001c27c>
20000be0:	400217b7          	lui	a5,0x40021
20000be4:	01c7a703          	lw	a4,28(a5) # 4002101c <__stack_top+0x2001c288>
20000be8:	400217b7          	lui	a5,0x40021
20000bec:	02076713          	ori	a4,a4,32
20000bf0:	00e7ae23          	sw	a4,28(a5) # 4002101c <__stack_top+0x2001c288>
20000bf4:	400217b7          	lui	a5,0x40021
20000bf8:	0107a703          	lw	a4,16(a5) # 40021010 <__stack_top+0x2001c27c>
20000bfc:	400217b7          	lui	a5,0x40021
20000c00:	02076713          	ori	a4,a4,32
20000c04:	00e7a823          	sw	a4,16(a5) # 40021010 <__stack_top+0x2001c27c>
20000c08:	400217b7          	lui	a5,0x40021
20000c0c:	0107a703          	lw	a4,16(a5) # 40021010 <__stack_top+0x2001c27c>
20000c10:	400217b7          	lui	a5,0x40021
20000c14:	fdf77713          	andi	a4,a4,-33
20000c18:	00e7a823          	sw	a4,16(a5) # 40021010 <__stack_top+0x2001c27c>
20000c1c:	200047b7          	lui	a5,0x20004
20000c20:	0407a423          	sw	zero,72(a5) # 20004048 <heap_end>
20000c24:	200047b7          	lui	a5,0x20004
20000c28:	04078793          	addi	a5,a5,64 # 20004040 <current_time>
20000c2c:	fef42623          	sw	a5,-20(s0)
20000c30:	200047b7          	lui	a5,0x20004
20000c34:	19478793          	addi	a5,a5,404 # 20004194 <__bss_end__>
20000c38:	fef42423          	sw	a5,-24(s0)
20000c3c:	0140006f          	j	20000c50 <_crt_init+0x1c8>
20000c40:	fec42783          	lw	a5,-20(s0)
20000c44:	00178713          	addi	a4,a5,1
20000c48:	fee42623          	sw	a4,-20(s0)
20000c4c:	00078023          	sb	zero,0(a5)
20000c50:	fec42703          	lw	a4,-20(s0)
20000c54:	fe842783          	lw	a5,-24(s0)
20000c58:	fef764e3          	bltu	a4,a5,20000c40 <_crt_init+0x1b8>
20000c5c:	200047b7          	lui	a5,0x20004
20000c60:	0387a783          	lw	a5,56(a5) # 20004038 <_impure_ptr>
20000c64:	0047a783          	lw	a5,4(a5)
20000c68:	00000693          	li	a3,0
20000c6c:	00200613          	li	a2,2
20000c70:	00000593          	li	a1,0
20000c74:	00078513          	mv	a0,a5
20000c78:	4a5000ef          	jal	2000191c <setvbuf>
20000c7c:	200047b7          	lui	a5,0x20004
20000c80:	0387a783          	lw	a5,56(a5) # 20004038 <_impure_ptr>
20000c84:	0087a783          	lw	a5,8(a5)
20000c88:	00000693          	li	a3,0
20000c8c:	00200613          	li	a2,2
20000c90:	00000593          	li	a1,0
20000c94:	00078513          	mv	a0,a5
20000c98:	485000ef          	jal	2000191c <setvbuf>
20000c9c:	200047b7          	lui	a5,0x20004
20000ca0:	0387a783          	lw	a5,56(a5) # 20004038 <_impure_ptr>
20000ca4:	00c7a783          	lw	a5,12(a5)
20000ca8:	00000693          	li	a3,0
20000cac:	00200613          	li	a2,2
20000cb0:	00000593          	li	a1,0
20000cb4:	00078513          	mv	a0,a5
20000cb8:	465000ef          	jal	2000191c <setvbuf>
20000cbc:	00000013          	nop
20000cc0:	01c12083          	lw	ra,28(sp)
20000cc4:	01812403          	lw	s0,24(sp)
20000cc8:	02010113          	addi	sp,sp,32
20000ccc:	00008067          	ret

20000cd0 <_crt_deinit>:
20000cd0:	ff010113          	addi	sp,sp,-16
20000cd4:	00112623          	sw	ra,12(sp)
20000cd8:	00812423          	sw	s0,8(sp)
20000cdc:	01010413          	addi	s0,sp,16
20000ce0:	00000013          	nop
20000ce4:	00c12083          	lw	ra,12(sp)
20000ce8:	00812403          	lw	s0,8(sp)
20000cec:	01010113          	addi	sp,sp,16
20000cf0:	00008067          	ret

20000cf4 <_exit>:
20000cf4:	fe010113          	addi	sp,sp,-32
20000cf8:	00112e23          	sw	ra,28(sp)
20000cfc:	00812c23          	sw	s0,24(sp)
20000d00:	02010413          	addi	s0,sp,32
20000d04:	fea42623          	sw	a0,-20(s0)
20000d08:	fec42783          	lw	a5,-20(s0)
20000d0c:	00078a63          	beqz	a5,20000d20 <_exit+0x2c>
20000d10:	fec42583          	lw	a1,-20(s0)
20000d14:	200047b7          	lui	a5,0x20004
20000d18:	df078513          	addi	a0,a5,-528 # 20003df0 <_malloc_usable_size_r+0x18c>
20000d1c:	299000ef          	jal	200017b4 <iprintf>
20000d20:	fb1ff0ef          	jal	20000cd0 <_crt_deinit>
20000d24:	00000013          	nop
20000d28:	01c12083          	lw	ra,28(sp)
20000d2c:	01812403          	lw	s0,24(sp)
20000d30:	02010113          	addi	sp,sp,32
20000d34:	00008067          	ret

20000d38 <_close>:
20000d38:	fe010113          	addi	sp,sp,-32
20000d3c:	00112e23          	sw	ra,28(sp)
20000d40:	00812c23          	sw	s0,24(sp)
20000d44:	02010413          	addi	s0,sp,32
20000d48:	fea42623          	sw	a0,-20(s0)
20000d4c:	fff00793          	li	a5,-1
20000d50:	00078513          	mv	a0,a5
20000d54:	01c12083          	lw	ra,28(sp)
20000d58:	01812403          	lw	s0,24(sp)
20000d5c:	02010113          	addi	sp,sp,32
20000d60:	00008067          	ret

20000d64 <_open>:
20000d64:	fe010113          	addi	sp,sp,-32
20000d68:	00112e23          	sw	ra,28(sp)
20000d6c:	00812c23          	sw	s0,24(sp)
20000d70:	02010413          	addi	s0,sp,32
20000d74:	fea42623          	sw	a0,-20(s0)
20000d78:	feb42423          	sw	a1,-24(s0)
20000d7c:	fec42223          	sw	a2,-28(s0)
20000d80:	fff00793          	li	a5,-1
20000d84:	00078513          	mv	a0,a5
20000d88:	01c12083          	lw	ra,28(sp)
20000d8c:	01812403          	lw	s0,24(sp)
20000d90:	02010113          	addi	sp,sp,32
20000d94:	00008067          	ret

20000d98 <_fstat>:
20000d98:	fe010113          	addi	sp,sp,-32
20000d9c:	00112e23          	sw	ra,28(sp)
20000da0:	00812c23          	sw	s0,24(sp)
20000da4:	02010413          	addi	s0,sp,32
20000da8:	fea42623          	sw	a0,-20(s0)
20000dac:	feb42423          	sw	a1,-24(s0)
20000db0:	fe842783          	lw	a5,-24(s0)
20000db4:	00002737          	lui	a4,0x2
20000db8:	00e7a223          	sw	a4,4(a5)
20000dbc:	00000793          	li	a5,0
20000dc0:	00078513          	mv	a0,a5
20000dc4:	01c12083          	lw	ra,28(sp)
20000dc8:	01812403          	lw	s0,24(sp)
20000dcc:	02010113          	addi	sp,sp,32
20000dd0:	00008067          	ret

20000dd4 <_lseek>:
20000dd4:	fe010113          	addi	sp,sp,-32
20000dd8:	00112e23          	sw	ra,28(sp)
20000ddc:	00812c23          	sw	s0,24(sp)
20000de0:	02010413          	addi	s0,sp,32
20000de4:	fea42623          	sw	a0,-20(s0)
20000de8:	feb42423          	sw	a1,-24(s0)
20000dec:	fec42223          	sw	a2,-28(s0)
20000df0:	00000793          	li	a5,0
20000df4:	00078513          	mv	a0,a5
20000df8:	01c12083          	lw	ra,28(sp)
20000dfc:	01812403          	lw	s0,24(sp)
20000e00:	02010113          	addi	sp,sp,32
20000e04:	00008067          	ret

20000e08 <_isatty>:
20000e08:	fe010113          	addi	sp,sp,-32
20000e0c:	00112e23          	sw	ra,28(sp)
20000e10:	00812c23          	sw	s0,24(sp)
20000e14:	02010413          	addi	s0,sp,32
20000e18:	fea42623          	sw	a0,-20(s0)
20000e1c:	00000793          	li	a5,0
20000e20:	00078513          	mv	a0,a5
20000e24:	01c12083          	lw	ra,28(sp)
20000e28:	01812403          	lw	s0,24(sp)
20000e2c:	02010113          	addi	sp,sp,32
20000e30:	00008067          	ret

20000e34 <_write>:
20000e34:	fd010113          	addi	sp,sp,-48
20000e38:	02112623          	sw	ra,44(sp)
20000e3c:	02812423          	sw	s0,40(sp)
20000e40:	03010413          	addi	s0,sp,48
20000e44:	fca42e23          	sw	a0,-36(s0)
20000e48:	fcb42c23          	sw	a1,-40(s0)
20000e4c:	fcc42a23          	sw	a2,-44(s0)
20000e50:	fd442783          	lw	a5,-44(s0)
20000e54:	fef42623          	sw	a5,-20(s0)
20000e58:	01c0006f          	j	20000e74 <_write+0x40>
20000e5c:	fd842783          	lw	a5,-40(s0)
20000e60:	00178713          	addi	a4,a5,1
20000e64:	fce42c23          	sw	a4,-40(s0)
20000e68:	0007c783          	lbu	a5,0(a5)
20000e6c:	00078513          	mv	a0,a5
20000e70:	b11ff0ef          	jal	20000980 <_outchar>
20000e74:	fd442783          	lw	a5,-44(s0)
20000e78:	fff78713          	addi	a4,a5,-1
20000e7c:	fce42a23          	sw	a4,-44(s0)
20000e80:	fc079ee3          	bnez	a5,20000e5c <_write+0x28>
20000e84:	fec42783          	lw	a5,-20(s0)
20000e88:	00078513          	mv	a0,a5
20000e8c:	02c12083          	lw	ra,44(sp)
20000e90:	02812403          	lw	s0,40(sp)
20000e94:	03010113          	addi	sp,sp,48
20000e98:	00008067          	ret

20000e9c <_read>:
20000e9c:	fd010113          	addi	sp,sp,-48
20000ea0:	02112623          	sw	ra,44(sp)
20000ea4:	02812423          	sw	s0,40(sp)
20000ea8:	03010413          	addi	s0,sp,48
20000eac:	fca42e23          	sw	a0,-36(s0)
20000eb0:	fcb42c23          	sw	a1,-40(s0)
20000eb4:	fcc42a23          	sw	a2,-44(s0)
20000eb8:	fe042623          	sw	zero,-20(s0)
20000ebc:	a65ff0ef          	jal	20000920 <_tstchar>
20000ec0:	00050793          	mv	a5,a0
20000ec4:	fef405a3          	sb	a5,-21(s0)
20000ec8:	feb44783          	lbu	a5,-21(s0)
20000ecc:	02078263          	beqz	a5,20000ef0 <_read+0x54>
20000ed0:	fd842783          	lw	a5,-40(s0)
20000ed4:	00178713          	addi	a4,a5,1
20000ed8:	fce42c23          	sw	a4,-40(s0)
20000edc:	feb44703          	lbu	a4,-21(s0)
20000ee0:	00e78023          	sb	a4,0(a5)
20000ee4:	fec42783          	lw	a5,-20(s0)
20000ee8:	00178793          	addi	a5,a5,1
20000eec:	fef42623          	sw	a5,-20(s0)
20000ef0:	fd442703          	lw	a4,-44(s0)
20000ef4:	fec42783          	lw	a5,-20(s0)
20000ef8:	fcf712e3          	bne	a4,a5,20000ebc <_read+0x20>
20000efc:	fec42783          	lw	a5,-20(s0)
20000f00:	00078513          	mv	a0,a5
20000f04:	02c12083          	lw	ra,44(sp)
20000f08:	02812403          	lw	s0,40(sp)
20000f0c:	03010113          	addi	sp,sp,48
20000f10:	00008067          	ret

20000f14 <_getpid>:
20000f14:	ff010113          	addi	sp,sp,-16
20000f18:	00112623          	sw	ra,12(sp)
20000f1c:	00812423          	sw	s0,8(sp)
20000f20:	01010413          	addi	s0,sp,16
20000f24:	00000793          	li	a5,0
20000f28:	00078513          	mv	a0,a5
20000f2c:	00c12083          	lw	ra,12(sp)
20000f30:	00812403          	lw	s0,8(sp)
20000f34:	01010113          	addi	sp,sp,16
20000f38:	00008067          	ret

20000f3c <_kill>:
20000f3c:	fe010113          	addi	sp,sp,-32
20000f40:	00112e23          	sw	ra,28(sp)
20000f44:	00812c23          	sw	s0,24(sp)
20000f48:	02010413          	addi	s0,sp,32
20000f4c:	fea42623          	sw	a0,-20(s0)
20000f50:	feb42423          	sw	a1,-24(s0)
20000f54:	00000793          	li	a5,0
20000f58:	00078513          	mv	a0,a5
20000f5c:	01c12083          	lw	ra,28(sp)
20000f60:	01812403          	lw	s0,24(sp)
20000f64:	02010113          	addi	sp,sp,32
20000f68:	00008067          	ret

20000f6c <__udivdi3>:
20000f6c:	00060713          	mv	a4,a2
20000f70:	00068893          	mv	a7,a3
20000f74:	00050813          	mv	a6,a0
20000f78:	00058313          	mv	t1,a1
20000f7c:	24069463          	bnez	a3,200011c4 <__udivdi3+0x258>
20000f80:	200047b7          	lui	a5,0x20004
20000f84:	e1078793          	addi	a5,a5,-496 # 20003e10 <__clz_tab>
20000f88:	0ec5f463          	bgeu	a1,a2,20001070 <__udivdi3+0x104>
20000f8c:	000106b7          	lui	a3,0x10
20000f90:	0cd67063          	bgeu	a2,a3,20001050 <__udivdi3+0xe4>
20000f94:	10063693          	sltiu	a3,a2,256
20000f98:	0016b693          	seqz	a3,a3
20000f9c:	00369693          	slli	a3,a3,0x3
20000fa0:	00d65e33          	srl	t3,a2,a3
20000fa4:	01c787b3          	add	a5,a5,t3
20000fa8:	0007c783          	lbu	a5,0(a5)
20000fac:	00d787b3          	add	a5,a5,a3
20000fb0:	02000693          	li	a3,32
20000fb4:	00d78e63          	beq	a5,a3,20000fd0 <__udivdi3+0x64>
20000fb8:	40f686b3          	sub	a3,a3,a5
20000fbc:	00d59333          	sll	t1,a1,a3
20000fc0:	00f557b3          	srl	a5,a0,a5
20000fc4:	00d61733          	sll	a4,a2,a3
20000fc8:	0067e333          	or	t1,a5,t1
20000fcc:	00d51833          	sll	a6,a0,a3
20000fd0:	01075513          	srli	a0,a4,0x10
20000fd4:	02a357b3          	divu	a5,t1,a0
20000fd8:	01071593          	slli	a1,a4,0x10
20000fdc:	0105d593          	srli	a1,a1,0x10
20000fe0:	01085693          	srli	a3,a6,0x10
20000fe4:	02a37333          	remu	t1,t1,a0
20000fe8:	02f58633          	mul	a2,a1,a5
20000fec:	01031313          	slli	t1,t1,0x10
20000ff0:	0066e6b3          	or	a3,a3,t1
20000ff4:	00c6fa63          	bgeu	a3,a2,20001008 <__udivdi3+0x9c>
20000ff8:	00d706b3          	add	a3,a4,a3
20000ffc:	00c6f463          	bgeu	a3,a2,20001004 <__udivdi3+0x98>
20001000:	06e6f263          	bgeu	a3,a4,20001064 <__udivdi3+0xf8>
20001004:	fff78793          	addi	a5,a5,-1
20001008:	40c686b3          	sub	a3,a3,a2
2000100c:	02a6d633          	divu	a2,a3,a0
20001010:	01081813          	slli	a6,a6,0x10
20001014:	01085813          	srli	a6,a6,0x10
20001018:	02a6f6b3          	remu	a3,a3,a0
2000101c:	02c585b3          	mul	a1,a1,a2
20001020:	01069693          	slli	a3,a3,0x10
20001024:	00d86833          	or	a6,a6,a3
20001028:	00b87a63          	bgeu	a6,a1,2000103c <__udivdi3+0xd0>
2000102c:	01070833          	add	a6,a4,a6
20001030:	00b87463          	bgeu	a6,a1,20001038 <__udivdi3+0xcc>
20001034:	18e87463          	bgeu	a6,a4,200011bc <__udivdi3+0x250>
20001038:	fff60613          	addi	a2,a2,-1
2000103c:	01079793          	slli	a5,a5,0x10
20001040:	00c7e7b3          	or	a5,a5,a2
20001044:	00078513          	mv	a0,a5
20001048:	00088593          	mv	a1,a7
2000104c:	00008067          	ret
20001050:	01000e37          	lui	t3,0x1000
20001054:	01800693          	li	a3,24
20001058:	f5c674e3          	bgeu	a2,t3,20000fa0 <__udivdi3+0x34>
2000105c:	01000693          	li	a3,16
20001060:	f41ff06f          	j	20000fa0 <__udivdi3+0x34>
20001064:	ffe78793          	addi	a5,a5,-2
20001068:	00e686b3          	add	a3,a3,a4
2000106c:	f9dff06f          	j	20001008 <__udivdi3+0x9c>
20001070:	00000693          	li	a3,0
20001074:	00060c63          	beqz	a2,2000108c <__udivdi3+0x120>
20001078:	000106b7          	lui	a3,0x10
2000107c:	06d67863          	bgeu	a2,a3,200010ec <__udivdi3+0x180>
20001080:	10063693          	sltiu	a3,a2,256
20001084:	0016b693          	seqz	a3,a3
20001088:	00369693          	slli	a3,a3,0x3
2000108c:	00d658b3          	srl	a7,a2,a3
20001090:	011787b3          	add	a5,a5,a7
20001094:	0007c783          	lbu	a5,0(a5)
20001098:	00d787b3          	add	a5,a5,a3
2000109c:	02000693          	li	a3,32
200010a0:	06d79063          	bne	a5,a3,20001100 <__udivdi3+0x194>
200010a4:	40c58633          	sub	a2,a1,a2
200010a8:	00100893          	li	a7,1
200010ac:	01075513          	srli	a0,a4,0x10
200010b0:	02a657b3          	divu	a5,a2,a0
200010b4:	01071593          	slli	a1,a4,0x10
200010b8:	0105d593          	srli	a1,a1,0x10
200010bc:	01085693          	srli	a3,a6,0x10
200010c0:	02a67633          	remu	a2,a2,a0
200010c4:	02f58333          	mul	t1,a1,a5
200010c8:	01061613          	slli	a2,a2,0x10
200010cc:	00c6e6b3          	or	a3,a3,a2
200010d0:	0066fa63          	bgeu	a3,t1,200010e4 <__udivdi3+0x178>
200010d4:	00d706b3          	add	a3,a4,a3
200010d8:	0066f463          	bgeu	a3,t1,200010e0 <__udivdi3+0x174>
200010dc:	0ce6fa63          	bgeu	a3,a4,200011b0 <__udivdi3+0x244>
200010e0:	fff78793          	addi	a5,a5,-1
200010e4:	406686b3          	sub	a3,a3,t1
200010e8:	f25ff06f          	j	2000100c <__udivdi3+0xa0>
200010ec:	010008b7          	lui	a7,0x1000
200010f0:	01800693          	li	a3,24
200010f4:	f9167ce3          	bgeu	a2,a7,2000108c <__udivdi3+0x120>
200010f8:	01000693          	li	a3,16
200010fc:	f91ff06f          	j	2000108c <__udivdi3+0x120>
20001100:	40f68833          	sub	a6,a3,a5
20001104:	01061733          	sll	a4,a2,a6
20001108:	00f5d6b3          	srl	a3,a1,a5
2000110c:	010595b3          	sll	a1,a1,a6
20001110:	00f557b3          	srl	a5,a0,a5
20001114:	01051833          	sll	a6,a0,a6
20001118:	01075513          	srli	a0,a4,0x10
2000111c:	02a6d8b3          	divu	a7,a3,a0
20001120:	01071613          	slli	a2,a4,0x10
20001124:	01065613          	srli	a2,a2,0x10
20001128:	00b7e7b3          	or	a5,a5,a1
2000112c:	02a6f6b3          	remu	a3,a3,a0
20001130:	03160333          	mul	t1,a2,a7
20001134:	01069593          	slli	a1,a3,0x10
20001138:	0107d693          	srli	a3,a5,0x10
2000113c:	00b6e6b3          	or	a3,a3,a1
20001140:	0066fa63          	bgeu	a3,t1,20001154 <__udivdi3+0x1e8>
20001144:	00d706b3          	add	a3,a4,a3
20001148:	0066f463          	bgeu	a3,t1,20001150 <__udivdi3+0x1e4>
2000114c:	04e6f663          	bgeu	a3,a4,20001198 <__udivdi3+0x22c>
20001150:	fff88893          	addi	a7,a7,-1 # ffffff <_start-0x1f000001>
20001154:	406686b3          	sub	a3,a3,t1
20001158:	02a6d5b3          	divu	a1,a3,a0
2000115c:	01079793          	slli	a5,a5,0x10
20001160:	0107d793          	srli	a5,a5,0x10
20001164:	02a6f6b3          	remu	a3,a3,a0
20001168:	02b60633          	mul	a2,a2,a1
2000116c:	01069693          	slli	a3,a3,0x10
20001170:	00d7e7b3          	or	a5,a5,a3
20001174:	00c7fa63          	bgeu	a5,a2,20001188 <__udivdi3+0x21c>
20001178:	00f707b3          	add	a5,a4,a5
2000117c:	00c7f463          	bgeu	a5,a2,20001184 <__udivdi3+0x218>
20001180:	02e7f263          	bgeu	a5,a4,200011a4 <__udivdi3+0x238>
20001184:	fff58593          	addi	a1,a1,-1
20001188:	01089893          	slli	a7,a7,0x10
2000118c:	40c78633          	sub	a2,a5,a2
20001190:	00b8e8b3          	or	a7,a7,a1
20001194:	f19ff06f          	j	200010ac <__udivdi3+0x140>
20001198:	ffe88893          	addi	a7,a7,-2
2000119c:	00e686b3          	add	a3,a3,a4
200011a0:	fb5ff06f          	j	20001154 <__udivdi3+0x1e8>
200011a4:	ffe58593          	addi	a1,a1,-2
200011a8:	00e787b3          	add	a5,a5,a4
200011ac:	fddff06f          	j	20001188 <__udivdi3+0x21c>
200011b0:	ffe78793          	addi	a5,a5,-2
200011b4:	00e686b3          	add	a3,a3,a4
200011b8:	f2dff06f          	j	200010e4 <__udivdi3+0x178>
200011bc:	ffe60613          	addi	a2,a2,-2
200011c0:	e7dff06f          	j	2000103c <__udivdi3+0xd0>
200011c4:	18d5e463          	bltu	a1,a3,2000134c <__udivdi3+0x3e0>
200011c8:	000107b7          	lui	a5,0x10
200011cc:	04f6f463          	bgeu	a3,a5,20001214 <__udivdi3+0x2a8>
200011d0:	1006b793          	sltiu	a5,a3,256
200011d4:	0017b793          	seqz	a5,a5
200011d8:	00379793          	slli	a5,a5,0x3
200011dc:	20004737          	lui	a4,0x20004
200011e0:	00f6d833          	srl	a6,a3,a5
200011e4:	e1070713          	addi	a4,a4,-496 # 20003e10 <__clz_tab>
200011e8:	01070733          	add	a4,a4,a6
200011ec:	00074703          	lbu	a4,0(a4)
200011f0:	02000813          	li	a6,32
200011f4:	00f70733          	add	a4,a4,a5
200011f8:	03071863          	bne	a4,a6,20001228 <__udivdi3+0x2bc>
200011fc:	00c537b3          	sltu	a5,a0,a2
20001200:	0017b793          	seqz	a5,a5
20001204:	00b6b6b3          	sltu	a3,a3,a1
20001208:	00d7e7b3          	or	a5,a5,a3
2000120c:	00000893          	li	a7,0
20001210:	e35ff06f          	j	20001044 <__udivdi3+0xd8>
20001214:	01000737          	lui	a4,0x1000
20001218:	01800793          	li	a5,24
2000121c:	fce6f0e3          	bgeu	a3,a4,200011dc <__udivdi3+0x270>
20001220:	01000793          	li	a5,16
20001224:	fb9ff06f          	j	200011dc <__udivdi3+0x270>
20001228:	40e80833          	sub	a6,a6,a4
2000122c:	00e658b3          	srl	a7,a2,a4
20001230:	010696b3          	sll	a3,a3,a6
20001234:	00d8e8b3          	or	a7,a7,a3
20001238:	0108de13          	srli	t3,a7,0x10
2000123c:	00e5d6b3          	srl	a3,a1,a4
20001240:	03c6d7b3          	divu	a5,a3,t3
20001244:	01089313          	slli	t1,a7,0x10
20001248:	01035313          	srli	t1,t1,0x10
2000124c:	010595b3          	sll	a1,a1,a6
20001250:	00e55733          	srl	a4,a0,a4
20001254:	00b76733          	or	a4,a4,a1
20001258:	01061633          	sll	a2,a2,a6
2000125c:	03c6f6b3          	remu	a3,a3,t3
20001260:	02f30eb3          	mul	t4,t1,a5
20001264:	01069593          	slli	a1,a3,0x10
20001268:	01075693          	srli	a3,a4,0x10
2000126c:	00b6e6b3          	or	a3,a3,a1
20001270:	01d6fa63          	bgeu	a3,t4,20001284 <__udivdi3+0x318>
20001274:	00d886b3          	add	a3,a7,a3
20001278:	01d6f463          	bgeu	a3,t4,20001280 <__udivdi3+0x314>
2000127c:	0b16fc63          	bgeu	a3,a7,20001334 <__udivdi3+0x3c8>
20001280:	fff78793          	addi	a5,a5,-1 # ffff <_start-0x1fff0001>
20001284:	41d686b3          	sub	a3,a3,t4
20001288:	03c6d5b3          	divu	a1,a3,t3
2000128c:	01071713          	slli	a4,a4,0x10
20001290:	01075713          	srli	a4,a4,0x10
20001294:	03c6f6b3          	remu	a3,a3,t3
20001298:	02b30333          	mul	t1,t1,a1
2000129c:	01069693          	slli	a3,a3,0x10
200012a0:	00d76733          	or	a4,a4,a3
200012a4:	00677a63          	bgeu	a4,t1,200012b8 <__udivdi3+0x34c>
200012a8:	00e88733          	add	a4,a7,a4
200012ac:	00677463          	bgeu	a4,t1,200012b4 <__udivdi3+0x348>
200012b0:	09177863          	bgeu	a4,a7,20001340 <__udivdi3+0x3d4>
200012b4:	fff58593          	addi	a1,a1,-1
200012b8:	01079793          	slli	a5,a5,0x10
200012bc:	00b7e7b3          	or	a5,a5,a1
200012c0:	40670733          	sub	a4,a4,t1
200012c4:	01059593          	slli	a1,a1,0x10
200012c8:	01061313          	slli	t1,a2,0x10
200012cc:	0105d593          	srli	a1,a1,0x10
200012d0:	0107d893          	srli	a7,a5,0x10
200012d4:	01035313          	srli	t1,t1,0x10
200012d8:	01065613          	srli	a2,a2,0x10
200012dc:	02658e33          	mul	t3,a1,t1
200012e0:	02688333          	mul	t1,a7,t1
200012e4:	010e5693          	srli	a3,t3,0x10
200012e8:	02c585b3          	mul	a1,a1,a2
200012ec:	006585b3          	add	a1,a1,t1
200012f0:	00b686b3          	add	a3,a3,a1
200012f4:	02c888b3          	mul	a7,a7,a2
200012f8:	0066f663          	bgeu	a3,t1,20001304 <__udivdi3+0x398>
200012fc:	00010637          	lui	a2,0x10
20001300:	00c888b3          	add	a7,a7,a2
20001304:	0106d613          	srli	a2,a3,0x10
20001308:	01160633          	add	a2,a2,a7
2000130c:	02c76063          	bltu	a4,a2,2000132c <__udivdi3+0x3c0>
20001310:	010e1e13          	slli	t3,t3,0x10
20001314:	01069693          	slli	a3,a3,0x10
20001318:	010e5e13          	srli	t3,t3,0x10
2000131c:	01051533          	sll	a0,a0,a6
20001320:	01c686b3          	add	a3,a3,t3
20001324:	eed574e3          	bgeu	a0,a3,2000120c <__udivdi3+0x2a0>
20001328:	eec712e3          	bne	a4,a2,2000120c <__udivdi3+0x2a0>
2000132c:	fff78793          	addi	a5,a5,-1
20001330:	eddff06f          	j	2000120c <__udivdi3+0x2a0>
20001334:	ffe78793          	addi	a5,a5,-2
20001338:	011686b3          	add	a3,a3,a7
2000133c:	f49ff06f          	j	20001284 <__udivdi3+0x318>
20001340:	ffe58593          	addi	a1,a1,-2
20001344:	01170733          	add	a4,a4,a7
20001348:	f71ff06f          	j	200012b8 <__udivdi3+0x34c>
2000134c:	00000893          	li	a7,0
20001350:	00000793          	li	a5,0
20001354:	cf1ff06f          	j	20001044 <__udivdi3+0xd8>

20001358 <__umoddi3>:
20001358:	00060813          	mv	a6,a2
2000135c:	00050793          	mv	a5,a0
20001360:	00058713          	mv	a4,a1
20001364:	24069463          	bnez	a3,200015ac <__umoddi3+0x254>
20001368:	200046b7          	lui	a3,0x20004
2000136c:	e1068693          	addi	a3,a3,-496 # 20003e10 <__clz_tab>
20001370:	0ec5f863          	bgeu	a1,a2,20001460 <__umoddi3+0x108>
20001374:	000108b7          	lui	a7,0x10
20001378:	0d167a63          	bgeu	a2,a7,2000144c <__umoddi3+0xf4>
2000137c:	10063893          	sltiu	a7,a2,256
20001380:	0018b893          	seqz	a7,a7
20001384:	00389893          	slli	a7,a7,0x3
20001388:	01165333          	srl	t1,a2,a7
2000138c:	006686b3          	add	a3,a3,t1
20001390:	0006c683          	lbu	a3,0(a3)
20001394:	02000313          	li	t1,32
20001398:	011686b3          	add	a3,a3,a7
2000139c:	40d308b3          	sub	a7,t1,a3
200013a0:	00668c63          	beq	a3,t1,200013b8 <__umoddi3+0x60>
200013a4:	01159733          	sll	a4,a1,a7
200013a8:	00d556b3          	srl	a3,a0,a3
200013ac:	01161833          	sll	a6,a2,a7
200013b0:	00e6e733          	or	a4,a3,a4
200013b4:	011517b3          	sll	a5,a0,a7
200013b8:	01085513          	srli	a0,a6,0x10
200013bc:	02a756b3          	divu	a3,a4,a0
200013c0:	01081313          	slli	t1,a6,0x10
200013c4:	01035313          	srli	t1,t1,0x10
200013c8:	02a77733          	remu	a4,a4,a0
200013cc:	026686b3          	mul	a3,a3,t1
200013d0:	01071593          	slli	a1,a4,0x10
200013d4:	0107d713          	srli	a4,a5,0x10
200013d8:	00b76733          	or	a4,a4,a1
200013dc:	02d77063          	bgeu	a4,a3,200013fc <__umoddi3+0xa4>
200013e0:	00e80733          	add	a4,a6,a4
200013e4:	010735b3          	sltu	a1,a4,a6
200013e8:	00d73633          	sltu	a2,a4,a3
200013ec:	0015b593          	seqz	a1,a1
200013f0:	00b67633          	and	a2,a2,a1
200013f4:	03060633          	mul	a2,a2,a6
200013f8:	00e60733          	add	a4,a2,a4
200013fc:	40d70733          	sub	a4,a4,a3
20001400:	02a756b3          	divu	a3,a4,a0
20001404:	02a77733          	remu	a4,a4,a0
20001408:	026686b3          	mul	a3,a3,t1
2000140c:	01079513          	slli	a0,a5,0x10
20001410:	01071713          	slli	a4,a4,0x10
20001414:	01055513          	srli	a0,a0,0x10
20001418:	00e56533          	or	a0,a0,a4
2000141c:	02d57063          	bgeu	a0,a3,2000143c <__umoddi3+0xe4>
20001420:	00a80533          	add	a0,a6,a0
20001424:	01053733          	sltu	a4,a0,a6
20001428:	00d537b3          	sltu	a5,a0,a3
2000142c:	00173713          	seqz	a4,a4
20001430:	00e7f7b3          	and	a5,a5,a4
20001434:	030787b3          	mul	a5,a5,a6
20001438:	00a78533          	add	a0,a5,a0
2000143c:	40d50533          	sub	a0,a0,a3
20001440:	01155533          	srl	a0,a0,a7
20001444:	00000593          	li	a1,0
20001448:	00008067          	ret
2000144c:	01000337          	lui	t1,0x1000
20001450:	01800893          	li	a7,24
20001454:	f2667ae3          	bgeu	a2,t1,20001388 <__umoddi3+0x30>
20001458:	01000893          	li	a7,16
2000145c:	f2dff06f          	j	20001388 <__umoddi3+0x30>
20001460:	00000713          	li	a4,0
20001464:	00060c63          	beqz	a2,2000147c <__umoddi3+0x124>
20001468:	00010737          	lui	a4,0x10
2000146c:	08e67463          	bgeu	a2,a4,200014f4 <__umoddi3+0x19c>
20001470:	10063713          	sltiu	a4,a2,256
20001474:	00173713          	seqz	a4,a4
20001478:	00371713          	slli	a4,a4,0x3
2000147c:	00e658b3          	srl	a7,a2,a4
20001480:	011686b3          	add	a3,a3,a7
20001484:	0006c683          	lbu	a3,0(a3)
20001488:	00e686b3          	add	a3,a3,a4
2000148c:	02000713          	li	a4,32
20001490:	40d708b3          	sub	a7,a4,a3
20001494:	06e69a63          	bne	a3,a4,20001508 <__umoddi3+0x1b0>
20001498:	40c586b3          	sub	a3,a1,a2
2000149c:	01085593          	srli	a1,a6,0x10
200014a0:	02b6d633          	divu	a2,a3,a1
200014a4:	01081313          	slli	t1,a6,0x10
200014a8:	01035313          	srli	t1,t1,0x10
200014ac:	0107d713          	srli	a4,a5,0x10
200014b0:	02b6f6b3          	remu	a3,a3,a1
200014b4:	02660633          	mul	a2,a2,t1
200014b8:	01069693          	slli	a3,a3,0x10
200014bc:	00d76733          	or	a4,a4,a3
200014c0:	02c77063          	bgeu	a4,a2,200014e0 <__umoddi3+0x188>
200014c4:	00e80733          	add	a4,a6,a4
200014c8:	01073533          	sltu	a0,a4,a6
200014cc:	00c736b3          	sltu	a3,a4,a2
200014d0:	00153513          	seqz	a0,a0
200014d4:	00a6f6b3          	and	a3,a3,a0
200014d8:	030686b3          	mul	a3,a3,a6
200014dc:	00e68733          	add	a4,a3,a4
200014e0:	40c70733          	sub	a4,a4,a2
200014e4:	02b756b3          	divu	a3,a4,a1
200014e8:	02b77733          	remu	a4,a4,a1
200014ec:	026686b3          	mul	a3,a3,t1
200014f0:	f1dff06f          	j	2000140c <__umoddi3+0xb4>
200014f4:	010008b7          	lui	a7,0x1000
200014f8:	01800713          	li	a4,24
200014fc:	f91670e3          	bgeu	a2,a7,2000147c <__umoddi3+0x124>
20001500:	01000713          	li	a4,16
20001504:	f79ff06f          	j	2000147c <__umoddi3+0x124>
20001508:	01161833          	sll	a6,a2,a7
2000150c:	00d5d733          	srl	a4,a1,a3
20001510:	011517b3          	sll	a5,a0,a7
20001514:	011595b3          	sll	a1,a1,a7
20001518:	00d556b3          	srl	a3,a0,a3
2000151c:	01085513          	srli	a0,a6,0x10
20001520:	00b6e6b3          	or	a3,a3,a1
20001524:	02a755b3          	divu	a1,a4,a0
20001528:	01081e13          	slli	t3,a6,0x10
2000152c:	010e5e13          	srli	t3,t3,0x10
20001530:	02a77733          	remu	a4,a4,a0
20001534:	03c585b3          	mul	a1,a1,t3
20001538:	01071613          	slli	a2,a4,0x10
2000153c:	0106d713          	srli	a4,a3,0x10
20001540:	00c76733          	or	a4,a4,a2
20001544:	02b77063          	bgeu	a4,a1,20001564 <__umoddi3+0x20c>
20001548:	00e80733          	add	a4,a6,a4
2000154c:	01073333          	sltu	t1,a4,a6
20001550:	00b73633          	sltu	a2,a4,a1
20001554:	00133313          	seqz	t1,t1
20001558:	00667633          	and	a2,a2,t1
2000155c:	03060633          	mul	a2,a2,a6
20001560:	00e60733          	add	a4,a2,a4
20001564:	40b70733          	sub	a4,a4,a1
20001568:	02a75633          	divu	a2,a4,a0
2000156c:	01069693          	slli	a3,a3,0x10
20001570:	0106d693          	srli	a3,a3,0x10
20001574:	02a77733          	remu	a4,a4,a0
20001578:	03c60633          	mul	a2,a2,t3
2000157c:	01071713          	slli	a4,a4,0x10
20001580:	00e6e6b3          	or	a3,a3,a4
20001584:	02c6f063          	bgeu	a3,a2,200015a4 <__umoddi3+0x24c>
20001588:	00d806b3          	add	a3,a6,a3
2000158c:	0106b5b3          	sltu	a1,a3,a6
20001590:	00c6b733          	sltu	a4,a3,a2
20001594:	0015b593          	seqz	a1,a1
20001598:	00b77733          	and	a4,a4,a1
2000159c:	03070733          	mul	a4,a4,a6
200015a0:	00d706b3          	add	a3,a4,a3
200015a4:	40c686b3          	sub	a3,a3,a2
200015a8:	ef5ff06f          	j	2000149c <__umoddi3+0x144>
200015ac:	1ad5e663          	bltu	a1,a3,20001758 <__umoddi3+0x400>
200015b0:	00010837          	lui	a6,0x10
200015b4:	0506fc63          	bgeu	a3,a6,2000160c <__umoddi3+0x2b4>
200015b8:	1006b893          	sltiu	a7,a3,256
200015bc:	0018b893          	seqz	a7,a7
200015c0:	00389893          	slli	a7,a7,0x3
200015c4:	20004837          	lui	a6,0x20004
200015c8:	0116d333          	srl	t1,a3,a7
200015cc:	e1080813          	addi	a6,a6,-496 # 20003e10 <__clz_tab>
200015d0:	00680833          	add	a6,a6,t1
200015d4:	00084803          	lbu	a6,0(a6)
200015d8:	01180833          	add	a6,a6,a7
200015dc:	02000893          	li	a7,32
200015e0:	05181063          	bne	a6,a7,20001620 <__umoddi3+0x2c8>
200015e4:	00c57463          	bgeu	a0,a2,200015ec <__umoddi3+0x294>
200015e8:	00b6fc63          	bgeu	a3,a1,20001600 <__umoddi3+0x2a8>
200015ec:	40c50733          	sub	a4,a0,a2
200015f0:	00070793          	mv	a5,a4
200015f4:	40d586b3          	sub	a3,a1,a3
200015f8:	00e53733          	sltu	a4,a0,a4
200015fc:	40e68733          	sub	a4,a3,a4
20001600:	00078513          	mv	a0,a5
20001604:	00070593          	mv	a1,a4
20001608:	00008067          	ret
2000160c:	01000837          	lui	a6,0x1000
20001610:	01800893          	li	a7,24
20001614:	fb06f8e3          	bgeu	a3,a6,200015c4 <__umoddi3+0x26c>
20001618:	01000893          	li	a7,16
2000161c:	fa9ff06f          	j	200015c4 <__umoddi3+0x26c>
20001620:	410888b3          	sub	a7,a7,a6
20001624:	011696b3          	sll	a3,a3,a7
20001628:	01065333          	srl	t1,a2,a6
2000162c:	00d36333          	or	t1,t1,a3
20001630:	0105d733          	srl	a4,a1,a6
20001634:	01035e93          	srli	t4,t1,0x10
20001638:	03d756b3          	divu	a3,a4,t4
2000163c:	01031e13          	slli	t3,t1,0x10
20001640:	010e5e13          	srli	t3,t3,0x10
20001644:	011597b3          	sll	a5,a1,a7
20001648:	010555b3          	srl	a1,a0,a6
2000164c:	00f5e5b3          	or	a1,a1,a5
20001650:	0105d793          	srli	a5,a1,0x10
20001654:	01161633          	sll	a2,a2,a7
20001658:	01151533          	sll	a0,a0,a7
2000165c:	03d77733          	remu	a4,a4,t4
20001660:	02de0f33          	mul	t5,t3,a3
20001664:	01071713          	slli	a4,a4,0x10
20001668:	00e7e7b3          	or	a5,a5,a4
2000166c:	01e7fa63          	bgeu	a5,t5,20001680 <__umoddi3+0x328>
20001670:	00f307b3          	add	a5,t1,a5
20001674:	01e7f463          	bgeu	a5,t5,2000167c <__umoddi3+0x324>
20001678:	0e67f263          	bgeu	a5,t1,2000175c <__umoddi3+0x404>
2000167c:	fff68693          	addi	a3,a3,-1
20001680:	41e787b3          	sub	a5,a5,t5
20001684:	03d7d733          	divu	a4,a5,t4
20001688:	01059593          	slli	a1,a1,0x10
2000168c:	0105d593          	srli	a1,a1,0x10
20001690:	03d7f7b3          	remu	a5,a5,t4
20001694:	02ee0e33          	mul	t3,t3,a4
20001698:	01079793          	slli	a5,a5,0x10
2000169c:	00f5e5b3          	or	a1,a1,a5
200016a0:	01c5fa63          	bgeu	a1,t3,200016b4 <__umoddi3+0x35c>
200016a4:	00b305b3          	add	a1,t1,a1
200016a8:	01c5f463          	bgeu	a1,t3,200016b0 <__umoddi3+0x358>
200016ac:	0a65fe63          	bgeu	a1,t1,20001768 <__umoddi3+0x410>
200016b0:	fff70713          	addi	a4,a4,-1 # ffff <_start-0x1fff0001>
200016b4:	01069693          	slli	a3,a3,0x10
200016b8:	00e6e6b3          	or	a3,a3,a4
200016bc:	41c585b3          	sub	a1,a1,t3
200016c0:	01071713          	slli	a4,a4,0x10
200016c4:	01061e13          	slli	t3,a2,0x10
200016c8:	01065793          	srli	a5,a2,0x10
200016cc:	01075713          	srli	a4,a4,0x10
200016d0:	0106d693          	srli	a3,a3,0x10
200016d4:	010e5e13          	srli	t3,t3,0x10
200016d8:	03c70eb3          	mul	t4,a4,t3
200016dc:	03c68e33          	mul	t3,a3,t3
200016e0:	02f70733          	mul	a4,a4,a5
200016e4:	02f686b3          	mul	a3,a3,a5
200016e8:	01c707b3          	add	a5,a4,t3
200016ec:	010ed713          	srli	a4,t4,0x10
200016f0:	00f70733          	add	a4,a4,a5
200016f4:	01c77663          	bgeu	a4,t3,20001700 <__umoddi3+0x3a8>
200016f8:	000107b7          	lui	a5,0x10
200016fc:	00f686b3          	add	a3,a3,a5
20001700:	01075793          	srli	a5,a4,0x10
20001704:	010e9e93          	slli	t4,t4,0x10
20001708:	01071713          	slli	a4,a4,0x10
2000170c:	010ede93          	srli	t4,t4,0x10
20001710:	00d787b3          	add	a5,a5,a3
20001714:	01d70733          	add	a4,a4,t4
20001718:	00f5e663          	bltu	a1,a5,20001724 <__umoddi3+0x3cc>
2000171c:	00e57e63          	bgeu	a0,a4,20001738 <__umoddi3+0x3e0>
20001720:	00f59c63          	bne	a1,a5,20001738 <__umoddi3+0x3e0>
20001724:	40c70633          	sub	a2,a4,a2
20001728:	00c736b3          	sltu	a3,a4,a2
2000172c:	006686b3          	add	a3,a3,t1
20001730:	00060713          	mv	a4,a2
20001734:	40d787b3          	sub	a5,a5,a3
20001738:	40e50733          	sub	a4,a0,a4
2000173c:	00e53533          	sltu	a0,a0,a4
20001740:	40f585b3          	sub	a1,a1,a5
20001744:	40a585b3          	sub	a1,a1,a0
20001748:	01059833          	sll	a6,a1,a6
2000174c:	01175733          	srl	a4,a4,a7
20001750:	00e86533          	or	a0,a6,a4
20001754:	0115d5b3          	srl	a1,a1,a7
20001758:	00008067          	ret
2000175c:	ffe68693          	addi	a3,a3,-2
20001760:	006787b3          	add	a5,a5,t1
20001764:	f1dff06f          	j	20001680 <__umoddi3+0x328>
20001768:	ffe70713          	addi	a4,a4,-2
2000176c:	006585b3          	add	a1,a1,t1
20001770:	f45ff06f          	j	200016b4 <__umoddi3+0x35c>

20001774 <_iprintf_r>:
20001774:	fc010113          	addi	sp,sp,-64
20001778:	02c12423          	sw	a2,40(sp)
2000177c:	02d12623          	sw	a3,44(sp)
20001780:	02e12823          	sw	a4,48(sp)
20001784:	02f12a23          	sw	a5,52(sp)
20001788:	03012c23          	sw	a6,56(sp)
2000178c:	03112e23          	sw	a7,60(sp)
20001790:	00058613          	mv	a2,a1
20001794:	00852583          	lw	a1,8(a0)
20001798:	02810693          	addi	a3,sp,40
2000179c:	00112e23          	sw	ra,28(sp)
200017a0:	00d12623          	sw	a3,12(sp)
200017a4:	1fd000ef          	jal	200021a0 <_vfiprintf_r>
200017a8:	01c12083          	lw	ra,28(sp)
200017ac:	04010113          	addi	sp,sp,64
200017b0:	00008067          	ret

200017b4 <iprintf>:
200017b4:	fc010113          	addi	sp,sp,-64
200017b8:	02f12a23          	sw	a5,52(sp)
200017bc:	200047b7          	lui	a5,0x20004
200017c0:	0387a783          	lw	a5,56(a5) # 20004038 <_impure_ptr>
200017c4:	02c12423          	sw	a2,40(sp)
200017c8:	02d12623          	sw	a3,44(sp)
200017cc:	02b12223          	sw	a1,36(sp)
200017d0:	02e12823          	sw	a4,48(sp)
200017d4:	03012c23          	sw	a6,56(sp)
200017d8:	03112e23          	sw	a7,60(sp)
200017dc:	0087a583          	lw	a1,8(a5)
200017e0:	02410693          	addi	a3,sp,36
200017e4:	00050613          	mv	a2,a0
200017e8:	00078513          	mv	a0,a5
200017ec:	00112e23          	sw	ra,28(sp)
200017f0:	00d12623          	sw	a3,12(sp)
200017f4:	1ad000ef          	jal	200021a0 <_vfiprintf_r>
200017f8:	01c12083          	lw	ra,28(sp)
200017fc:	04010113          	addi	sp,sp,64
20001800:	00008067          	ret

20001804 <_puts_r>:
20001804:	02052783          	lw	a5,32(a0)
20001808:	fe010113          	addi	sp,sp,-32
2000180c:	00812c23          	sw	s0,24(sp)
20001810:	00912a23          	sw	s1,20(sp)
20001814:	01212823          	sw	s2,16(sp)
20001818:	00112e23          	sw	ra,28(sp)
2000181c:	01312623          	sw	s3,12(sp)
20001820:	00852403          	lw	s0,8(a0)
20001824:	00050493          	mv	s1,a0
20001828:	00058913          	mv	s2,a1
2000182c:	00079463          	bnez	a5,20001834 <_puts_r+0x30>
20001830:	730010ef          	jal	20002f60 <__sinit>
20001834:	00c45783          	lhu	a5,12(s0)
20001838:	0087f793          	andi	a5,a5,8
2000183c:	00078663          	beqz	a5,20001848 <_puts_r+0x44>
20001840:	01042783          	lw	a5,16(s0)
20001844:	0a079463          	bnez	a5,200018ec <_puts_r+0xe8>
20001848:	00040593          	mv	a1,s0
2000184c:	00048513          	mv	a0,s1
20001850:	3d0000ef          	jal	20001c20 <__swsetup_r>
20001854:	08050c63          	beqz	a0,200018ec <_puts_r+0xe8>
20001858:	fff00513          	li	a0,-1
2000185c:	01c12083          	lw	ra,28(sp)
20001860:	01812403          	lw	s0,24(sp)
20001864:	01412483          	lw	s1,20(sp)
20001868:	01012903          	lw	s2,16(sp)
2000186c:	00c12983          	lw	s3,12(sp)
20001870:	02010113          	addi	sp,sp,32
20001874:	00008067          	ret
20001878:	0007da63          	bgez	a5,2000188c <_puts_r+0x88>
2000187c:	01842703          	lw	a4,24(s0)
20001880:	04e7cc63          	blt	a5,a4,200018d8 <_puts_r+0xd4>
20001884:	ff658793          	addi	a5,a1,-10
20001888:	04078863          	beqz	a5,200018d8 <_puts_r+0xd4>
2000188c:	00042783          	lw	a5,0(s0)
20001890:	00178713          	addi	a4,a5,1
20001894:	00e42023          	sw	a4,0(s0)
20001898:	00b78023          	sb	a1,0(a5)
2000189c:	00190913          	addi	s2,s2,1
200018a0:	00842783          	lw	a5,8(s0)
200018a4:	00094583          	lbu	a1,0(s2)
200018a8:	fff78793          	addi	a5,a5,-1
200018ac:	00f42423          	sw	a5,8(s0)
200018b0:	fc0594e3          	bnez	a1,20001878 <_puts_r+0x74>
200018b4:	0407d063          	bgez	a5,200018f4 <_puts_r+0xf0>
200018b8:	00040613          	mv	a2,s0
200018bc:	00a00593          	li	a1,10
200018c0:	00048513          	mv	a0,s1
200018c4:	24c000ef          	jal	20001b10 <__swbuf_r>
200018c8:	fff00793          	li	a5,-1
200018cc:	f8f506e3          	beq	a0,a5,20001858 <_puts_r+0x54>
200018d0:	00a00513          	li	a0,10
200018d4:	f89ff06f          	j	2000185c <_puts_r+0x58>
200018d8:	00040613          	mv	a2,s0
200018dc:	00048513          	mv	a0,s1
200018e0:	230000ef          	jal	20001b10 <__swbuf_r>
200018e4:	fb351ce3          	bne	a0,s3,2000189c <_puts_r+0x98>
200018e8:	f71ff06f          	j	20001858 <_puts_r+0x54>
200018ec:	fff00993          	li	s3,-1
200018f0:	fb1ff06f          	j	200018a0 <_puts_r+0x9c>
200018f4:	00042783          	lw	a5,0(s0)
200018f8:	00178713          	addi	a4,a5,1
200018fc:	00e42023          	sw	a4,0(s0)
20001900:	00a00713          	li	a4,10
20001904:	00e78023          	sb	a4,0(a5)
20001908:	fc9ff06f          	j	200018d0 <_puts_r+0xcc>

2000190c <puts>:
2000190c:	200047b7          	lui	a5,0x20004
20001910:	00050593          	mv	a1,a0
20001914:	0387a503          	lw	a0,56(a5) # 20004038 <_impure_ptr>
20001918:	eedff06f          	j	20001804 <_puts_r>

2000191c <setvbuf>:
2000191c:	fd010113          	addi	sp,sp,-48
20001920:	200047b7          	lui	a5,0x20004
20001924:	01312e23          	sw	s3,28(sp)
20001928:	0387a983          	lw	s3,56(a5) # 20004038 <_impure_ptr>
2000192c:	02812423          	sw	s0,40(sp)
20001930:	02912223          	sw	s1,36(sp)
20001934:	03212023          	sw	s2,32(sp)
20001938:	01412c23          	sw	s4,24(sp)
2000193c:	02112623          	sw	ra,44(sp)
20001940:	01512a23          	sw	s5,20(sp)
20001944:	00050413          	mv	s0,a0
20001948:	00058913          	mv	s2,a1
2000194c:	00060a13          	mv	s4,a2
20001950:	00068493          	mv	s1,a3
20001954:	00098a63          	beqz	s3,20001968 <setvbuf+0x4c>
20001958:	0209a783          	lw	a5,32(s3)
2000195c:	00079663          	bnez	a5,20001968 <setvbuf+0x4c>
20001960:	00098513          	mv	a0,s3
20001964:	5fc010ef          	jal	20002f60 <__sinit>
20001968:	00200793          	li	a5,2
2000196c:	00fa0863          	beq	s4,a5,2000197c <setvbuf+0x60>
20001970:	002a3793          	sltiu	a5,s4,2
20001974:	18078a63          	beqz	a5,20001b08 <setvbuf+0x1ec>
20001978:	1804c863          	bltz	s1,20001b08 <setvbuf+0x1ec>
2000197c:	00040593          	mv	a1,s0
20001980:	00098513          	mv	a0,s3
20001984:	2b8010ef          	jal	20002c3c <_fflush_r>
20001988:	03442583          	lw	a1,52(s0)
2000198c:	00058c63          	beqz	a1,200019a4 <setvbuf+0x88>
20001990:	04440793          	addi	a5,s0,68
20001994:	00f58663          	beq	a1,a5,200019a0 <setvbuf+0x84>
20001998:	00098513          	mv	a0,s3
2000199c:	3ac000ef          	jal	20001d48 <_free_r>
200019a0:	02042a23          	sw	zero,52(s0)
200019a4:	00c45783          	lhu	a5,12(s0)
200019a8:	00042c23          	sw	zero,24(s0)
200019ac:	00042223          	sw	zero,4(s0)
200019b0:	0807f793          	andi	a5,a5,128
200019b4:	00078863          	beqz	a5,200019c4 <setvbuf+0xa8>
200019b8:	01042583          	lw	a1,16(s0)
200019bc:	00098513          	mv	a0,s3
200019c0:	388000ef          	jal	20001d48 <_free_r>
200019c4:	00c45783          	lhu	a5,12(s0)
200019c8:	fffff737          	lui	a4,0xfffff
200019cc:	35c70713          	addi	a4,a4,860 # fffff35c <__stack_top+0xdfffa5c8>
200019d0:	00e7f7b3          	and	a5,a5,a4
200019d4:	00f41623          	sh	a5,12(s0)
200019d8:	00200793          	li	a5,2
200019dc:	10fa0a63          	beq	s4,a5,20001af0 <setvbuf+0x1d4>
200019e0:	00c10693          	addi	a3,sp,12
200019e4:	00810613          	addi	a2,sp,8
200019e8:	00040593          	mv	a1,s0
200019ec:	00098513          	mv	a0,s3
200019f0:	2d9010ef          	jal	200034c8 <__swhatbuf_r>
200019f4:	00c45783          	lhu	a5,12(s0)
200019f8:	00a7e7b3          	or	a5,a5,a0
200019fc:	00f41623          	sh	a5,12(s0)
20001a00:	06049863          	bnez	s1,20001a70 <setvbuf+0x154>
20001a04:	00812483          	lw	s1,8(sp)
20001a08:	00048513          	mv	a0,s1
20001a0c:	438000ef          	jal	20001e44 <malloc>
20001a10:	00050913          	mv	s2,a0
20001a14:	00048a93          	mv	s5,s1
20001a18:	0c051263          	bnez	a0,20001adc <setvbuf+0x1c0>
20001a1c:	00812a83          	lw	s5,8(sp)
20001a20:	0a9a9663          	bne	s5,s1,20001acc <setvbuf+0x1b0>
20001a24:	fff00513          	li	a0,-1
20001a28:	00c45783          	lhu	a5,12(s0)
20001a2c:	00042423          	sw	zero,8(s0)
20001a30:	0027e793          	ori	a5,a5,2
20001a34:	00f41623          	sh	a5,12(s0)
20001a38:	04740793          	addi	a5,s0,71
20001a3c:	00f42023          	sw	a5,0(s0)
20001a40:	00f42823          	sw	a5,16(s0)
20001a44:	00100793          	li	a5,1
20001a48:	00f42a23          	sw	a5,20(s0)
20001a4c:	02c12083          	lw	ra,44(sp)
20001a50:	02812403          	lw	s0,40(sp)
20001a54:	02412483          	lw	s1,36(sp)
20001a58:	02012903          	lw	s2,32(sp)
20001a5c:	01c12983          	lw	s3,28(sp)
20001a60:	01812a03          	lw	s4,24(sp)
20001a64:	01412a83          	lw	s5,20(sp)
20001a68:	03010113          	addi	sp,sp,48
20001a6c:	00008067          	ret
20001a70:	f8090ce3          	beqz	s2,20001a08 <setvbuf+0xec>
20001a74:	0209a783          	lw	a5,32(s3)
20001a78:	00079663          	bnez	a5,20001a84 <setvbuf+0x168>
20001a7c:	00098513          	mv	a0,s3
20001a80:	4e0010ef          	jal	20002f60 <__sinit>
20001a84:	00100793          	li	a5,1
20001a88:	00fa1863          	bne	s4,a5,20001a98 <setvbuf+0x17c>
20001a8c:	00c45783          	lhu	a5,12(s0)
20001a90:	0147e7b3          	or	a5,a5,s4
20001a94:	00f41623          	sh	a5,12(s0)
20001a98:	00c41783          	lh	a5,12(s0)
20001a9c:	01242023          	sw	s2,0(s0)
20001aa0:	01242823          	sw	s2,16(s0)
20001aa4:	00942a23          	sw	s1,20(s0)
20001aa8:	0087f713          	andi	a4,a5,8
20001aac:	04070a63          	beqz	a4,20001b00 <setvbuf+0x1e4>
20001ab0:	0017f793          	andi	a5,a5,1
20001ab4:	04078263          	beqz	a5,20001af8 <setvbuf+0x1dc>
20001ab8:	409004b3          	neg	s1,s1
20001abc:	00042423          	sw	zero,8(s0)
20001ac0:	00942c23          	sw	s1,24(s0)
20001ac4:	00000513          	li	a0,0
20001ac8:	f85ff06f          	j	20001a4c <setvbuf+0x130>
20001acc:	000a8513          	mv	a0,s5
20001ad0:	374000ef          	jal	20001e44 <malloc>
20001ad4:	00050913          	mv	s2,a0
20001ad8:	f40506e3          	beqz	a0,20001a24 <setvbuf+0x108>
20001adc:	00c45783          	lhu	a5,12(s0)
20001ae0:	000a8493          	mv	s1,s5
20001ae4:	0807e793          	ori	a5,a5,128
20001ae8:	00f41623          	sh	a5,12(s0)
20001aec:	f89ff06f          	j	20001a74 <setvbuf+0x158>
20001af0:	00000513          	li	a0,0
20001af4:	f35ff06f          	j	20001a28 <setvbuf+0x10c>
20001af8:	00942423          	sw	s1,8(s0)
20001afc:	fc9ff06f          	j	20001ac4 <setvbuf+0x1a8>
20001b00:	00042423          	sw	zero,8(s0)
20001b04:	fc1ff06f          	j	20001ac4 <setvbuf+0x1a8>
20001b08:	fff00513          	li	a0,-1
20001b0c:	f41ff06f          	j	20001a4c <setvbuf+0x130>

20001b10 <__swbuf_r>:
20001b10:	fe010113          	addi	sp,sp,-32
20001b14:	00812c23          	sw	s0,24(sp)
20001b18:	00912a23          	sw	s1,20(sp)
20001b1c:	01312623          	sw	s3,12(sp)
20001b20:	00112e23          	sw	ra,28(sp)
20001b24:	01212823          	sw	s2,16(sp)
20001b28:	00050493          	mv	s1,a0
20001b2c:	00058993          	mv	s3,a1
20001b30:	00060413          	mv	s0,a2
20001b34:	00050863          	beqz	a0,20001b44 <__swbuf_r+0x34>
20001b38:	02052783          	lw	a5,32(a0)
20001b3c:	00079463          	bnez	a5,20001b44 <__swbuf_r+0x34>
20001b40:	420010ef          	jal	20002f60 <__sinit>
20001b44:	01842783          	lw	a5,24(s0)
20001b48:	00f42423          	sw	a5,8(s0)
20001b4c:	00c45783          	lhu	a5,12(s0)
20001b50:	0087f793          	andi	a5,a5,8
20001b54:	00078663          	beqz	a5,20001b60 <__swbuf_r+0x50>
20001b58:	01042783          	lw	a5,16(s0)
20001b5c:	02079c63          	bnez	a5,20001b94 <__swbuf_r+0x84>
20001b60:	00040593          	mv	a1,s0
20001b64:	00048513          	mv	a0,s1
20001b68:	0b8000ef          	jal	20001c20 <__swsetup_r>
20001b6c:	02050463          	beqz	a0,20001b94 <__swbuf_r+0x84>
20001b70:	fff00913          	li	s2,-1
20001b74:	01c12083          	lw	ra,28(sp)
20001b78:	01812403          	lw	s0,24(sp)
20001b7c:	01412483          	lw	s1,20(sp)
20001b80:	00c12983          	lw	s3,12(sp)
20001b84:	00090513          	mv	a0,s2
20001b88:	01012903          	lw	s2,16(sp)
20001b8c:	02010113          	addi	sp,sp,32
20001b90:	00008067          	ret
20001b94:	01042783          	lw	a5,16(s0)
20001b98:	00042503          	lw	a0,0(s0)
20001b9c:	40f50533          	sub	a0,a0,a5
20001ba0:	01442783          	lw	a5,20(s0)
20001ba4:	00f54a63          	blt	a0,a5,20001bb8 <__swbuf_r+0xa8>
20001ba8:	00040593          	mv	a1,s0
20001bac:	00048513          	mv	a0,s1
20001bb0:	08c010ef          	jal	20002c3c <_fflush_r>
20001bb4:	fa051ee3          	bnez	a0,20001b70 <__swbuf_r+0x60>
20001bb8:	00842783          	lw	a5,8(s0)
20001bbc:	00150513          	addi	a0,a0,1
20001bc0:	0ff9f913          	zext.b	s2,s3
20001bc4:	fff78793          	addi	a5,a5,-1
20001bc8:	00f42423          	sw	a5,8(s0)
20001bcc:	00042783          	lw	a5,0(s0)
20001bd0:	00178713          	addi	a4,a5,1
20001bd4:	00e42023          	sw	a4,0(s0)
20001bd8:	01378023          	sb	s3,0(a5)
20001bdc:	01442783          	lw	a5,20(s0)
20001be0:	00a78c63          	beq	a5,a0,20001bf8 <__swbuf_r+0xe8>
20001be4:	00c45783          	lhu	a5,12(s0)
20001be8:	0017f793          	andi	a5,a5,1
20001bec:	f80784e3          	beqz	a5,20001b74 <__swbuf_r+0x64>
20001bf0:	ff690793          	addi	a5,s2,-10
20001bf4:	f80790e3          	bnez	a5,20001b74 <__swbuf_r+0x64>
20001bf8:	00040593          	mv	a1,s0
20001bfc:	00048513          	mv	a0,s1
20001c00:	03c010ef          	jal	20002c3c <_fflush_r>
20001c04:	f60508e3          	beqz	a0,20001b74 <__swbuf_r+0x64>
20001c08:	f69ff06f          	j	20001b70 <__swbuf_r+0x60>

20001c0c <__swbuf>:
20001c0c:	200047b7          	lui	a5,0x20004
20001c10:	00058613          	mv	a2,a1
20001c14:	00050593          	mv	a1,a0
20001c18:	0387a503          	lw	a0,56(a5) # 20004038 <_impure_ptr>
20001c1c:	ef5ff06f          	j	20001b10 <__swbuf_r>

20001c20 <__swsetup_r>:
20001c20:	ff010113          	addi	sp,sp,-16
20001c24:	200047b7          	lui	a5,0x20004
20001c28:	00912223          	sw	s1,4(sp)
20001c2c:	00050493          	mv	s1,a0
20001c30:	0387a503          	lw	a0,56(a5) # 20004038 <_impure_ptr>
20001c34:	00812423          	sw	s0,8(sp)
20001c38:	00112623          	sw	ra,12(sp)
20001c3c:	00058413          	mv	s0,a1
20001c40:	00050863          	beqz	a0,20001c50 <__swsetup_r+0x30>
20001c44:	02052783          	lw	a5,32(a0)
20001c48:	00079463          	bnez	a5,20001c50 <__swsetup_r+0x30>
20001c4c:	314010ef          	jal	20002f60 <__sinit>
20001c50:	00c41783          	lh	a5,12(s0)
20001c54:	0087f713          	andi	a4,a5,8
20001c58:	06071263          	bnez	a4,20001cbc <__swsetup_r+0x9c>
20001c5c:	0107f713          	andi	a4,a5,16
20001c60:	00071e63          	bnez	a4,20001c7c <__swsetup_r+0x5c>
20001c64:	00900713          	li	a4,9
20001c68:	00e4a023          	sw	a4,0(s1)
20001c6c:	0407e793          	ori	a5,a5,64
20001c70:	00f41623          	sh	a5,12(s0)
20001c74:	fff00513          	li	a0,-1
20001c78:	0980006f          	j	20001d10 <__swsetup_r+0xf0>
20001c7c:	0047f713          	andi	a4,a5,4
20001c80:	02070a63          	beqz	a4,20001cb4 <__swsetup_r+0x94>
20001c84:	03442583          	lw	a1,52(s0)
20001c88:	00058c63          	beqz	a1,20001ca0 <__swsetup_r+0x80>
20001c8c:	04440793          	addi	a5,s0,68
20001c90:	00f58663          	beq	a1,a5,20001c9c <__swsetup_r+0x7c>
20001c94:	00048513          	mv	a0,s1
20001c98:	0b0000ef          	jal	20001d48 <_free_r>
20001c9c:	02042a23          	sw	zero,52(s0)
20001ca0:	00c45783          	lhu	a5,12(s0)
20001ca4:	01042703          	lw	a4,16(s0)
20001ca8:	00042223          	sw	zero,4(s0)
20001cac:	fdb7f793          	andi	a5,a5,-37
20001cb0:	00e42023          	sw	a4,0(s0)
20001cb4:	0087e793          	ori	a5,a5,8
20001cb8:	00f41623          	sh	a5,12(s0)
20001cbc:	01042783          	lw	a5,16(s0)
20001cc0:	02079063          	bnez	a5,20001ce0 <__swsetup_r+0xc0>
20001cc4:	00c42783          	lw	a5,12(s0)
20001cc8:	20000713          	li	a4,512
20001ccc:	2807f793          	andi	a5,a5,640
20001cd0:	00e78863          	beq	a5,a4,20001ce0 <__swsetup_r+0xc0>
20001cd4:	00040593          	mv	a1,s0
20001cd8:	00048513          	mv	a0,s1
20001cdc:	079010ef          	jal	20003554 <__smakebuf_r>
20001ce0:	00c41783          	lh	a5,12(s0)
20001ce4:	0017f713          	andi	a4,a5,1
20001ce8:	02070e63          	beqz	a4,20001d24 <__swsetup_r+0x104>
20001cec:	01442703          	lw	a4,20(s0)
20001cf0:	00042423          	sw	zero,8(s0)
20001cf4:	40e00733          	neg	a4,a4
20001cf8:	00e42c23          	sw	a4,24(s0)
20001cfc:	01042703          	lw	a4,16(s0)
20001d00:	00000513          	li	a0,0
20001d04:	00071663          	bnez	a4,20001d10 <__swsetup_r+0xf0>
20001d08:	0807f713          	andi	a4,a5,128
20001d0c:	f60710e3          	bnez	a4,20001c6c <__swsetup_r+0x4c>
20001d10:	00c12083          	lw	ra,12(sp)
20001d14:	00812403          	lw	s0,8(sp)
20001d18:	00412483          	lw	s1,4(sp)
20001d1c:	01010113          	addi	sp,sp,16
20001d20:	00008067          	ret
20001d24:	0027f713          	andi	a4,a5,2
20001d28:	00000693          	li	a3,0
20001d2c:	00071463          	bnez	a4,20001d34 <__swsetup_r+0x114>
20001d30:	01442683          	lw	a3,20(s0)
20001d34:	00d42423          	sw	a3,8(s0)
20001d38:	fc5ff06f          	j	20001cfc <__swsetup_r+0xdc>

20001d3c <__errno>:
20001d3c:	200047b7          	lui	a5,0x20004
20001d40:	0387a503          	lw	a0,56(a5) # 20004038 <_impure_ptr>
20001d44:	00008067          	ret

20001d48 <_free_r>:
20001d48:	0e058c63          	beqz	a1,20001e40 <_free_r+0xf8>
20001d4c:	ffc5a783          	lw	a5,-4(a1)
20001d50:	fe010113          	addi	sp,sp,-32
20001d54:	00812c23          	sw	s0,24(sp)
20001d58:	00112e23          	sw	ra,28(sp)
20001d5c:	ffc58413          	addi	s0,a1,-4
20001d60:	0007d463          	bgez	a5,20001d68 <_free_r+0x20>
20001d64:	00f40433          	add	s0,s0,a5
20001d68:	00a12623          	sw	a0,12(sp)
20001d6c:	340000ef          	jal	200020ac <__malloc_lock>
20001d70:	20004737          	lui	a4,0x20004
20001d74:	18872783          	lw	a5,392(a4) # 20004188 <__malloc_free_list>
20001d78:	00c12503          	lw	a0,12(sp)
20001d7c:	00079e63          	bnez	a5,20001d98 <_free_r+0x50>
20001d80:	00042223          	sw	zero,4(s0)
20001d84:	18872423          	sw	s0,392(a4)
20001d88:	01812403          	lw	s0,24(sp)
20001d8c:	01c12083          	lw	ra,28(sp)
20001d90:	02010113          	addi	sp,sp,32
20001d94:	31c0006f          	j	200020b0 <__malloc_unlock>
20001d98:	02f47463          	bgeu	s0,a5,20001dc0 <_free_r+0x78>
20001d9c:	00042603          	lw	a2,0(s0)
20001da0:	00c406b3          	add	a3,s0,a2
20001da4:	00d79a63          	bne	a5,a3,20001db8 <_free_r+0x70>
20001da8:	0007a683          	lw	a3,0(a5)
20001dac:	0047a783          	lw	a5,4(a5)
20001db0:	00c686b3          	add	a3,a3,a2
20001db4:	00d42023          	sw	a3,0(s0)
20001db8:	00f42223          	sw	a5,4(s0)
20001dbc:	fc9ff06f          	j	20001d84 <_free_r+0x3c>
20001dc0:	00078713          	mv	a4,a5
20001dc4:	0047a783          	lw	a5,4(a5)
20001dc8:	00078463          	beqz	a5,20001dd0 <_free_r+0x88>
20001dcc:	fef47ae3          	bgeu	s0,a5,20001dc0 <_free_r+0x78>
20001dd0:	00072683          	lw	a3,0(a4)
20001dd4:	00d70633          	add	a2,a4,a3
20001dd8:	02861863          	bne	a2,s0,20001e08 <_free_r+0xc0>
20001ddc:	00042603          	lw	a2,0(s0)
20001de0:	00c686b3          	add	a3,a3,a2
20001de4:	00d72023          	sw	a3,0(a4)
20001de8:	00d70633          	add	a2,a4,a3
20001dec:	f8c79ee3          	bne	a5,a2,20001d88 <_free_r+0x40>
20001df0:	0007a603          	lw	a2,0(a5)
20001df4:	0047a783          	lw	a5,4(a5)
20001df8:	00d606b3          	add	a3,a2,a3
20001dfc:	00d72023          	sw	a3,0(a4)
20001e00:	00f72223          	sw	a5,4(a4)
20001e04:	f85ff06f          	j	20001d88 <_free_r+0x40>
20001e08:	00c47863          	bgeu	s0,a2,20001e18 <_free_r+0xd0>
20001e0c:	00c00793          	li	a5,12
20001e10:	00f52023          	sw	a5,0(a0)
20001e14:	f75ff06f          	j	20001d88 <_free_r+0x40>
20001e18:	00042603          	lw	a2,0(s0)
20001e1c:	00c406b3          	add	a3,s0,a2
20001e20:	00d79a63          	bne	a5,a3,20001e34 <_free_r+0xec>
20001e24:	0007a683          	lw	a3,0(a5)
20001e28:	0047a783          	lw	a5,4(a5)
20001e2c:	00c686b3          	add	a3,a3,a2
20001e30:	00d42023          	sw	a3,0(s0)
20001e34:	00f42223          	sw	a5,4(s0)
20001e38:	00872223          	sw	s0,4(a4)
20001e3c:	f4dff06f          	j	20001d88 <_free_r+0x40>
20001e40:	00008067          	ret

20001e44 <malloc>:
20001e44:	200047b7          	lui	a5,0x20004
20001e48:	00050593          	mv	a1,a0
20001e4c:	0387a503          	lw	a0,56(a5) # 20004038 <_impure_ptr>
20001e50:	09c0006f          	j	20001eec <_malloc_r>

20001e54 <free>:
20001e54:	200047b7          	lui	a5,0x20004
20001e58:	00050593          	mv	a1,a0
20001e5c:	0387a503          	lw	a0,56(a5) # 20004038 <_impure_ptr>
20001e60:	ee9ff06f          	j	20001d48 <_free_r>

20001e64 <sbrk_aligned>:
20001e64:	ff010113          	addi	sp,sp,-16
20001e68:	00812423          	sw	s0,8(sp)
20001e6c:	20004437          	lui	s0,0x20004
20001e70:	18442783          	lw	a5,388(s0) # 20004184 <__malloc_sbrk_start>
20001e74:	00912223          	sw	s1,4(sp)
20001e78:	01212023          	sw	s2,0(sp)
20001e7c:	00112623          	sw	ra,12(sp)
20001e80:	00050913          	mv	s2,a0
20001e84:	00058493          	mv	s1,a1
20001e88:	00079863          	bnez	a5,20001e98 <sbrk_aligned+0x34>
20001e8c:	00000593          	li	a1,0
20001e90:	3fd010ef          	jal	20003a8c <_sbrk_r>
20001e94:	18a42223          	sw	a0,388(s0)
20001e98:	00048593          	mv	a1,s1
20001e9c:	00090513          	mv	a0,s2
20001ea0:	3ed010ef          	jal	20003a8c <_sbrk_r>
20001ea4:	fff00493          	li	s1,-1
20001ea8:	02951263          	bne	a0,s1,20001ecc <sbrk_aligned+0x68>
20001eac:	fff00413          	li	s0,-1
20001eb0:	00c12083          	lw	ra,12(sp)
20001eb4:	00040513          	mv	a0,s0
20001eb8:	00812403          	lw	s0,8(sp)
20001ebc:	00412483          	lw	s1,4(sp)
20001ec0:	00012903          	lw	s2,0(sp)
20001ec4:	01010113          	addi	sp,sp,16
20001ec8:	00008067          	ret
20001ecc:	00350413          	addi	s0,a0,3
20001ed0:	ffc47413          	andi	s0,s0,-4
20001ed4:	fc850ee3          	beq	a0,s0,20001eb0 <sbrk_aligned+0x4c>
20001ed8:	40a405b3          	sub	a1,s0,a0
20001edc:	00090513          	mv	a0,s2
20001ee0:	3ad010ef          	jal	20003a8c <_sbrk_r>
20001ee4:	fc9516e3          	bne	a0,s1,20001eb0 <sbrk_aligned+0x4c>
20001ee8:	fc5ff06f          	j	20001eac <sbrk_aligned+0x48>

20001eec <_malloc_r>:
20001eec:	fe010113          	addi	sp,sp,-32
20001ef0:	00912a23          	sw	s1,20(sp)
20001ef4:	00358493          	addi	s1,a1,3
20001ef8:	ffc4f493          	andi	s1,s1,-4
20001efc:	00112e23          	sw	ra,28(sp)
20001f00:	00812c23          	sw	s0,24(sp)
20001f04:	01212823          	sw	s2,16(sp)
20001f08:	01312623          	sw	s3,12(sp)
20001f0c:	01412423          	sw	s4,8(sp)
20001f10:	00848493          	addi	s1,s1,8
20001f14:	00c00793          	li	a5,12
20001f18:	00f4f463          	bgeu	s1,a5,20001f20 <_malloc_r+0x34>
20001f1c:	00078493          	mv	s1,a5
20001f20:	0004c463          	bltz	s1,20001f28 <_malloc_r+0x3c>
20001f24:	02b4f863          	bgeu	s1,a1,20001f54 <_malloc_r+0x68>
20001f28:	00c00793          	li	a5,12
20001f2c:	00f52023          	sw	a5,0(a0)
20001f30:	00000513          	li	a0,0
20001f34:	01c12083          	lw	ra,28(sp)
20001f38:	01812403          	lw	s0,24(sp)
20001f3c:	01412483          	lw	s1,20(sp)
20001f40:	01012903          	lw	s2,16(sp)
20001f44:	00c12983          	lw	s3,12(sp)
20001f48:	00812a03          	lw	s4,8(sp)
20001f4c:	02010113          	addi	sp,sp,32
20001f50:	00008067          	ret
20001f54:	00050913          	mv	s2,a0
20001f58:	200049b7          	lui	s3,0x20004
20001f5c:	150000ef          	jal	200020ac <__malloc_lock>
20001f60:	1889a783          	lw	a5,392(s3) # 20004188 <__malloc_free_list>
20001f64:	00078413          	mv	s0,a5
20001f68:	08041063          	bnez	s0,20001fe8 <_malloc_r+0xfc>
20001f6c:	00048593          	mv	a1,s1
20001f70:	00090513          	mv	a0,s2
20001f74:	ef1ff0ef          	jal	20001e64 <sbrk_aligned>
20001f78:	fff00793          	li	a5,-1
20001f7c:	00050413          	mv	s0,a0
20001f80:	12f51263          	bne	a0,a5,200020a4 <_malloc_r+0x1b8>
20001f84:	1889a403          	lw	s0,392(s3)
20001f88:	00040793          	mv	a5,s0
20001f8c:	0e079263          	bnez	a5,20002070 <_malloc_r+0x184>
20001f90:	10040063          	beqz	s0,20002090 <_malloc_r+0x1a4>
20001f94:	00042a03          	lw	s4,0(s0)
20001f98:	00000593          	li	a1,0
20001f9c:	00090513          	mv	a0,s2
20001fa0:	01440a33          	add	s4,s0,s4
20001fa4:	2e9010ef          	jal	20003a8c <_sbrk_r>
20001fa8:	0eaa1463          	bne	s4,a0,20002090 <_malloc_r+0x1a4>
20001fac:	00042783          	lw	a5,0(s0)
20001fb0:	00090513          	mv	a0,s2
20001fb4:	40f484b3          	sub	s1,s1,a5
20001fb8:	00048593          	mv	a1,s1
20001fbc:	ea9ff0ef          	jal	20001e64 <sbrk_aligned>
20001fc0:	fff00793          	li	a5,-1
20001fc4:	0cf50663          	beq	a0,a5,20002090 <_malloc_r+0x1a4>
20001fc8:	00042783          	lw	a5,0(s0)
20001fcc:	009787b3          	add	a5,a5,s1
20001fd0:	00f42023          	sw	a5,0(s0)
20001fd4:	1889a783          	lw	a5,392(s3)
20001fd8:	0047a703          	lw	a4,4(a5)
20001fdc:	0a071063          	bnez	a4,2000207c <_malloc_r+0x190>
20001fe0:	1809a423          	sw	zero,392(s3)
20001fe4:	0340006f          	j	20002018 <_malloc_r+0x12c>
20001fe8:	00042683          	lw	a3,0(s0)
20001fec:	409686b3          	sub	a3,a3,s1
20001ff0:	0606ca63          	bltz	a3,20002064 <_malloc_r+0x178>
20001ff4:	00b00713          	li	a4,11
20001ff8:	04d77a63          	bgeu	a4,a3,2000204c <_malloc_r+0x160>
20001ffc:	00942023          	sw	s1,0(s0)
20002000:	00940733          	add	a4,s0,s1
20002004:	04879063          	bne	a5,s0,20002044 <_malloc_r+0x158>
20002008:	18e9a423          	sw	a4,392(s3)
2000200c:	00442783          	lw	a5,4(s0)
20002010:	00d72023          	sw	a3,0(a4)
20002014:	00f72223          	sw	a5,4(a4)
20002018:	00090513          	mv	a0,s2
2000201c:	094000ef          	jal	200020b0 <__malloc_unlock>
20002020:	00b40513          	addi	a0,s0,11
20002024:	00440793          	addi	a5,s0,4
20002028:	ff857513          	andi	a0,a0,-8
2000202c:	40f50733          	sub	a4,a0,a5
20002030:	f0f502e3          	beq	a0,a5,20001f34 <_malloc_r+0x48>
20002034:	00e40433          	add	s0,s0,a4
20002038:	40a787b3          	sub	a5,a5,a0
2000203c:	00f42023          	sw	a5,0(s0)
20002040:	ef5ff06f          	j	20001f34 <_malloc_r+0x48>
20002044:	00e7a223          	sw	a4,4(a5)
20002048:	fc5ff06f          	j	2000200c <_malloc_r+0x120>
2000204c:	00442703          	lw	a4,4(s0)
20002050:	00879663          	bne	a5,s0,2000205c <_malloc_r+0x170>
20002054:	18e9a423          	sw	a4,392(s3)
20002058:	fc1ff06f          	j	20002018 <_malloc_r+0x12c>
2000205c:	00e7a223          	sw	a4,4(a5)
20002060:	fb9ff06f          	j	20002018 <_malloc_r+0x12c>
20002064:	00040793          	mv	a5,s0
20002068:	00442403          	lw	s0,4(s0)
2000206c:	efdff06f          	j	20001f68 <_malloc_r+0x7c>
20002070:	00078413          	mv	s0,a5
20002074:	0047a783          	lw	a5,4(a5)
20002078:	f15ff06f          	j	20001f8c <_malloc_r+0xa0>
2000207c:	00078713          	mv	a4,a5
20002080:	0047a783          	lw	a5,4(a5)
20002084:	fe879ce3          	bne	a5,s0,2000207c <_malloc_r+0x190>
20002088:	00072223          	sw	zero,4(a4)
2000208c:	f8dff06f          	j	20002018 <_malloc_r+0x12c>
20002090:	00c00793          	li	a5,12
20002094:	00f92023          	sw	a5,0(s2)
20002098:	00090513          	mv	a0,s2
2000209c:	014000ef          	jal	200020b0 <__malloc_unlock>
200020a0:	e91ff06f          	j	20001f30 <_malloc_r+0x44>
200020a4:	00952023          	sw	s1,0(a0)
200020a8:	f71ff06f          	j	20002018 <_malloc_r+0x12c>

200020ac <__malloc_lock>:
200020ac:	00008067          	ret

200020b0 <__malloc_unlock>:
200020b0:	00008067          	ret

200020b4 <__sfputc_r>:
200020b4:	00862783          	lw	a5,8(a2) # 10008 <_start-0x1ffefff8>
200020b8:	fff78793          	addi	a5,a5,-1
200020bc:	00f62423          	sw	a5,8(a2)
200020c0:	0007dc63          	bgez	a5,200020d8 <__sfputc_r+0x24>
200020c4:	01862703          	lw	a4,24(a2)
200020c8:	00e7c663          	blt	a5,a4,200020d4 <__sfputc_r+0x20>
200020cc:	ff658793          	addi	a5,a1,-10
200020d0:	00079463          	bnez	a5,200020d8 <__sfputc_r+0x24>
200020d4:	a3dff06f          	j	20001b10 <__swbuf_r>
200020d8:	00062783          	lw	a5,0(a2)
200020dc:	00058513          	mv	a0,a1
200020e0:	00178713          	addi	a4,a5,1
200020e4:	00e62023          	sw	a4,0(a2)
200020e8:	00b78023          	sb	a1,0(a5)
200020ec:	00008067          	ret

200020f0 <__sfputs_r>:
200020f0:	fe010113          	addi	sp,sp,-32
200020f4:	00812c23          	sw	s0,24(sp)
200020f8:	00912a23          	sw	s1,20(sp)
200020fc:	01212823          	sw	s2,16(sp)
20002100:	01312623          	sw	s3,12(sp)
20002104:	01412423          	sw	s4,8(sp)
20002108:	00112e23          	sw	ra,28(sp)
2000210c:	00050993          	mv	s3,a0
20002110:	00058a13          	mv	s4,a1
20002114:	00060413          	mv	s0,a2
20002118:	00d604b3          	add	s1,a2,a3
2000211c:	fff00913          	li	s2,-1
20002120:	00941663          	bne	s0,s1,2000212c <__sfputs_r+0x3c>
20002124:	00000513          	li	a0,0
20002128:	01c0006f          	j	20002144 <__sfputs_r+0x54>
2000212c:	00044583          	lbu	a1,0(s0)
20002130:	000a0613          	mv	a2,s4
20002134:	00098513          	mv	a0,s3
20002138:	f7dff0ef          	jal	200020b4 <__sfputc_r>
2000213c:	00140413          	addi	s0,s0,1
20002140:	ff2510e3          	bne	a0,s2,20002120 <__sfputs_r+0x30>
20002144:	01c12083          	lw	ra,28(sp)
20002148:	01812403          	lw	s0,24(sp)
2000214c:	01412483          	lw	s1,20(sp)
20002150:	01012903          	lw	s2,16(sp)
20002154:	00c12983          	lw	s3,12(sp)
20002158:	00812a03          	lw	s4,8(sp)
2000215c:	02010113          	addi	sp,sp,32
20002160:	00008067          	ret

20002164 <__sprint_r>:
20002164:	00862783          	lw	a5,8(a2)
20002168:	ff010113          	addi	sp,sp,-16
2000216c:	00812423          	sw	s0,8(sp)
20002170:	00112623          	sw	ra,12(sp)
20002174:	00060413          	mv	s0,a2
20002178:	02078063          	beqz	a5,20002198 <__sprint_r+0x34>
2000217c:	645000ef          	jal	20002fc0 <__sfvwrite_r>
20002180:	00042423          	sw	zero,8(s0)
20002184:	00c12083          	lw	ra,12(sp)
20002188:	00042223          	sw	zero,4(s0)
2000218c:	00812403          	lw	s0,8(sp)
20002190:	01010113          	addi	sp,sp,16
20002194:	00008067          	ret
20002198:	00000513          	li	a0,0
2000219c:	fe9ff06f          	j	20002184 <__sprint_r+0x20>

200021a0 <_vfiprintf_r>:
200021a0:	f5010113          	addi	sp,sp,-176
200021a4:	0a812423          	sw	s0,168(sp)
200021a8:	0a912223          	sw	s1,164(sp)
200021ac:	09312e23          	sw	s3,156(sp)
200021b0:	09412c23          	sw	s4,152(sp)
200021b4:	0a112623          	sw	ra,172(sp)
200021b8:	0b212023          	sw	s2,160(sp)
200021bc:	09512a23          	sw	s5,148(sp)
200021c0:	09612823          	sw	s6,144(sp)
200021c4:	09712623          	sw	s7,140(sp)
200021c8:	09812423          	sw	s8,136(sp)
200021cc:	09912223          	sw	s9,132(sp)
200021d0:	00050993          	mv	s3,a0
200021d4:	00058493          	mv	s1,a1
200021d8:	00060413          	mv	s0,a2
200021dc:	00068a13          	mv	s4,a3
200021e0:	00050863          	beqz	a0,200021f0 <_vfiprintf_r+0x50>
200021e4:	02052783          	lw	a5,32(a0)
200021e8:	00079463          	bnez	a5,200021f0 <_vfiprintf_r+0x50>
200021ec:	575000ef          	jal	20002f60 <__sinit>
200021f0:	00c4d783          	lhu	a5,12(s1)
200021f4:	0087f793          	andi	a5,a5,8
200021f8:	10078a63          	beqz	a5,2000230c <_vfiprintf_r+0x16c>
200021fc:	0104a783          	lw	a5,16(s1)
20002200:	10078663          	beqz	a5,2000230c <_vfiprintf_r+0x16c>
20002204:	02000793          	li	a5,32
20002208:	02f10ca3          	sb	a5,57(sp)
2000220c:	01412e23          	sw	s4,28(sp)
20002210:	03000793          	li	a5,48
20002214:	20004a37          	lui	s4,0x20004
20002218:	02012a23          	sw	zero,52(sp)
2000221c:	02f10d23          	sb	a5,58(sp)
20002220:	fff00a93          	li	s5,-1
20002224:	f10a0a13          	addi	s4,s4,-240 # 20003f10 <__clz_tab+0x100>
20002228:	00100b93          	li	s7,1
2000222c:	00a00b13          	li	s6,10
20002230:	00040c13          	mv	s8,s0
20002234:	000c4783          	lbu	a5,0(s8)
20002238:	00f03cb3          	snez	s9,a5
2000223c:	fdb78793          	addi	a5,a5,-37
20002240:	00f037b3          	snez	a5,a5
20002244:	00fcfcb3          	and	s9,s9,a5
20002248:	100c9663          	bnez	s9,20002354 <_vfiprintf_r+0x1b4>
2000224c:	408c06b3          	sub	a3,s8,s0
20002250:	028c0663          	beq	s8,s0,2000227c <_vfiprintf_r+0xdc>
20002254:	00040613          	mv	a2,s0
20002258:	00048593          	mv	a1,s1
2000225c:	00098513          	mv	a0,s3
20002260:	00d12623          	sw	a3,12(sp)
20002264:	e8dff0ef          	jal	200020f0 <__sfputs_r>
20002268:	29550063          	beq	a0,s5,200024e8 <_vfiprintf_r+0x348>
2000226c:	03412783          	lw	a5,52(sp)
20002270:	00c12683          	lw	a3,12(sp)
20002274:	00d787b3          	add	a5,a5,a3
20002278:	02f12a23          	sw	a5,52(sp)
2000227c:	000c4783          	lbu	a5,0(s8)
20002280:	26078463          	beqz	a5,200024e8 <_vfiprintf_r+0x348>
20002284:	001c0413          	addi	s0,s8,1
20002288:	02012023          	sw	zero,32(sp)
2000228c:	02012623          	sw	zero,44(sp)
20002290:	03512223          	sw	s5,36(sp)
20002294:	02012423          	sw	zero,40(sp)
20002298:	060101a3          	sb	zero,99(sp)
2000229c:	06012c23          	sw	zero,120(sp)
200022a0:	00044583          	lbu	a1,0(s0)
200022a4:	00500613          	li	a2,5
200022a8:	000a0513          	mv	a0,s4
200022ac:	4b0010ef          	jal	2000375c <memchr>
200022b0:	02012783          	lw	a5,32(sp)
200022b4:	00140693          	addi	a3,s0,1
200022b8:	0a051263          	bnez	a0,2000235c <_vfiprintf_r+0x1bc>
200022bc:	0107f713          	andi	a4,a5,16
200022c0:	00070663          	beqz	a4,200022cc <_vfiprintf_r+0x12c>
200022c4:	02000713          	li	a4,32
200022c8:	06e101a3          	sb	a4,99(sp)
200022cc:	0087f713          	andi	a4,a5,8
200022d0:	00070663          	beqz	a4,200022dc <_vfiprintf_r+0x13c>
200022d4:	02b00713          	li	a4,43
200022d8:	06e101a3          	sb	a4,99(sp)
200022dc:	00044603          	lbu	a2,0(s0)
200022e0:	02a00713          	li	a4,42
200022e4:	08e60863          	beq	a2,a4,20002374 <_vfiprintf_r+0x1d4>
200022e8:	02c12783          	lw	a5,44(sp)
200022ec:	00000693          	li	a3,0
200022f0:	00900613          	li	a2,9
200022f4:	00044703          	lbu	a4,0(s0)
200022f8:	fd070713          	addi	a4,a4,-48
200022fc:	0ee67263          	bgeu	a2,a4,200023e0 <_vfiprintf_r+0x240>
20002300:	08068863          	beqz	a3,20002390 <_vfiprintf_r+0x1f0>
20002304:	02f12623          	sw	a5,44(sp)
20002308:	0880006f          	j	20002390 <_vfiprintf_r+0x1f0>
2000230c:	00048593          	mv	a1,s1
20002310:	00098513          	mv	a0,s3
20002314:	90dff0ef          	jal	20001c20 <__swsetup_r>
20002318:	ee0506e3          	beqz	a0,20002204 <_vfiprintf_r+0x64>
2000231c:	fff00513          	li	a0,-1
20002320:	0ac12083          	lw	ra,172(sp)
20002324:	0a812403          	lw	s0,168(sp)
20002328:	0a412483          	lw	s1,164(sp)
2000232c:	0a012903          	lw	s2,160(sp)
20002330:	09c12983          	lw	s3,156(sp)
20002334:	09812a03          	lw	s4,152(sp)
20002338:	09412a83          	lw	s5,148(sp)
2000233c:	09012b03          	lw	s6,144(sp)
20002340:	08c12b83          	lw	s7,140(sp)
20002344:	08812c03          	lw	s8,136(sp)
20002348:	08412c83          	lw	s9,132(sp)
2000234c:	0b010113          	addi	sp,sp,176
20002350:	00008067          	ret
20002354:	001c0c13          	addi	s8,s8,1
20002358:	eddff06f          	j	20002234 <_vfiprintf_r+0x94>
2000235c:	41450533          	sub	a0,a0,s4
20002360:	00ab9533          	sll	a0,s7,a0
20002364:	00f56533          	or	a0,a0,a5
20002368:	02a12023          	sw	a0,32(sp)
2000236c:	00068413          	mv	s0,a3
20002370:	f31ff06f          	j	200022a0 <_vfiprintf_r+0x100>
20002374:	01c12703          	lw	a4,28(sp)
20002378:	00470613          	addi	a2,a4,4
2000237c:	00072703          	lw	a4,0(a4)
20002380:	00c12e23          	sw	a2,28(sp)
20002384:	04074463          	bltz	a4,200023cc <_vfiprintf_r+0x22c>
20002388:	02e12623          	sw	a4,44(sp)
2000238c:	00068413          	mv	s0,a3
20002390:	00044703          	lbu	a4,0(s0)
20002394:	02e00793          	li	a5,46
20002398:	06f71e63          	bne	a4,a5,20002414 <_vfiprintf_r+0x274>
2000239c:	00144703          	lbu	a4,1(s0)
200023a0:	02a00793          	li	a5,42
200023a4:	04f71863          	bne	a4,a5,200023f4 <_vfiprintf_r+0x254>
200023a8:	01c12783          	lw	a5,28(sp)
200023ac:	00240413          	addi	s0,s0,2
200023b0:	00478713          	addi	a4,a5,4
200023b4:	0007a783          	lw	a5,0(a5)
200023b8:	00e12e23          	sw	a4,28(sp)
200023bc:	0007d463          	bgez	a5,200023c4 <_vfiprintf_r+0x224>
200023c0:	fff00793          	li	a5,-1
200023c4:	02f12223          	sw	a5,36(sp)
200023c8:	04c0006f          	j	20002414 <_vfiprintf_r+0x274>
200023cc:	40e00733          	neg	a4,a4
200023d0:	0027e793          	ori	a5,a5,2
200023d4:	02e12623          	sw	a4,44(sp)
200023d8:	02f12023          	sw	a5,32(sp)
200023dc:	fb1ff06f          	j	2000238c <_vfiprintf_r+0x1ec>
200023e0:	036787b3          	mul	a5,a5,s6
200023e4:	00140413          	addi	s0,s0,1
200023e8:	00100693          	li	a3,1
200023ec:	00e787b3          	add	a5,a5,a4
200023f0:	f05ff06f          	j	200022f4 <_vfiprintf_r+0x154>
200023f4:	00140413          	addi	s0,s0,1
200023f8:	02012223          	sw	zero,36(sp)
200023fc:	00000793          	li	a5,0
20002400:	00900693          	li	a3,9
20002404:	00044703          	lbu	a4,0(s0)
20002408:	fd070713          	addi	a4,a4,-48
2000240c:	08e6f863          	bgeu	a3,a4,2000249c <_vfiprintf_r+0x2fc>
20002410:	fa0c9ae3          	bnez	s9,200023c4 <_vfiprintf_r+0x224>
20002414:	00044583          	lbu	a1,0(s0)
20002418:	20004c37          	lui	s8,0x20004
2000241c:	00300613          	li	a2,3
20002420:	f18c0513          	addi	a0,s8,-232 # 20003f18 <__clz_tab+0x108>
20002424:	338010ef          	jal	2000375c <memchr>
20002428:	02050263          	beqz	a0,2000244c <_vfiprintf_r+0x2ac>
2000242c:	02012783          	lw	a5,32(sp)
20002430:	f18c0c13          	addi	s8,s8,-232
20002434:	41850533          	sub	a0,a0,s8
20002438:	04000713          	li	a4,64
2000243c:	00a71733          	sll	a4,a4,a0
20002440:	00e7e7b3          	or	a5,a5,a4
20002444:	00140413          	addi	s0,s0,1
20002448:	02f12023          	sw	a5,32(sp)
2000244c:	00044583          	lbu	a1,0(s0)
20002450:	20004537          	lui	a0,0x20004
20002454:	00600613          	li	a2,6
20002458:	f1c50513          	addi	a0,a0,-228 # 20003f1c <__clz_tab+0x10c>
2000245c:	02b10c23          	sb	a1,56(sp)
20002460:	2fc010ef          	jal	2000375c <memchr>
20002464:	08050c63          	beqz	a0,200024fc <_vfiprintf_r+0x35c>
20002468:	00000793          	li	a5,0
2000246c:	04079a63          	bnez	a5,200024c0 <_vfiprintf_r+0x320>
20002470:	02012703          	lw	a4,32(sp)
20002474:	01c12783          	lw	a5,28(sp)
20002478:	10077713          	andi	a4,a4,256
2000247c:	02070a63          	beqz	a4,200024b0 <_vfiprintf_r+0x310>
20002480:	00478793          	addi	a5,a5,4
20002484:	00f12e23          	sw	a5,28(sp)
20002488:	03412783          	lw	a5,52(sp)
2000248c:	00140413          	addi	s0,s0,1
20002490:	012787b3          	add	a5,a5,s2
20002494:	02f12a23          	sw	a5,52(sp)
20002498:	d99ff06f          	j	20002230 <_vfiprintf_r+0x90>
2000249c:	036787b3          	mul	a5,a5,s6
200024a0:	00140413          	addi	s0,s0,1
200024a4:	00100c93          	li	s9,1
200024a8:	00e787b3          	add	a5,a5,a4
200024ac:	f59ff06f          	j	20002404 <_vfiprintf_r+0x264>
200024b0:	00778793          	addi	a5,a5,7
200024b4:	ff87f793          	andi	a5,a5,-8
200024b8:	00878793          	addi	a5,a5,8
200024bc:	fc9ff06f          	j	20002484 <_vfiprintf_r+0x2e4>
200024c0:	200026b7          	lui	a3,0x20002
200024c4:	01c10713          	addi	a4,sp,28
200024c8:	0f068693          	addi	a3,a3,240 # 200020f0 <__sfputs_r>
200024cc:	00048613          	mv	a2,s1
200024d0:	02010593          	addi	a1,sp,32
200024d4:	00098513          	mv	a0,s3
200024d8:	00000097          	auipc	ra,0x0
200024dc:	000000e7          	jalr	zero # 0 <_start-0x20000000>
200024e0:	00050913          	mv	s2,a0
200024e4:	fb5512e3          	bne	a0,s5,20002488 <_vfiprintf_r+0x2e8>
200024e8:	00c4d783          	lhu	a5,12(s1)
200024ec:	0407f793          	andi	a5,a5,64
200024f0:	e20796e3          	bnez	a5,2000231c <_vfiprintf_r+0x17c>
200024f4:	03412503          	lw	a0,52(sp)
200024f8:	e29ff06f          	j	20002320 <_vfiprintf_r+0x180>
200024fc:	200026b7          	lui	a3,0x20002
20002500:	01c10713          	addi	a4,sp,28
20002504:	0f068693          	addi	a3,a3,240 # 200020f0 <__sfputs_r>
20002508:	00048613          	mv	a2,s1
2000250c:	02010593          	addi	a1,sp,32
20002510:	00098513          	mv	a0,s3
20002514:	1d4000ef          	jal	200026e8 <_printf_i>
20002518:	fc9ff06f          	j	200024e0 <_vfiprintf_r+0x340>

2000251c <vfiprintf>:
2000251c:	200047b7          	lui	a5,0x20004
20002520:	00060693          	mv	a3,a2
20002524:	00058613          	mv	a2,a1
20002528:	00050593          	mv	a1,a0
2000252c:	0387a503          	lw	a0,56(a5) # 20004038 <_impure_ptr>
20002530:	c71ff06f          	j	200021a0 <_vfiprintf_r>

20002534 <_printf_common>:
20002534:	fd010113          	addi	sp,sp,-48
20002538:	01312e23          	sw	s3,28(sp)
2000253c:	0105a783          	lw	a5,16(a1)
20002540:	00070993          	mv	s3,a4
20002544:	0085a703          	lw	a4,8(a1)
20002548:	02812423          	sw	s0,40(sp)
2000254c:	03212023          	sw	s2,32(sp)
20002550:	01612823          	sw	s6,16(sp)
20002554:	01712623          	sw	s7,12(sp)
20002558:	02112623          	sw	ra,44(sp)
2000255c:	02912223          	sw	s1,36(sp)
20002560:	01412c23          	sw	s4,24(sp)
20002564:	01512a23          	sw	s5,20(sp)
20002568:	00050b13          	mv	s6,a0
2000256c:	00058413          	mv	s0,a1
20002570:	00060913          	mv	s2,a2
20002574:	00068b93          	mv	s7,a3
20002578:	00e7d463          	bge	a5,a4,20002580 <_printf_common+0x4c>
2000257c:	00070793          	mv	a5,a4
20002580:	00f92023          	sw	a5,0(s2)
20002584:	04344703          	lbu	a4,67(s0)
20002588:	00070663          	beqz	a4,20002594 <_printf_common+0x60>
2000258c:	00178793          	addi	a5,a5,1
20002590:	00f92023          	sw	a5,0(s2)
20002594:	00042783          	lw	a5,0(s0)
20002598:	0207f793          	andi	a5,a5,32
2000259c:	00078863          	beqz	a5,200025ac <_printf_common+0x78>
200025a0:	00092783          	lw	a5,0(s2)
200025a4:	00278793          	addi	a5,a5,2
200025a8:	00f92023          	sw	a5,0(s2)
200025ac:	00042483          	lw	s1,0(s0)
200025b0:	0064f493          	andi	s1,s1,6
200025b4:	00049e63          	bnez	s1,200025d0 <_printf_common+0x9c>
200025b8:	01940a13          	addi	s4,s0,25
200025bc:	fff00a93          	li	s5,-1
200025c0:	00c42783          	lw	a5,12(s0)
200025c4:	00092703          	lw	a4,0(s2)
200025c8:	40e787b3          	sub	a5,a5,a4
200025cc:	08f4c463          	blt	s1,a5,20002654 <_printf_common+0x120>
200025d0:	00042783          	lw	a5,0(s0)
200025d4:	04344683          	lbu	a3,67(s0)
200025d8:	0207f793          	andi	a5,a5,32
200025dc:	00d036b3          	snez	a3,a3
200025e0:	0c079263          	bnez	a5,200026a4 <_printf_common+0x170>
200025e4:	04340613          	addi	a2,s0,67
200025e8:	000b8593          	mv	a1,s7
200025ec:	000b0513          	mv	a0,s6
200025f0:	000980e7          	jalr	s3
200025f4:	fff00793          	li	a5,-1
200025f8:	06f50a63          	beq	a0,a5,2000266c <_printf_common+0x138>
200025fc:	00042783          	lw	a5,0(s0)
20002600:	00400713          	li	a4,4
20002604:	00000493          	li	s1,0
20002608:	0067f793          	andi	a5,a5,6
2000260c:	00e79e63          	bne	a5,a4,20002628 <_printf_common+0xf4>
20002610:	00092783          	lw	a5,0(s2)
20002614:	00c42483          	lw	s1,12(s0)
20002618:	40f484b3          	sub	s1,s1,a5
2000261c:	fff4c793          	not	a5,s1
20002620:	41f7d793          	srai	a5,a5,0x1f
20002624:	00f4f4b3          	and	s1,s1,a5
20002628:	00842783          	lw	a5,8(s0)
2000262c:	01042703          	lw	a4,16(s0)
20002630:	00f75663          	bge	a4,a5,2000263c <_printf_common+0x108>
20002634:	40e787b3          	sub	a5,a5,a4
20002638:	00f484b3          	add	s1,s1,a5
2000263c:	00000913          	li	s2,0
20002640:	01a40413          	addi	s0,s0,26
20002644:	fff00a13          	li	s4,-1
20002648:	09249063          	bne	s1,s2,200026c8 <_printf_common+0x194>
2000264c:	00000513          	li	a0,0
20002650:	0200006f          	j	20002670 <_printf_common+0x13c>
20002654:	00100693          	li	a3,1
20002658:	000a0613          	mv	a2,s4
2000265c:	000b8593          	mv	a1,s7
20002660:	000b0513          	mv	a0,s6
20002664:	000980e7          	jalr	s3
20002668:	03551a63          	bne	a0,s5,2000269c <_printf_common+0x168>
2000266c:	fff00513          	li	a0,-1
20002670:	02c12083          	lw	ra,44(sp)
20002674:	02812403          	lw	s0,40(sp)
20002678:	02412483          	lw	s1,36(sp)
2000267c:	02012903          	lw	s2,32(sp)
20002680:	01c12983          	lw	s3,28(sp)
20002684:	01812a03          	lw	s4,24(sp)
20002688:	01412a83          	lw	s5,20(sp)
2000268c:	01012b03          	lw	s6,16(sp)
20002690:	00c12b83          	lw	s7,12(sp)
20002694:	03010113          	addi	sp,sp,48
20002698:	00008067          	ret
2000269c:	00148493          	addi	s1,s1,1
200026a0:	f21ff06f          	j	200025c0 <_printf_common+0x8c>
200026a4:	00d40733          	add	a4,s0,a3
200026a8:	03000613          	li	a2,48
200026ac:	04c701a3          	sb	a2,67(a4)
200026b0:	04544703          	lbu	a4,69(s0)
200026b4:	00168793          	addi	a5,a3,1
200026b8:	00f407b3          	add	a5,s0,a5
200026bc:	00268693          	addi	a3,a3,2
200026c0:	04e781a3          	sb	a4,67(a5)
200026c4:	f21ff06f          	j	200025e4 <_printf_common+0xb0>
200026c8:	00100693          	li	a3,1
200026cc:	00040613          	mv	a2,s0
200026d0:	000b8593          	mv	a1,s7
200026d4:	000b0513          	mv	a0,s6
200026d8:	000980e7          	jalr	s3
200026dc:	f94508e3          	beq	a0,s4,2000266c <_printf_common+0x138>
200026e0:	00190913          	addi	s2,s2,1
200026e4:	f65ff06f          	j	20002648 <_printf_common+0x114>

200026e8 <_printf_i>:
200026e8:	fc010113          	addi	sp,sp,-64
200026ec:	02812c23          	sw	s0,56(sp)
200026f0:	02912a23          	sw	s1,52(sp)
200026f4:	03412423          	sw	s4,40(sp)
200026f8:	03512223          	sw	s5,36(sp)
200026fc:	02112e23          	sw	ra,60(sp)
20002700:	03212823          	sw	s2,48(sp)
20002704:	03312623          	sw	s3,44(sp)
20002708:	0185c783          	lbu	a5,24(a1)
2000270c:	00068493          	mv	s1,a3
20002710:	07800693          	li	a3,120
20002714:	00050a13          	mv	s4,a0
20002718:	00058413          	mv	s0,a1
2000271c:	00060a93          	mv	s5,a2
20002720:	00f6ee63          	bltu	a3,a5,2000273c <_printf_i+0x54>
20002724:	06200693          	li	a3,98
20002728:	04358613          	addi	a2,a1,67
2000272c:	00f6ec63          	bltu	a3,a5,20002744 <_printf_i+0x5c>
20002730:	28078263          	beqz	a5,200029b4 <_printf_i+0x2cc>
20002734:	05800693          	li	a3,88
20002738:	20d78e63          	beq	a5,a3,20002954 <_printf_i+0x26c>
2000273c:	04240913          	addi	s2,s0,66
20002740:	0400006f          	j	20002780 <_printf_i+0x98>
20002744:	f9d78693          	addi	a3,a5,-99
20002748:	0ff6f693          	zext.b	a3,a3
2000274c:	01500593          	li	a1,21
20002750:	fed5e6e3          	bltu	a1,a3,2000273c <_printf_i+0x54>
20002754:	200045b7          	lui	a1,0x20004
20002758:	00269693          	slli	a3,a3,0x2
2000275c:	f4c58593          	addi	a1,a1,-180 # 20003f4c <__clz_tab+0x13c>
20002760:	00b686b3          	add	a3,a3,a1
20002764:	0006a683          	lw	a3,0(a3)
20002768:	00068067          	jr	a3
2000276c:	00072783          	lw	a5,0(a4)
20002770:	04240913          	addi	s2,s0,66
20002774:	00478693          	addi	a3,a5,4
20002778:	0007a783          	lw	a5,0(a5)
2000277c:	00d72023          	sw	a3,0(a4)
20002780:	04f40123          	sb	a5,66(s0)
20002784:	00100793          	li	a5,1
20002788:	2680006f          	j	200029f0 <_printf_i+0x308>
2000278c:	00042783          	lw	a5,0(s0)
20002790:	00072503          	lw	a0,0(a4)
20002794:	0807f693          	andi	a3,a5,128
20002798:	00450593          	addi	a1,a0,4
2000279c:	02068663          	beqz	a3,200027c8 <_printf_i+0xe0>
200027a0:	00052783          	lw	a5,0(a0)
200027a4:	00b72023          	sw	a1,0(a4)
200027a8:	200046b7          	lui	a3,0x20004
200027ac:	0007d863          	bgez	a5,200027bc <_printf_i+0xd4>
200027b0:	02d00713          	li	a4,45
200027b4:	40f007b3          	neg	a5,a5
200027b8:	04e401a3          	sb	a4,67(s0)
200027bc:	f2468693          	addi	a3,a3,-220 # 20003f24 <__clz_tab+0x114>
200027c0:	00a00713          	li	a4,10
200027c4:	0680006f          	j	2000282c <_printf_i+0x144>
200027c8:	0407f693          	andi	a3,a5,64
200027cc:	00052783          	lw	a5,0(a0)
200027d0:	00b72023          	sw	a1,0(a4)
200027d4:	fc068ae3          	beqz	a3,200027a8 <_printf_i+0xc0>
200027d8:	01079793          	slli	a5,a5,0x10
200027dc:	4107d793          	srai	a5,a5,0x10
200027e0:	fc9ff06f          	j	200027a8 <_printf_i+0xc0>
200027e4:	00042583          	lw	a1,0(s0)
200027e8:	00072683          	lw	a3,0(a4)
200027ec:	0805f513          	andi	a0,a1,128
200027f0:	0006a783          	lw	a5,0(a3)
200027f4:	00468693          	addi	a3,a3,4
200027f8:	00051a63          	bnez	a0,2000280c <_printf_i+0x124>
200027fc:	0405f593          	andi	a1,a1,64
20002800:	00058663          	beqz	a1,2000280c <_printf_i+0x124>
20002804:	01079793          	slli	a5,a5,0x10
20002808:	0107d793          	srli	a5,a5,0x10
2000280c:	00d72023          	sw	a3,0(a4)
20002810:	01844583          	lbu	a1,24(s0)
20002814:	200046b7          	lui	a3,0x20004
20002818:	06f00713          	li	a4,111
2000281c:	f2468693          	addi	a3,a3,-220 # 20003f24 <__clz_tab+0x114>
20002820:	14e59863          	bne	a1,a4,20002970 <_printf_i+0x288>
20002824:	00800713          	li	a4,8
20002828:	040401a3          	sb	zero,67(s0)
2000282c:	00442583          	lw	a1,4(s0)
20002830:	00b42423          	sw	a1,8(s0)
20002834:	0005ce63          	bltz	a1,20002850 <_printf_i+0x168>
20002838:	00042503          	lw	a0,0(s0)
2000283c:	00b7e5b3          	or	a1,a5,a1
20002840:	00060913          	mv	s2,a2
20002844:	ffb57513          	andi	a0,a0,-5
20002848:	00a42023          	sw	a0,0(s0)
2000284c:	02058463          	beqz	a1,20002874 <_printf_i+0x18c>
20002850:	00060913          	mv	s2,a2
20002854:	02e7f5b3          	remu	a1,a5,a4
20002858:	fff90913          	addi	s2,s2,-1
2000285c:	00b685b3          	add	a1,a3,a1
20002860:	0005c583          	lbu	a1,0(a1)
20002864:	00b90023          	sb	a1,0(s2)
20002868:	00078593          	mv	a1,a5
2000286c:	02e7d7b3          	divu	a5,a5,a4
20002870:	fee5f2e3          	bgeu	a1,a4,20002854 <_printf_i+0x16c>
20002874:	00800793          	li	a5,8
20002878:	02f71463          	bne	a4,a5,200028a0 <_printf_i+0x1b8>
2000287c:	00042783          	lw	a5,0(s0)
20002880:	0017f793          	andi	a5,a5,1
20002884:	00078e63          	beqz	a5,200028a0 <_printf_i+0x1b8>
20002888:	00442703          	lw	a4,4(s0)
2000288c:	01042783          	lw	a5,16(s0)
20002890:	00e7c863          	blt	a5,a4,200028a0 <_printf_i+0x1b8>
20002894:	03000793          	li	a5,48
20002898:	fef90fa3          	sb	a5,-1(s2)
2000289c:	fff90913          	addi	s2,s2,-1
200028a0:	41260633          	sub	a2,a2,s2
200028a4:	00c42823          	sw	a2,16(s0)
200028a8:	00048713          	mv	a4,s1
200028ac:	000a8693          	mv	a3,s5
200028b0:	01c10613          	addi	a2,sp,28
200028b4:	00040593          	mv	a1,s0
200028b8:	000a0513          	mv	a0,s4
200028bc:	c79ff0ef          	jal	20002534 <_printf_common>
200028c0:	fff00993          	li	s3,-1
200028c4:	13351c63          	bne	a0,s3,200029fc <_printf_i+0x314>
200028c8:	fff00513          	li	a0,-1
200028cc:	03c12083          	lw	ra,60(sp)
200028d0:	03812403          	lw	s0,56(sp)
200028d4:	03412483          	lw	s1,52(sp)
200028d8:	03012903          	lw	s2,48(sp)
200028dc:	02c12983          	lw	s3,44(sp)
200028e0:	02812a03          	lw	s4,40(sp)
200028e4:	02412a83          	lw	s5,36(sp)
200028e8:	04010113          	addi	sp,sp,64
200028ec:	00008067          	ret
200028f0:	00042783          	lw	a5,0(s0)
200028f4:	0207e793          	ori	a5,a5,32
200028f8:	00f42023          	sw	a5,0(s0)
200028fc:	200046b7          	lui	a3,0x20004
20002900:	07800793          	li	a5,120
20002904:	f3868693          	addi	a3,a3,-200 # 20003f38 <__clz_tab+0x128>
20002908:	04f402a3          	sb	a5,69(s0)
2000290c:	00042583          	lw	a1,0(s0)
20002910:	00072503          	lw	a0,0(a4)
20002914:	0805f813          	andi	a6,a1,128
20002918:	00052783          	lw	a5,0(a0)
2000291c:	00450513          	addi	a0,a0,4
20002920:	00081a63          	bnez	a6,20002934 <_printf_i+0x24c>
20002924:	0405f813          	andi	a6,a1,64
20002928:	00080663          	beqz	a6,20002934 <_printf_i+0x24c>
2000292c:	01079793          	slli	a5,a5,0x10
20002930:	0107d793          	srli	a5,a5,0x10
20002934:	00a72023          	sw	a0,0(a4)
20002938:	0015f713          	andi	a4,a1,1
2000293c:	00070663          	beqz	a4,20002948 <_printf_i+0x260>
20002940:	0205e593          	ori	a1,a1,32
20002944:	00b42023          	sw	a1,0(s0)
20002948:	00078c63          	beqz	a5,20002960 <_printf_i+0x278>
2000294c:	01000713          	li	a4,16
20002950:	ed9ff06f          	j	20002828 <_printf_i+0x140>
20002954:	200046b7          	lui	a3,0x20004
20002958:	f2468693          	addi	a3,a3,-220 # 20003f24 <__clz_tab+0x114>
2000295c:	fadff06f          	j	20002908 <_printf_i+0x220>
20002960:	00042703          	lw	a4,0(s0)
20002964:	fdf77713          	andi	a4,a4,-33
20002968:	00e42023          	sw	a4,0(s0)
2000296c:	fe1ff06f          	j	2000294c <_printf_i+0x264>
20002970:	00a00713          	li	a4,10
20002974:	eb5ff06f          	j	20002828 <_printf_i+0x140>
20002978:	00042683          	lw	a3,0(s0)
2000297c:	00072783          	lw	a5,0(a4)
20002980:	01442583          	lw	a1,20(s0)
20002984:	0806f813          	andi	a6,a3,128
20002988:	00478513          	addi	a0,a5,4
2000298c:	00080a63          	beqz	a6,200029a0 <_printf_i+0x2b8>
20002990:	00a72023          	sw	a0,0(a4)
20002994:	0007a783          	lw	a5,0(a5)
20002998:	00b7a023          	sw	a1,0(a5)
2000299c:	0180006f          	j	200029b4 <_printf_i+0x2cc>
200029a0:	00a72023          	sw	a0,0(a4)
200029a4:	0406f693          	andi	a3,a3,64
200029a8:	0007a783          	lw	a5,0(a5)
200029ac:	fe0686e3          	beqz	a3,20002998 <_printf_i+0x2b0>
200029b0:	00b79023          	sh	a1,0(a5)
200029b4:	00042823          	sw	zero,16(s0)
200029b8:	00060913          	mv	s2,a2
200029bc:	eedff06f          	j	200028a8 <_printf_i+0x1c0>
200029c0:	00072783          	lw	a5,0(a4)
200029c4:	00442603          	lw	a2,4(s0)
200029c8:	00000593          	li	a1,0
200029cc:	00478693          	addi	a3,a5,4
200029d0:	00d72023          	sw	a3,0(a4)
200029d4:	0007a903          	lw	s2,0(a5)
200029d8:	00090513          	mv	a0,s2
200029dc:	581000ef          	jal	2000375c <memchr>
200029e0:	00050663          	beqz	a0,200029ec <_printf_i+0x304>
200029e4:	41250533          	sub	a0,a0,s2
200029e8:	00a42223          	sw	a0,4(s0)
200029ec:	00442783          	lw	a5,4(s0)
200029f0:	00f42823          	sw	a5,16(s0)
200029f4:	040401a3          	sb	zero,67(s0)
200029f8:	eb1ff06f          	j	200028a8 <_printf_i+0x1c0>
200029fc:	01042683          	lw	a3,16(s0)
20002a00:	00090613          	mv	a2,s2
20002a04:	000a8593          	mv	a1,s5
20002a08:	000a0513          	mv	a0,s4
20002a0c:	000480e7          	jalr	s1
20002a10:	eb350ce3          	beq	a0,s3,200028c8 <_printf_i+0x1e0>
20002a14:	00042783          	lw	a5,0(s0)
20002a18:	0027f793          	andi	a5,a5,2
20002a1c:	04079663          	bnez	a5,20002a68 <_printf_i+0x380>
20002a20:	01c12783          	lw	a5,28(sp)
20002a24:	00c42503          	lw	a0,12(s0)
20002a28:	eaf552e3          	bge	a0,a5,200028cc <_printf_i+0x1e4>
20002a2c:	00078513          	mv	a0,a5
20002a30:	e9dff06f          	j	200028cc <_printf_i+0x1e4>
20002a34:	00100693          	li	a3,1
20002a38:	000a8593          	mv	a1,s5
20002a3c:	000a0513          	mv	a0,s4
20002a40:	00c12623          	sw	a2,12(sp)
20002a44:	000480e7          	jalr	s1
20002a48:	e93500e3          	beq	a0,s3,200028c8 <_printf_i+0x1e0>
20002a4c:	00c12603          	lw	a2,12(sp)
20002a50:	00190913          	addi	s2,s2,1
20002a54:	00c42783          	lw	a5,12(s0)
20002a58:	01c12703          	lw	a4,28(sp)
20002a5c:	40e787b3          	sub	a5,a5,a4
20002a60:	fcf94ae3          	blt	s2,a5,20002a34 <_printf_i+0x34c>
20002a64:	fbdff06f          	j	20002a20 <_printf_i+0x338>
20002a68:	00000913          	li	s2,0
20002a6c:	01940613          	addi	a2,s0,25
20002a70:	fe5ff06f          	j	20002a54 <_printf_i+0x36c>

20002a74 <__sflush_r>:
20002a74:	00c59783          	lh	a5,12(a1)
20002a78:	fe010113          	addi	sp,sp,-32
20002a7c:	00812c23          	sw	s0,24(sp)
20002a80:	00912a23          	sw	s1,20(sp)
20002a84:	00112e23          	sw	ra,28(sp)
20002a88:	01212823          	sw	s2,16(sp)
20002a8c:	0087f713          	andi	a4,a5,8
20002a90:	00050493          	mv	s1,a0
20002a94:	00058413          	mv	s0,a1
20002a98:	12071263          	bnez	a4,20002bbc <__sflush_r+0x148>
20002a9c:	0045a703          	lw	a4,4(a1)
20002aa0:	00e04663          	bgtz	a4,20002aac <__sflush_r+0x38>
20002aa4:	0405a703          	lw	a4,64(a1)
20002aa8:	10e05663          	blez	a4,20002bb4 <__sflush_r+0x140>
20002aac:	02c42703          	lw	a4,44(s0)
20002ab0:	10070263          	beqz	a4,20002bb4 <__sflush_r+0x140>
20002ab4:	0004a903          	lw	s2,0(s1)
20002ab8:	01379693          	slli	a3,a5,0x13
20002abc:	0004a023          	sw	zero,0(s1)
20002ac0:	0a06dc63          	bgez	a3,20002b78 <__sflush_r+0x104>
20002ac4:	05442603          	lw	a2,84(s0)
20002ac8:	00c45783          	lhu	a5,12(s0)
20002acc:	0047f793          	andi	a5,a5,4
20002ad0:	00078e63          	beqz	a5,20002aec <__sflush_r+0x78>
20002ad4:	00442783          	lw	a5,4(s0)
20002ad8:	40f60633          	sub	a2,a2,a5
20002adc:	03442783          	lw	a5,52(s0)
20002ae0:	00078663          	beqz	a5,20002aec <__sflush_r+0x78>
20002ae4:	04042783          	lw	a5,64(s0)
20002ae8:	40f60633          	sub	a2,a2,a5
20002aec:	02c42783          	lw	a5,44(s0)
20002af0:	02042583          	lw	a1,32(s0)
20002af4:	00000693          	li	a3,0
20002af8:	00048513          	mv	a0,s1
20002afc:	000780e7          	jalr	a5
20002b00:	fff00713          	li	a4,-1
20002b04:	00c41783          	lh	a5,12(s0)
20002b08:	02e51263          	bne	a0,a4,20002b2c <__sflush_r+0xb8>
20002b0c:	0004a683          	lw	a3,0(s1)
20002b10:	01d00713          	li	a4,29
20002b14:	0ed76c63          	bltu	a4,a3,20002c0c <__sflush_r+0x198>
20002b18:	20400737          	lui	a4,0x20400
20002b1c:	00170713          	addi	a4,a4,1 # 20400001 <__stack_top+0x3fb26d>
20002b20:	00d75733          	srl	a4,a4,a3
20002b24:	00177713          	andi	a4,a4,1
20002b28:	0e070263          	beqz	a4,20002c0c <__sflush_r+0x198>
20002b2c:	01042703          	lw	a4,16(s0)
20002b30:	00042223          	sw	zero,4(s0)
20002b34:	00e42023          	sw	a4,0(s0)
20002b38:	01379713          	slli	a4,a5,0x13
20002b3c:	00075c63          	bgez	a4,20002b54 <__sflush_r+0xe0>
20002b40:	fff00793          	li	a5,-1
20002b44:	00f51663          	bne	a0,a5,20002b50 <__sflush_r+0xdc>
20002b48:	0004a783          	lw	a5,0(s1)
20002b4c:	00079463          	bnez	a5,20002b54 <__sflush_r+0xe0>
20002b50:	04a42a23          	sw	a0,84(s0)
20002b54:	03442583          	lw	a1,52(s0)
20002b58:	0124a023          	sw	s2,0(s1)
20002b5c:	04058c63          	beqz	a1,20002bb4 <__sflush_r+0x140>
20002b60:	04440793          	addi	a5,s0,68
20002b64:	00f58663          	beq	a1,a5,20002b70 <__sflush_r+0xfc>
20002b68:	00048513          	mv	a0,s1
20002b6c:	9dcff0ef          	jal	20001d48 <_free_r>
20002b70:	02042a23          	sw	zero,52(s0)
20002b74:	0400006f          	j	20002bb4 <__sflush_r+0x140>
20002b78:	02042583          	lw	a1,32(s0)
20002b7c:	00000613          	li	a2,0
20002b80:	00100693          	li	a3,1
20002b84:	00048513          	mv	a0,s1
20002b88:	000700e7          	jalr	a4
20002b8c:	fff00793          	li	a5,-1
20002b90:	00050613          	mv	a2,a0
20002b94:	f2f51ae3          	bne	a0,a5,20002ac8 <__sflush_r+0x54>
20002b98:	0004a783          	lw	a5,0(s1)
20002b9c:	f20786e3          	beqz	a5,20002ac8 <__sflush_r+0x54>
20002ba0:	fe378713          	addi	a4,a5,-29
20002ba4:	00070663          	beqz	a4,20002bb0 <__sflush_r+0x13c>
20002ba8:	fea78793          	addi	a5,a5,-22
20002bac:	04079e63          	bnez	a5,20002c08 <__sflush_r+0x194>
20002bb0:	0124a023          	sw	s2,0(s1)
20002bb4:	00000513          	li	a0,0
20002bb8:	0600006f          	j	20002c18 <__sflush_r+0x1a4>
20002bbc:	0105a603          	lw	a2,16(a1)
20002bc0:	fe060ae3          	beqz	a2,20002bb4 <__sflush_r+0x140>
20002bc4:	0005a683          	lw	a3,0(a1)
20002bc8:	0037f793          	andi	a5,a5,3
20002bcc:	00c5a023          	sw	a2,0(a1)
20002bd0:	40c68933          	sub	s2,a3,a2
20002bd4:	00000713          	li	a4,0
20002bd8:	00079463          	bnez	a5,20002be0 <__sflush_r+0x16c>
20002bdc:	0145a703          	lw	a4,20(a1)
20002be0:	00e42423          	sw	a4,8(s0)
20002be4:	fd2058e3          	blez	s2,20002bb4 <__sflush_r+0x140>
20002be8:	02842783          	lw	a5,40(s0)
20002bec:	02042583          	lw	a1,32(s0)
20002bf0:	00090693          	mv	a3,s2
20002bf4:	00048513          	mv	a0,s1
20002bf8:	00c12623          	sw	a2,12(sp)
20002bfc:	000780e7          	jalr	a5
20002c00:	00c12603          	lw	a2,12(sp)
20002c04:	02a04663          	bgtz	a0,20002c30 <__sflush_r+0x1bc>
20002c08:	00c45783          	lhu	a5,12(s0)
20002c0c:	0407e793          	ori	a5,a5,64
20002c10:	00f41623          	sh	a5,12(s0)
20002c14:	fff00513          	li	a0,-1
20002c18:	01c12083          	lw	ra,28(sp)
20002c1c:	01812403          	lw	s0,24(sp)
20002c20:	01412483          	lw	s1,20(sp)
20002c24:	01012903          	lw	s2,16(sp)
20002c28:	02010113          	addi	sp,sp,32
20002c2c:	00008067          	ret
20002c30:	00a60633          	add	a2,a2,a0
20002c34:	40a90933          	sub	s2,s2,a0
20002c38:	fadff06f          	j	20002be4 <__sflush_r+0x170>

20002c3c <_fflush_r>:
20002c3c:	0105a783          	lw	a5,16(a1)
20002c40:	04078e63          	beqz	a5,20002c9c <_fflush_r+0x60>
20002c44:	fe010113          	addi	sp,sp,-32
20002c48:	00812c23          	sw	s0,24(sp)
20002c4c:	00112e23          	sw	ra,28(sp)
20002c50:	00050413          	mv	s0,a0
20002c54:	00050c63          	beqz	a0,20002c6c <_fflush_r+0x30>
20002c58:	02052783          	lw	a5,32(a0)
20002c5c:	00079863          	bnez	a5,20002c6c <_fflush_r+0x30>
20002c60:	00b12623          	sw	a1,12(sp)
20002c64:	2fc000ef          	jal	20002f60 <__sinit>
20002c68:	00c12583          	lw	a1,12(sp)
20002c6c:	00c59783          	lh	a5,12(a1)
20002c70:	00078c63          	beqz	a5,20002c88 <_fflush_r+0x4c>
20002c74:	00040513          	mv	a0,s0
20002c78:	01812403          	lw	s0,24(sp)
20002c7c:	01c12083          	lw	ra,28(sp)
20002c80:	02010113          	addi	sp,sp,32
20002c84:	df1ff06f          	j	20002a74 <__sflush_r>
20002c88:	01c12083          	lw	ra,28(sp)
20002c8c:	01812403          	lw	s0,24(sp)
20002c90:	00000513          	li	a0,0
20002c94:	02010113          	addi	sp,sp,32
20002c98:	00008067          	ret
20002c9c:	00000513          	li	a0,0
20002ca0:	00008067          	ret

20002ca4 <fflush>:
20002ca4:	00050593          	mv	a1,a0
20002ca8:	02051063          	bnez	a0,20002cc8 <fflush+0x24>
20002cac:	20004637          	lui	a2,0x20004
20002cb0:	200035b7          	lui	a1,0x20003
20002cb4:	20004537          	lui	a0,0x20004
20002cb8:	02c60613          	addi	a2,a2,44 # 2000402c <__sglue>
20002cbc:	c3c58593          	addi	a1,a1,-964 # 20002c3c <_fflush_r>
20002cc0:	fe050513          	addi	a0,a0,-32 # 20003fe0 <_impure_data>
20002cc4:	75c0006f          	j	20003420 <_fwalk_sglue>
20002cc8:	200047b7          	lui	a5,0x20004
20002ccc:	0387a503          	lw	a0,56(a5) # 20004038 <_impure_ptr>
20002cd0:	f6dff06f          	j	20002c3c <_fflush_r>

20002cd4 <__fp_lock>:
20002cd4:	00000513          	li	a0,0
20002cd8:	00008067          	ret

20002cdc <std>:
20002cdc:	ff010113          	addi	sp,sp,-16
20002ce0:	00812423          	sw	s0,8(sp)
20002ce4:	00112623          	sw	ra,12(sp)
20002ce8:	00050413          	mv	s0,a0
20002cec:	00b51623          	sh	a1,12(a0)
20002cf0:	00c51723          	sh	a2,14(a0)
20002cf4:	00052023          	sw	zero,0(a0)
20002cf8:	00052223          	sw	zero,4(a0)
20002cfc:	00052423          	sw	zero,8(a0)
20002d00:	06052223          	sw	zero,100(a0)
20002d04:	00052823          	sw	zero,16(a0)
20002d08:	00052a23          	sw	zero,20(a0)
20002d0c:	00052c23          	sw	zero,24(a0)
20002d10:	00800613          	li	a2,8
20002d14:	00000593          	li	a1,0
20002d18:	05c50513          	addi	a0,a0,92
20002d1c:	64d000ef          	jal	20003b68 <memset>
20002d20:	200037b7          	lui	a5,0x20003
20002d24:	62078793          	addi	a5,a5,1568 # 20003620 <__sread>
20002d28:	02f42223          	sw	a5,36(s0)
20002d2c:	200037b7          	lui	a5,0x20003
20002d30:	67878793          	addi	a5,a5,1656 # 20003678 <__swrite>
20002d34:	02f42423          	sw	a5,40(s0)
20002d38:	200037b7          	lui	a5,0x20003
20002d3c:	6fc78793          	addi	a5,a5,1788 # 200036fc <__sseek>
20002d40:	02f42623          	sw	a5,44(s0)
20002d44:	200037b7          	lui	a5,0x20003
20002d48:	75478793          	addi	a5,a5,1876 # 20003754 <__sclose>
20002d4c:	00c12083          	lw	ra,12(sp)
20002d50:	02842023          	sw	s0,32(s0)
20002d54:	02f42823          	sw	a5,48(s0)
20002d58:	00812403          	lw	s0,8(sp)
20002d5c:	01010113          	addi	sp,sp,16
20002d60:	00008067          	ret

20002d64 <stdio_exit_handler>:
20002d64:	20004637          	lui	a2,0x20004
20002d68:	200035b7          	lui	a1,0x20003
20002d6c:	20004537          	lui	a0,0x20004
20002d70:	02c60613          	addi	a2,a2,44 # 2000402c <__sglue>
20002d74:	c3c58593          	addi	a1,a1,-964 # 20002c3c <_fflush_r>
20002d78:	fe050513          	addi	a0,a0,-32 # 20003fe0 <_impure_data>
20002d7c:	6a40006f          	j	20003420 <_fwalk_sglue>

20002d80 <cleanup_stdio>:
20002d80:	00452583          	lw	a1,4(a0)
20002d84:	ff010113          	addi	sp,sp,-16
20002d88:	200047b7          	lui	a5,0x20004
20002d8c:	00812423          	sw	s0,8(sp)
20002d90:	00112623          	sw	ra,12(sp)
20002d94:	04c78793          	addi	a5,a5,76 # 2000404c <__sf>
20002d98:	00050413          	mv	s0,a0
20002d9c:	00f58463          	beq	a1,a5,20002da4 <cleanup_stdio+0x24>
20002da0:	e9dff0ef          	jal	20002c3c <_fflush_r>
20002da4:	00842583          	lw	a1,8(s0)
20002da8:	200047b7          	lui	a5,0x20004
20002dac:	0b478793          	addi	a5,a5,180 # 200040b4 <__sf+0x68>
20002db0:	00f58663          	beq	a1,a5,20002dbc <cleanup_stdio+0x3c>
20002db4:	00040513          	mv	a0,s0
20002db8:	e85ff0ef          	jal	20002c3c <_fflush_r>
20002dbc:	00c42583          	lw	a1,12(s0)
20002dc0:	200047b7          	lui	a5,0x20004
20002dc4:	11c78793          	addi	a5,a5,284 # 2000411c <__sf+0xd0>
20002dc8:	00f58c63          	beq	a1,a5,20002de0 <cleanup_stdio+0x60>
20002dcc:	00040513          	mv	a0,s0
20002dd0:	00812403          	lw	s0,8(sp)
20002dd4:	00c12083          	lw	ra,12(sp)
20002dd8:	01010113          	addi	sp,sp,16
20002ddc:	e61ff06f          	j	20002c3c <_fflush_r>
20002de0:	00c12083          	lw	ra,12(sp)
20002de4:	00812403          	lw	s0,8(sp)
20002de8:	01010113          	addi	sp,sp,16
20002dec:	00008067          	ret

20002df0 <global_stdio_init.part.0>:
20002df0:	200037b7          	lui	a5,0x20003
20002df4:	20004537          	lui	a0,0x20004
20002df8:	ff010113          	addi	sp,sp,-16
20002dfc:	20004737          	lui	a4,0x20004
20002e00:	d6478793          	addi	a5,a5,-668 # 20002d64 <stdio_exit_handler>
20002e04:	00000613          	li	a2,0
20002e08:	00400593          	li	a1,4
20002e0c:	04c50513          	addi	a0,a0,76 # 2000404c <__sf>
20002e10:	00112623          	sw	ra,12(sp)
20002e14:	18f72623          	sw	a5,396(a4) # 2000418c <__stdio_exit_handler>
20002e18:	ec5ff0ef          	jal	20002cdc <std>
20002e1c:	20004537          	lui	a0,0x20004
20002e20:	00100613          	li	a2,1
20002e24:	00900593          	li	a1,9
20002e28:	0b450513          	addi	a0,a0,180 # 200040b4 <__sf+0x68>
20002e2c:	eb1ff0ef          	jal	20002cdc <std>
20002e30:	00c12083          	lw	ra,12(sp)
20002e34:	20004537          	lui	a0,0x20004
20002e38:	00200613          	li	a2,2
20002e3c:	01200593          	li	a1,18
20002e40:	11c50513          	addi	a0,a0,284 # 2000411c <__sf+0xd0>
20002e44:	01010113          	addi	sp,sp,16
20002e48:	e95ff06f          	j	20002cdc <std>

20002e4c <__fp_unlock>:
20002e4c:	00000513          	li	a0,0
20002e50:	00008067          	ret

20002e54 <__sfp>:
20002e54:	200047b7          	lui	a5,0x20004
20002e58:	18c7a783          	lw	a5,396(a5) # 2000418c <__stdio_exit_handler>
20002e5c:	ff010113          	addi	sp,sp,-16
20002e60:	01212023          	sw	s2,0(sp)
20002e64:	00112623          	sw	ra,12(sp)
20002e68:	00812423          	sw	s0,8(sp)
20002e6c:	00912223          	sw	s1,4(sp)
20002e70:	00050913          	mv	s2,a0
20002e74:	00079463          	bnez	a5,20002e7c <__sfp+0x28>
20002e78:	f79ff0ef          	jal	20002df0 <global_stdio_init.part.0>
20002e7c:	200044b7          	lui	s1,0x20004
20002e80:	02c48493          	addi	s1,s1,44 # 2000402c <__sglue>
20002e84:	0084a403          	lw	s0,8(s1)
20002e88:	0044a783          	lw	a5,4(s1)
20002e8c:	fff78793          	addi	a5,a5,-1
20002e90:	0207d863          	bgez	a5,20002ec0 <__sfp+0x6c>
20002e94:	0004a403          	lw	s0,0(s1)
20002e98:	0c041063          	bnez	s0,20002f58 <__sfp+0x104>
20002e9c:	1ac00593          	li	a1,428
20002ea0:	00090513          	mv	a0,s2
20002ea4:	848ff0ef          	jal	20001eec <_malloc_r>
20002ea8:	00050413          	mv	s0,a0
20002eac:	08051463          	bnez	a0,20002f34 <__sfp+0xe0>
20002eb0:	0004a023          	sw	zero,0(s1)
20002eb4:	00c00793          	li	a5,12
20002eb8:	00f92023          	sw	a5,0(s2)
20002ebc:	0540006f          	j	20002f10 <__sfp+0xbc>
20002ec0:	00c41703          	lh	a4,12(s0)
20002ec4:	06071463          	bnez	a4,20002f2c <__sfp+0xd8>
20002ec8:	ffff07b7          	lui	a5,0xffff0
20002ecc:	00178793          	addi	a5,a5,1 # ffff0001 <__stack_top+0xdffeb26d>
20002ed0:	06042223          	sw	zero,100(s0)
20002ed4:	00042023          	sw	zero,0(s0)
20002ed8:	00042223          	sw	zero,4(s0)
20002edc:	00042423          	sw	zero,8(s0)
20002ee0:	00f42623          	sw	a5,12(s0)
20002ee4:	00042823          	sw	zero,16(s0)
20002ee8:	00042a23          	sw	zero,20(s0)
20002eec:	00042c23          	sw	zero,24(s0)
20002ef0:	00800613          	li	a2,8
20002ef4:	00000593          	li	a1,0
20002ef8:	05c40513          	addi	a0,s0,92
20002efc:	46d000ef          	jal	20003b68 <memset>
20002f00:	02042a23          	sw	zero,52(s0)
20002f04:	02042c23          	sw	zero,56(s0)
20002f08:	04042423          	sw	zero,72(s0)
20002f0c:	04042623          	sw	zero,76(s0)
20002f10:	00c12083          	lw	ra,12(sp)
20002f14:	00040513          	mv	a0,s0
20002f18:	00812403          	lw	s0,8(sp)
20002f1c:	00412483          	lw	s1,4(sp)
20002f20:	00012903          	lw	s2,0(sp)
20002f24:	01010113          	addi	sp,sp,16
20002f28:	00008067          	ret
20002f2c:	06840413          	addi	s0,s0,104
20002f30:	f5dff06f          	j	20002e8c <__sfp+0x38>
20002f34:	00400793          	li	a5,4
20002f38:	00052023          	sw	zero,0(a0)
20002f3c:	00f52223          	sw	a5,4(a0)
20002f40:	00c50513          	addi	a0,a0,12
20002f44:	00a42423          	sw	a0,8(s0)
20002f48:	1a000613          	li	a2,416
20002f4c:	00000593          	li	a1,0
20002f50:	419000ef          	jal	20003b68 <memset>
20002f54:	0084a023          	sw	s0,0(s1)
20002f58:	00040493          	mv	s1,s0
20002f5c:	f29ff06f          	j	20002e84 <__sfp+0x30>

20002f60 <__sinit>:
20002f60:	02052783          	lw	a5,32(a0)
20002f64:	02079063          	bnez	a5,20002f84 <__sinit+0x24>
20002f68:	200037b7          	lui	a5,0x20003
20002f6c:	d8078793          	addi	a5,a5,-640 # 20002d80 <cleanup_stdio>
20002f70:	02f52023          	sw	a5,32(a0)
20002f74:	200047b7          	lui	a5,0x20004
20002f78:	18c7a783          	lw	a5,396(a5) # 2000418c <__stdio_exit_handler>
20002f7c:	00079463          	bnez	a5,20002f84 <__sinit+0x24>
20002f80:	e71ff06f          	j	20002df0 <global_stdio_init.part.0>
20002f84:	00008067          	ret

20002f88 <__sfp_lock_acquire>:
20002f88:	00008067          	ret

20002f8c <__sfp_lock_release>:
20002f8c:	00008067          	ret

20002f90 <__fp_lock_all>:
20002f90:	20004637          	lui	a2,0x20004
20002f94:	200035b7          	lui	a1,0x20003
20002f98:	02c60613          	addi	a2,a2,44 # 2000402c <__sglue>
20002f9c:	cd458593          	addi	a1,a1,-812 # 20002cd4 <__fp_lock>
20002fa0:	00000513          	li	a0,0
20002fa4:	47c0006f          	j	20003420 <_fwalk_sglue>

20002fa8 <__fp_unlock_all>:
20002fa8:	20004637          	lui	a2,0x20004
20002fac:	200035b7          	lui	a1,0x20003
20002fb0:	02c60613          	addi	a2,a2,44 # 2000402c <__sglue>
20002fb4:	e4c58593          	addi	a1,a1,-436 # 20002e4c <__fp_unlock>
20002fb8:	00000513          	li	a0,0
20002fbc:	4640006f          	j	20003420 <_fwalk_sglue>

20002fc0 <__sfvwrite_r>:
20002fc0:	00862783          	lw	a5,8(a2)
20002fc4:	04079663          	bnez	a5,20003010 <__sfvwrite_r+0x50>
20002fc8:	00000513          	li	a0,0
20002fcc:	00008067          	ret
20002fd0:	00000513          	li	a0,0
20002fd4:	03c12083          	lw	ra,60(sp)
20002fd8:	03812403          	lw	s0,56(sp)
20002fdc:	03412483          	lw	s1,52(sp)
20002fe0:	03012903          	lw	s2,48(sp)
20002fe4:	02c12983          	lw	s3,44(sp)
20002fe8:	02812a03          	lw	s4,40(sp)
20002fec:	02412a83          	lw	s5,36(sp)
20002ff0:	02012b03          	lw	s6,32(sp)
20002ff4:	01c12b83          	lw	s7,28(sp)
20002ff8:	01812c03          	lw	s8,24(sp)
20002ffc:	01412c83          	lw	s9,20(sp)
20003000:	01012d03          	lw	s10,16(sp)
20003004:	00c12d83          	lw	s11,12(sp)
20003008:	04010113          	addi	sp,sp,64
2000300c:	00008067          	ret
20003010:	00c5d783          	lhu	a5,12(a1)
20003014:	fc010113          	addi	sp,sp,-64
20003018:	02812c23          	sw	s0,56(sp)
2000301c:	03312623          	sw	s3,44(sp)
20003020:	03512223          	sw	s5,36(sp)
20003024:	02112e23          	sw	ra,60(sp)
20003028:	02912a23          	sw	s1,52(sp)
2000302c:	03212823          	sw	s2,48(sp)
20003030:	03412423          	sw	s4,40(sp)
20003034:	03612023          	sw	s6,32(sp)
20003038:	01712e23          	sw	s7,28(sp)
2000303c:	01812c23          	sw	s8,24(sp)
20003040:	01912a23          	sw	s9,20(sp)
20003044:	01a12823          	sw	s10,16(sp)
20003048:	01b12623          	sw	s11,12(sp)
2000304c:	0087f793          	andi	a5,a5,8
20003050:	00060a93          	mv	s5,a2
20003054:	00058413          	mv	s0,a1
20003058:	00050993          	mv	s3,a0
2000305c:	0e078263          	beqz	a5,20003140 <__sfvwrite_r+0x180>
20003060:	0105a783          	lw	a5,16(a1)
20003064:	0c078e63          	beqz	a5,20003140 <__sfvwrite_r+0x180>
20003068:	00c41783          	lh	a5,12(s0)
2000306c:	000aaa03          	lw	s4,0(s5)
20003070:	0027f713          	andi	a4,a5,2
20003074:	12071c63          	bnez	a4,200031ac <__sfvwrite_r+0x1ec>
20003078:	0017f793          	andi	a5,a5,1
2000307c:	1c078c63          	beqz	a5,20003254 <__sfvwrite_r+0x294>
20003080:	00000b93          	li	s7,0
20003084:	00000513          	li	a0,0
20003088:	00000b13          	li	s6,0
2000308c:	00000913          	li	s2,0
20003090:	32090663          	beqz	s2,200033bc <__sfvwrite_r+0x3fc>
20003094:	02051263          	bnez	a0,200030b8 <__sfvwrite_r+0xf8>
20003098:	00090613          	mv	a2,s2
2000309c:	00a00593          	li	a1,10
200030a0:	000b0513          	mv	a0,s6
200030a4:	6b8000ef          	jal	2000375c <memchr>
200030a8:	00190b93          	addi	s7,s2,1
200030ac:	00050663          	beqz	a0,200030b8 <__sfvwrite_r+0xf8>
200030b0:	00150513          	addi	a0,a0,1
200030b4:	41650bb3          	sub	s7,a0,s6
200030b8:	000b8c13          	mv	s8,s7
200030bc:	01797463          	bgeu	s2,s7,200030c4 <__sfvwrite_r+0x104>
200030c0:	00090c13          	mv	s8,s2
200030c4:	01442683          	lw	a3,20(s0)
200030c8:	00842483          	lw	s1,8(s0)
200030cc:	00042503          	lw	a0,0(s0)
200030d0:	01042783          	lw	a5,16(s0)
200030d4:	009684b3          	add	s1,a3,s1
200030d8:	2ea7fc63          	bgeu	a5,a0,200033d0 <__sfvwrite_r+0x410>
200030dc:	2f84da63          	bge	s1,s8,200033d0 <__sfvwrite_r+0x410>
200030e0:	000b0593          	mv	a1,s6
200030e4:	00048613          	mv	a2,s1
200030e8:	245000ef          	jal	20003b2c <memmove>
200030ec:	00042783          	lw	a5,0(s0)
200030f0:	00040593          	mv	a1,s0
200030f4:	00098513          	mv	a0,s3
200030f8:	009787b3          	add	a5,a5,s1
200030fc:	00f42023          	sw	a5,0(s0)
20003100:	b3dff0ef          	jal	20002c3c <_fflush_r>
20003104:	14051063          	bnez	a0,20003244 <__sfvwrite_r+0x284>
20003108:	409b8bb3          	sub	s7,s7,s1
2000310c:	00100513          	li	a0,1
20003110:	000b9a63          	bnez	s7,20003124 <__sfvwrite_r+0x164>
20003114:	00040593          	mv	a1,s0
20003118:	00098513          	mv	a0,s3
2000311c:	b21ff0ef          	jal	20002c3c <_fflush_r>
20003120:	12051263          	bnez	a0,20003244 <__sfvwrite_r+0x284>
20003124:	008aa783          	lw	a5,8(s5)
20003128:	409787b3          	sub	a5,a5,s1
2000312c:	00faa423          	sw	a5,8(s5)
20003130:	ea0780e3          	beqz	a5,20002fd0 <__sfvwrite_r+0x10>
20003134:	009b0b33          	add	s6,s6,s1
20003138:	40990933          	sub	s2,s2,s1
2000313c:	f55ff06f          	j	20003090 <__sfvwrite_r+0xd0>
20003140:	00040593          	mv	a1,s0
20003144:	00098513          	mv	a0,s3
20003148:	ad9fe0ef          	jal	20001c20 <__swsetup_r>
2000314c:	f0050ee3          	beqz	a0,20003068 <__sfvwrite_r+0xa8>
20003150:	fff00513          	li	a0,-1
20003154:	e81ff06f          	j	20002fd4 <__sfvwrite_r+0x14>
20003158:	000a2903          	lw	s2,0(s4)
2000315c:	004a2483          	lw	s1,4(s4)
20003160:	008a0a13          	addi	s4,s4,8
20003164:	fe048ae3          	beqz	s1,20003158 <__sfvwrite_r+0x198>
20003168:	00048693          	mv	a3,s1
2000316c:	009b7663          	bgeu	s6,s1,20003178 <__sfvwrite_r+0x1b8>
20003170:	800006b7          	lui	a3,0x80000
20003174:	c0068693          	addi	a3,a3,-1024 # 7ffffc00 <__stack_top+0x5fffae6c>
20003178:	02842783          	lw	a5,40(s0)
2000317c:	02042583          	lw	a1,32(s0)
20003180:	00090613          	mv	a2,s2
20003184:	00098513          	mv	a0,s3
20003188:	000780e7          	jalr	a5
2000318c:	0aa05c63          	blez	a0,20003244 <__sfvwrite_r+0x284>
20003190:	008aa783          	lw	a5,8(s5)
20003194:	40a787b3          	sub	a5,a5,a0
20003198:	00faa423          	sw	a5,8(s5)
2000319c:	e2078ae3          	beqz	a5,20002fd0 <__sfvwrite_r+0x10>
200031a0:	00a90933          	add	s2,s2,a0
200031a4:	40a484b3          	sub	s1,s1,a0
200031a8:	fbdff06f          	j	20003164 <__sfvwrite_r+0x1a4>
200031ac:	80000b37          	lui	s6,0x80000
200031b0:	00000913          	li	s2,0
200031b4:	00000493          	li	s1,0
200031b8:	c00b0b13          	addi	s6,s6,-1024 # 7ffffc00 <__stack_top+0x5fffae6c>
200031bc:	fa9ff06f          	j	20003164 <__sfvwrite_r+0x1a4>
200031c0:	000a2b03          	lw	s6,0(s4)
200031c4:	004a2483          	lw	s1,4(s4)
200031c8:	008a0a13          	addi	s4,s4,8
200031cc:	fe048ae3          	beqz	s1,200031c0 <__sfvwrite_r+0x200>
200031d0:	00c41783          	lh	a5,12(s0)
200031d4:	00842d03          	lw	s10,8(s0)
200031d8:	00042503          	lw	a0,0(s0)
200031dc:	2007f713          	andi	a4,a5,512
200031e0:	14070863          	beqz	a4,20003330 <__sfvwrite_r+0x370>
200031e4:	000d0d93          	mv	s11,s10
200031e8:	13a4ec63          	bltu	s1,s10,20003320 <__sfvwrite_r+0x360>
200031ec:	4807f713          	andi	a4,a5,1152
200031f0:	12070c63          	beqz	a4,20003328 <__sfvwrite_r+0x368>
200031f4:	01442903          	lw	s2,20(s0)
200031f8:	01042583          	lw	a1,16(s0)
200031fc:	03890933          	mul	s2,s2,s8
20003200:	40b50db3          	sub	s11,a0,a1
20003204:	001d8713          	addi	a4,s11,1
20003208:	00970733          	add	a4,a4,s1
2000320c:	03994933          	div	s2,s2,s9
20003210:	00090613          	mv	a2,s2
20003214:	00e97663          	bgeu	s2,a4,20003220 <__sfvwrite_r+0x260>
20003218:	00070913          	mv	s2,a4
2000321c:	00070613          	mv	a2,a4
20003220:	4007f793          	andi	a5,a5,1024
20003224:	0c078863          	beqz	a5,200032f4 <__sfvwrite_r+0x334>
20003228:	00060593          	mv	a1,a2
2000322c:	00098513          	mv	a0,s3
20003230:	cbdfe0ef          	jal	20001eec <_malloc_r>
20003234:	00050d13          	mv	s10,a0
20003238:	02051c63          	bnez	a0,20003270 <__sfvwrite_r+0x2b0>
2000323c:	00c00793          	li	a5,12
20003240:	00f9a023          	sw	a5,0(s3)
20003244:	00c45783          	lhu	a5,12(s0)
20003248:	0407e793          	ori	a5,a5,64
2000324c:	00f41623          	sh	a5,12(s0)
20003250:	f01ff06f          	j	20003150 <__sfvwrite_r+0x190>
20003254:	80000bb7          	lui	s7,0x80000
20003258:	00000b13          	li	s6,0
2000325c:	00000493          	li	s1,0
20003260:	fffb8b93          	addi	s7,s7,-1 # 7fffffff <__stack_top+0x5fffb26b>
20003264:	00300c13          	li	s8,3
20003268:	00200c93          	li	s9,2
2000326c:	f61ff06f          	j	200031cc <__sfvwrite_r+0x20c>
20003270:	01042583          	lw	a1,16(s0)
20003274:	000d8613          	mv	a2,s11
20003278:	10d000ef          	jal	20003b84 <memcpy>
2000327c:	00c45783          	lhu	a5,12(s0)
20003280:	b7f7f793          	andi	a5,a5,-1153
20003284:	0807e793          	ori	a5,a5,128
20003288:	00f41623          	sh	a5,12(s0)
2000328c:	01a42823          	sw	s10,16(s0)
20003290:	01242a23          	sw	s2,20(s0)
20003294:	01bd0d33          	add	s10,s10,s11
20003298:	41b90933          	sub	s2,s2,s11
2000329c:	01a42023          	sw	s10,0(s0)
200032a0:	01242423          	sw	s2,8(s0)
200032a4:	00048d13          	mv	s10,s1
200032a8:	00048913          	mv	s2,s1
200032ac:	00048d93          	mv	s11,s1
200032b0:	00042503          	lw	a0,0(s0)
200032b4:	000d8613          	mv	a2,s11
200032b8:	000b0593          	mv	a1,s6
200032bc:	071000ef          	jal	20003b2c <memmove>
200032c0:	00842783          	lw	a5,8(s0)
200032c4:	41a787b3          	sub	a5,a5,s10
200032c8:	00f42423          	sw	a5,8(s0)
200032cc:	00042783          	lw	a5,0(s0)
200032d0:	01b787b3          	add	a5,a5,s11
200032d4:	00f42023          	sw	a5,0(s0)
200032d8:	008aa783          	lw	a5,8(s5)
200032dc:	412787b3          	sub	a5,a5,s2
200032e0:	00faa423          	sw	a5,8(s5)
200032e4:	ce0786e3          	beqz	a5,20002fd0 <__sfvwrite_r+0x10>
200032e8:	012b0b33          	add	s6,s6,s2
200032ec:	412484b3          	sub	s1,s1,s2
200032f0:	eddff06f          	j	200031cc <__sfvwrite_r+0x20c>
200032f4:	00098513          	mv	a0,s3
200032f8:	0b1000ef          	jal	20003ba8 <_realloc_r>
200032fc:	00050d13          	mv	s10,a0
20003300:	f80516e3          	bnez	a0,2000328c <__sfvwrite_r+0x2cc>
20003304:	01042583          	lw	a1,16(s0)
20003308:	00098513          	mv	a0,s3
2000330c:	a3dfe0ef          	jal	20001d48 <_free_r>
20003310:	00c45783          	lhu	a5,12(s0)
20003314:	f7f7f793          	andi	a5,a5,-129
20003318:	00f41623          	sh	a5,12(s0)
2000331c:	f21ff06f          	j	2000323c <__sfvwrite_r+0x27c>
20003320:	00048d13          	mv	s10,s1
20003324:	f85ff06f          	j	200032a8 <__sfvwrite_r+0x2e8>
20003328:	00048913          	mv	s2,s1
2000332c:	f85ff06f          	j	200032b0 <__sfvwrite_r+0x2f0>
20003330:	01042783          	lw	a5,16(s0)
20003334:	00a7e663          	bltu	a5,a0,20003340 <__sfvwrite_r+0x380>
20003338:	01442683          	lw	a3,20(s0)
2000333c:	04d4f663          	bgeu	s1,a3,20003388 <__sfvwrite_r+0x3c8>
20003340:	000d0913          	mv	s2,s10
20003344:	01a4f463          	bgeu	s1,s10,2000334c <__sfvwrite_r+0x38c>
20003348:	00048913          	mv	s2,s1
2000334c:	00090613          	mv	a2,s2
20003350:	000b0593          	mv	a1,s6
20003354:	7d8000ef          	jal	20003b2c <memmove>
20003358:	00842783          	lw	a5,8(s0)
2000335c:	00042703          	lw	a4,0(s0)
20003360:	412787b3          	sub	a5,a5,s2
20003364:	01270733          	add	a4,a4,s2
20003368:	00f42423          	sw	a5,8(s0)
2000336c:	00e42023          	sw	a4,0(s0)
20003370:	f60794e3          	bnez	a5,200032d8 <__sfvwrite_r+0x318>
20003374:	00040593          	mv	a1,s0
20003378:	00098513          	mv	a0,s3
2000337c:	8c1ff0ef          	jal	20002c3c <_fflush_r>
20003380:	f4050ce3          	beqz	a0,200032d8 <__sfvwrite_r+0x318>
20003384:	ec1ff06f          	j	20003244 <__sfvwrite_r+0x284>
20003388:	00048793          	mv	a5,s1
2000338c:	009bf463          	bgeu	s7,s1,20003394 <__sfvwrite_r+0x3d4>
20003390:	000b8793          	mv	a5,s7
20003394:	02d7c7b3          	div	a5,a5,a3
20003398:	02842703          	lw	a4,40(s0)
2000339c:	02042583          	lw	a1,32(s0)
200033a0:	000b0613          	mv	a2,s6
200033a4:	00098513          	mv	a0,s3
200033a8:	02d786b3          	mul	a3,a5,a3
200033ac:	000700e7          	jalr	a4
200033b0:	00050913          	mv	s2,a0
200033b4:	f2a042e3          	bgtz	a0,200032d8 <__sfvwrite_r+0x318>
200033b8:	e8dff06f          	j	20003244 <__sfvwrite_r+0x284>
200033bc:	000a2b03          	lw	s6,0(s4)
200033c0:	004a2903          	lw	s2,4(s4)
200033c4:	00000513          	li	a0,0
200033c8:	008a0a13          	addi	s4,s4,8
200033cc:	cc5ff06f          	j	20003090 <__sfvwrite_r+0xd0>
200033d0:	02dc4263          	blt	s8,a3,200033f4 <__sfvwrite_r+0x434>
200033d4:	02842783          	lw	a5,40(s0)
200033d8:	02042583          	lw	a1,32(s0)
200033dc:	000b0613          	mv	a2,s6
200033e0:	00098513          	mv	a0,s3
200033e4:	000780e7          	jalr	a5
200033e8:	00050493          	mv	s1,a0
200033ec:	d0a04ee3          	bgtz	a0,20003108 <__sfvwrite_r+0x148>
200033f0:	e55ff06f          	j	20003244 <__sfvwrite_r+0x284>
200033f4:	000c0613          	mv	a2,s8
200033f8:	000b0593          	mv	a1,s6
200033fc:	730000ef          	jal	20003b2c <memmove>
20003400:	00842783          	lw	a5,8(s0)
20003404:	000c0493          	mv	s1,s8
20003408:	418787b3          	sub	a5,a5,s8
2000340c:	00f42423          	sw	a5,8(s0)
20003410:	00042783          	lw	a5,0(s0)
20003414:	018787b3          	add	a5,a5,s8
20003418:	00f42023          	sw	a5,0(s0)
2000341c:	cedff06f          	j	20003108 <__sfvwrite_r+0x148>

20003420 <_fwalk_sglue>:
20003420:	fd010113          	addi	sp,sp,-48
20003424:	02812423          	sw	s0,40(sp)
20003428:	03212023          	sw	s2,32(sp)
2000342c:	01312e23          	sw	s3,28(sp)
20003430:	01412c23          	sw	s4,24(sp)
20003434:	01512a23          	sw	s5,20(sp)
20003438:	02112623          	sw	ra,44(sp)
2000343c:	02912223          	sw	s1,36(sp)
20003440:	00050a13          	mv	s4,a0
20003444:	00058a93          	mv	s5,a1
20003448:	00000413          	li	s0,0
2000344c:	00100913          	li	s2,1
20003450:	fff00993          	li	s3,-1
20003454:	00862583          	lw	a1,8(a2)
20003458:	00462483          	lw	s1,4(a2)
2000345c:	fff48493          	addi	s1,s1,-1
20003460:	0204da63          	bgez	s1,20003494 <_fwalk_sglue+0x74>
20003464:	00062603          	lw	a2,0(a2)
20003468:	fe0616e3          	bnez	a2,20003454 <_fwalk_sglue+0x34>
2000346c:	02c12083          	lw	ra,44(sp)
20003470:	00040513          	mv	a0,s0
20003474:	02812403          	lw	s0,40(sp)
20003478:	02412483          	lw	s1,36(sp)
2000347c:	02012903          	lw	s2,32(sp)
20003480:	01c12983          	lw	s3,28(sp)
20003484:	01812a03          	lw	s4,24(sp)
20003488:	01412a83          	lw	s5,20(sp)
2000348c:	03010113          	addi	sp,sp,48
20003490:	00008067          	ret
20003494:	00c5d783          	lhu	a5,12(a1)
20003498:	02f97463          	bgeu	s2,a5,200034c0 <_fwalk_sglue+0xa0>
2000349c:	00e59783          	lh	a5,14(a1)
200034a0:	03378063          	beq	a5,s3,200034c0 <_fwalk_sglue+0xa0>
200034a4:	000a0513          	mv	a0,s4
200034a8:	00c12623          	sw	a2,12(sp)
200034ac:	00b12423          	sw	a1,8(sp)
200034b0:	000a80e7          	jalr	s5
200034b4:	00c12603          	lw	a2,12(sp)
200034b8:	00812583          	lw	a1,8(sp)
200034bc:	00a46433          	or	s0,s0,a0
200034c0:	06858593          	addi	a1,a1,104
200034c4:	f99ff06f          	j	2000345c <_fwalk_sglue+0x3c>

200034c8 <__swhatbuf_r>:
200034c8:	f8010113          	addi	sp,sp,-128
200034cc:	06812c23          	sw	s0,120(sp)
200034d0:	00058413          	mv	s0,a1
200034d4:	00e59583          	lh	a1,14(a1)
200034d8:	06912a23          	sw	s1,116(sp)
200034dc:	06112e23          	sw	ra,124(sp)
200034e0:	00060493          	mv	s1,a2
200034e4:	0205da63          	bgez	a1,20003518 <__swhatbuf_r+0x50>
200034e8:	00c45783          	lhu	a5,12(s0)
200034ec:	0807f793          	andi	a5,a5,128
200034f0:	04079c63          	bnez	a5,20003548 <__swhatbuf_r+0x80>
200034f4:	40000713          	li	a4,1024
200034f8:	07c12083          	lw	ra,124(sp)
200034fc:	07812403          	lw	s0,120(sp)
20003500:	00f6a023          	sw	a5,0(a3)
20003504:	00e4a023          	sw	a4,0(s1)
20003508:	00000513          	li	a0,0
2000350c:	07412483          	lw	s1,116(sp)
20003510:	08010113          	addi	sp,sp,128
20003514:	00008067          	ret
20003518:	01810613          	addi	a2,sp,24
2000351c:	00d12623          	sw	a3,12(sp)
20003520:	428000ef          	jal	20003948 <_fstat_r>
20003524:	00c12683          	lw	a3,12(sp)
20003528:	fc0540e3          	bltz	a0,200034e8 <__swhatbuf_r+0x20>
2000352c:	01c12783          	lw	a5,28(sp)
20003530:	0000f737          	lui	a4,0xf
20003534:	00e7f7b3          	and	a5,a5,a4
20003538:	ffffe737          	lui	a4,0xffffe
2000353c:	00e787b3          	add	a5,a5,a4
20003540:	0017b793          	seqz	a5,a5
20003544:	fb1ff06f          	j	200034f4 <__swhatbuf_r+0x2c>
20003548:	00000793          	li	a5,0
2000354c:	04000713          	li	a4,64
20003550:	fa9ff06f          	j	200034f8 <__swhatbuf_r+0x30>

20003554 <__smakebuf_r>:
20003554:	00c5d703          	lhu	a4,12(a1)
20003558:	fd010113          	addi	sp,sp,-48
2000355c:	02812423          	sw	s0,40(sp)
20003560:	02112623          	sw	ra,44(sp)
20003564:	02912223          	sw	s1,36(sp)
20003568:	00277713          	andi	a4,a4,2
2000356c:	00058413          	mv	s0,a1
20003570:	02070663          	beqz	a4,2000359c <__smakebuf_r+0x48>
20003574:	04740793          	addi	a5,s0,71
20003578:	00f42023          	sw	a5,0(s0)
2000357c:	00f42823          	sw	a5,16(s0)
20003580:	00100793          	li	a5,1
20003584:	00f42a23          	sw	a5,20(s0)
20003588:	02c12083          	lw	ra,44(sp)
2000358c:	02812403          	lw	s0,40(sp)
20003590:	02412483          	lw	s1,36(sp)
20003594:	03010113          	addi	sp,sp,48
20003598:	00008067          	ret
2000359c:	01c10693          	addi	a3,sp,28
200035a0:	01810613          	addi	a2,sp,24
200035a4:	00050493          	mv	s1,a0
200035a8:	f21ff0ef          	jal	200034c8 <__swhatbuf_r>
200035ac:	01812583          	lw	a1,24(sp)
200035b0:	00048513          	mv	a0,s1
200035b4:	00b12623          	sw	a1,12(sp)
200035b8:	935fe0ef          	jal	20001eec <_malloc_r>
200035bc:	00c41783          	lh	a5,12(s0)
200035c0:	00c12583          	lw	a1,12(sp)
200035c4:	00051e63          	bnez	a0,200035e0 <__smakebuf_r+0x8c>
200035c8:	2007f713          	andi	a4,a5,512
200035cc:	fa071ee3          	bnez	a4,20003588 <__smakebuf_r+0x34>
200035d0:	ffc7f793          	andi	a5,a5,-4
200035d4:	0027e793          	ori	a5,a5,2
200035d8:	00f41623          	sh	a5,12(s0)
200035dc:	f99ff06f          	j	20003574 <__smakebuf_r+0x20>
200035e0:	0807e793          	ori	a5,a5,128
200035e4:	00f41623          	sh	a5,12(s0)
200035e8:	01c12783          	lw	a5,28(sp)
200035ec:	00a42023          	sw	a0,0(s0)
200035f0:	00a42823          	sw	a0,16(s0)
200035f4:	00b42a23          	sw	a1,20(s0)
200035f8:	f80788e3          	beqz	a5,20003588 <__smakebuf_r+0x34>
200035fc:	00e41583          	lh	a1,14(s0)
20003600:	00048513          	mv	a0,s1
20003604:	394000ef          	jal	20003998 <_isatty_r>
20003608:	f80500e3          	beqz	a0,20003588 <__smakebuf_r+0x34>
2000360c:	00c45783          	lhu	a5,12(s0)
20003610:	ffc7f793          	andi	a5,a5,-4
20003614:	0017e793          	ori	a5,a5,1
20003618:	00f41623          	sh	a5,12(s0)
2000361c:	f6dff06f          	j	20003588 <__smakebuf_r+0x34>

20003620 <__sread>:
20003620:	ff010113          	addi	sp,sp,-16
20003624:	00812423          	sw	s0,8(sp)
20003628:	00058413          	mv	s0,a1
2000362c:	00e59583          	lh	a1,14(a1)
20003630:	00112623          	sw	ra,12(sp)
20003634:	404000ef          	jal	20003a38 <_read_r>
20003638:	02054063          	bltz	a0,20003658 <__sread+0x38>
2000363c:	05442783          	lw	a5,84(s0)
20003640:	00a787b3          	add	a5,a5,a0
20003644:	04f42a23          	sw	a5,84(s0)
20003648:	00c12083          	lw	ra,12(sp)
2000364c:	00812403          	lw	s0,8(sp)
20003650:	01010113          	addi	sp,sp,16
20003654:	00008067          	ret
20003658:	00c45783          	lhu	a5,12(s0)
2000365c:	fffff737          	lui	a4,0xfffff
20003660:	fff70713          	addi	a4,a4,-1 # ffffefff <__stack_top+0xdfffa26b>
20003664:	00e7f7b3          	and	a5,a5,a4
20003668:	00f41623          	sh	a5,12(s0)
2000366c:	fddff06f          	j	20003648 <__sread+0x28>

20003670 <__seofread>:
20003670:	00000513          	li	a0,0
20003674:	00008067          	ret

20003678 <__swrite>:
20003678:	00c5d783          	lhu	a5,12(a1)
2000367c:	fe010113          	addi	sp,sp,-32
20003680:	00812c23          	sw	s0,24(sp)
20003684:	00912a23          	sw	s1,20(sp)
20003688:	01212823          	sw	s2,16(sp)
2000368c:	01312623          	sw	s3,12(sp)
20003690:	00112e23          	sw	ra,28(sp)
20003694:	1007f793          	andi	a5,a5,256
20003698:	00050493          	mv	s1,a0
2000369c:	00058413          	mv	s0,a1
200036a0:	00060913          	mv	s2,a2
200036a4:	00068993          	mv	s3,a3
200036a8:	00078a63          	beqz	a5,200036bc <__swrite+0x44>
200036ac:	00e59583          	lh	a1,14(a1)
200036b0:	00200693          	li	a3,2
200036b4:	00000613          	li	a2,0
200036b8:	32c000ef          	jal	200039e4 <_lseek_r>
200036bc:	00c45783          	lhu	a5,12(s0)
200036c0:	fffff737          	lui	a4,0xfffff
200036c4:	fff70713          	addi	a4,a4,-1 # ffffefff <__stack_top+0xdfffa26b>
200036c8:	00e7f7b3          	and	a5,a5,a4
200036cc:	00e41583          	lh	a1,14(s0)
200036d0:	00f41623          	sh	a5,12(s0)
200036d4:	01812403          	lw	s0,24(sp)
200036d8:	01c12083          	lw	ra,28(sp)
200036dc:	00098693          	mv	a3,s3
200036e0:	00090613          	mv	a2,s2
200036e4:	00c12983          	lw	s3,12(sp)
200036e8:	01012903          	lw	s2,16(sp)
200036ec:	00048513          	mv	a0,s1
200036f0:	01412483          	lw	s1,20(sp)
200036f4:	02010113          	addi	sp,sp,32
200036f8:	3e00006f          	j	20003ad8 <_write_r>

200036fc <__sseek>:
200036fc:	ff010113          	addi	sp,sp,-16
20003700:	00812423          	sw	s0,8(sp)
20003704:	00058413          	mv	s0,a1
20003708:	00e59583          	lh	a1,14(a1)
2000370c:	00112623          	sw	ra,12(sp)
20003710:	2d4000ef          	jal	200039e4 <_lseek_r>
20003714:	fff00713          	li	a4,-1
20003718:	00c41783          	lh	a5,12(s0)
2000371c:	02e51263          	bne	a0,a4,20003740 <__sseek+0x44>
20003720:	80050713          	addi	a4,a0,-2048
20003724:	80070713          	addi	a4,a4,-2048
20003728:	00e7f7b3          	and	a5,a5,a4
2000372c:	00f41623          	sh	a5,12(s0)
20003730:	00c12083          	lw	ra,12(sp)
20003734:	00812403          	lw	s0,8(sp)
20003738:	01010113          	addi	sp,sp,16
2000373c:	00008067          	ret
20003740:	00001737          	lui	a4,0x1
20003744:	00e7e7b3          	or	a5,a5,a4
20003748:	00f41623          	sh	a5,12(s0)
2000374c:	04a42a23          	sw	a0,84(s0)
20003750:	fe1ff06f          	j	20003730 <__sseek+0x34>

20003754 <__sclose>:
20003754:	00e59583          	lh	a1,14(a1)
20003758:	0280006f          	j	20003780 <_close_r>

2000375c <memchr>:
2000375c:	0ff5f593          	zext.b	a1,a1
20003760:	00c50633          	add	a2,a0,a2
20003764:	00c51663          	bne	a0,a2,20003770 <memchr+0x14>
20003768:	00000513          	li	a0,0
2000376c:	00008067          	ret
20003770:	00054783          	lbu	a5,0(a0)
20003774:	feb78ce3          	beq	a5,a1,2000376c <memchr+0x10>
20003778:	00150513          	addi	a0,a0,1
2000377c:	fe9ff06f          	j	20003764 <memchr+0x8>

20003780 <_close_r>:
20003780:	ff010113          	addi	sp,sp,-16
20003784:	00812423          	sw	s0,8(sp)
20003788:	00912223          	sw	s1,4(sp)
2000378c:	20004437          	lui	s0,0x20004
20003790:	00050493          	mv	s1,a0
20003794:	00058513          	mv	a0,a1
20003798:	00112623          	sw	ra,12(sp)
2000379c:	18042823          	sw	zero,400(s0) # 20004190 <errno>
200037a0:	d98fd0ef          	jal	20000d38 <_close>
200037a4:	fff00793          	li	a5,-1
200037a8:	00f51863          	bne	a0,a5,200037b8 <_close_r+0x38>
200037ac:	19042783          	lw	a5,400(s0)
200037b0:	00078463          	beqz	a5,200037b8 <_close_r+0x38>
200037b4:	00f4a023          	sw	a5,0(s1)
200037b8:	00c12083          	lw	ra,12(sp)
200037bc:	00812403          	lw	s0,8(sp)
200037c0:	00412483          	lw	s1,4(sp)
200037c4:	01010113          	addi	sp,sp,16
200037c8:	00008067          	ret

200037cc <_reclaim_reent>:
200037cc:	200047b7          	lui	a5,0x20004
200037d0:	0387a783          	lw	a5,56(a5) # 20004038 <_impure_ptr>
200037d4:	16a78863          	beq	a5,a0,20003944 <_reclaim_reent+0x178>
200037d8:	01c52783          	lw	a5,28(a0)
200037dc:	fe010113          	addi	sp,sp,-32
200037e0:	00812c23          	sw	s0,24(sp)
200037e4:	00112e23          	sw	ra,28(sp)
200037e8:	00912a23          	sw	s1,20(sp)
200037ec:	01212823          	sw	s2,16(sp)
200037f0:	01312623          	sw	s3,12(sp)
200037f4:	00050413          	mv	s0,a0
200037f8:	08078463          	beqz	a5,20003880 <_reclaim_reent+0xb4>
200037fc:	00c7a783          	lw	a5,12(a5)
20003800:	02078c63          	beqz	a5,20003838 <_reclaim_reent+0x6c>
20003804:	00000493          	li	s1,0
20003808:	08000913          	li	s2,128
2000380c:	01c42783          	lw	a5,28(s0)
20003810:	00c7a783          	lw	a5,12(a5)
20003814:	009787b3          	add	a5,a5,s1
20003818:	0007a583          	lw	a1,0(a5)
2000381c:	04059863          	bnez	a1,2000386c <_reclaim_reent+0xa0>
20003820:	00448493          	addi	s1,s1,4
20003824:	ff2494e3          	bne	s1,s2,2000380c <_reclaim_reent+0x40>
20003828:	01c42783          	lw	a5,28(s0)
2000382c:	00040513          	mv	a0,s0
20003830:	00c7a583          	lw	a1,12(a5)
20003834:	d14fe0ef          	jal	20001d48 <_free_r>
20003838:	01c42783          	lw	a5,28(s0)
2000383c:	0007a583          	lw	a1,0(a5)
20003840:	00058663          	beqz	a1,2000384c <_reclaim_reent+0x80>
20003844:	00040513          	mv	a0,s0
20003848:	d00fe0ef          	jal	20001d48 <_free_r>
2000384c:	01c42783          	lw	a5,28(s0)
20003850:	0087a483          	lw	s1,8(a5)
20003854:	02048663          	beqz	s1,20003880 <_reclaim_reent+0xb4>
20003858:	00048593          	mv	a1,s1
2000385c:	00040513          	mv	a0,s0
20003860:	0004a483          	lw	s1,0(s1)
20003864:	ce4fe0ef          	jal	20001d48 <_free_r>
20003868:	fedff06f          	j	20003854 <_reclaim_reent+0x88>
2000386c:	0005a983          	lw	s3,0(a1)
20003870:	00040513          	mv	a0,s0
20003874:	cd4fe0ef          	jal	20001d48 <_free_r>
20003878:	00098593          	mv	a1,s3
2000387c:	fa1ff06f          	j	2000381c <_reclaim_reent+0x50>
20003880:	01442583          	lw	a1,20(s0)
20003884:	00058663          	beqz	a1,20003890 <_reclaim_reent+0xc4>
20003888:	00040513          	mv	a0,s0
2000388c:	cbcfe0ef          	jal	20001d48 <_free_r>
20003890:	01c42583          	lw	a1,28(s0)
20003894:	00058663          	beqz	a1,200038a0 <_reclaim_reent+0xd4>
20003898:	00040513          	mv	a0,s0
2000389c:	cacfe0ef          	jal	20001d48 <_free_r>
200038a0:	03042583          	lw	a1,48(s0)
200038a4:	00058663          	beqz	a1,200038b0 <_reclaim_reent+0xe4>
200038a8:	00040513          	mv	a0,s0
200038ac:	c9cfe0ef          	jal	20001d48 <_free_r>
200038b0:	03442583          	lw	a1,52(s0)
200038b4:	00058663          	beqz	a1,200038c0 <_reclaim_reent+0xf4>
200038b8:	00040513          	mv	a0,s0
200038bc:	c8cfe0ef          	jal	20001d48 <_free_r>
200038c0:	03842583          	lw	a1,56(s0)
200038c4:	00058663          	beqz	a1,200038d0 <_reclaim_reent+0x104>
200038c8:	00040513          	mv	a0,s0
200038cc:	c7cfe0ef          	jal	20001d48 <_free_r>
200038d0:	04842583          	lw	a1,72(s0)
200038d4:	00058663          	beqz	a1,200038e0 <_reclaim_reent+0x114>
200038d8:	00040513          	mv	a0,s0
200038dc:	c6cfe0ef          	jal	20001d48 <_free_r>
200038e0:	04442583          	lw	a1,68(s0)
200038e4:	00058663          	beqz	a1,200038f0 <_reclaim_reent+0x124>
200038e8:	00040513          	mv	a0,s0
200038ec:	c5cfe0ef          	jal	20001d48 <_free_r>
200038f0:	02c42583          	lw	a1,44(s0)
200038f4:	00058663          	beqz	a1,20003900 <_reclaim_reent+0x134>
200038f8:	00040513          	mv	a0,s0
200038fc:	c4cfe0ef          	jal	20001d48 <_free_r>
20003900:	02042783          	lw	a5,32(s0)
20003904:	02078263          	beqz	a5,20003928 <_reclaim_reent+0x15c>
20003908:	00040513          	mv	a0,s0
2000390c:	01812403          	lw	s0,24(sp)
20003910:	01c12083          	lw	ra,28(sp)
20003914:	01412483          	lw	s1,20(sp)
20003918:	01012903          	lw	s2,16(sp)
2000391c:	00c12983          	lw	s3,12(sp)
20003920:	02010113          	addi	sp,sp,32
20003924:	00078067          	jr	a5
20003928:	01c12083          	lw	ra,28(sp)
2000392c:	01812403          	lw	s0,24(sp)
20003930:	01412483          	lw	s1,20(sp)
20003934:	01012903          	lw	s2,16(sp)
20003938:	00c12983          	lw	s3,12(sp)
2000393c:	02010113          	addi	sp,sp,32
20003940:	00008067          	ret
20003944:	00008067          	ret

20003948 <_fstat_r>:
20003948:	ff010113          	addi	sp,sp,-16
2000394c:	00812423          	sw	s0,8(sp)
20003950:	00912223          	sw	s1,4(sp)
20003954:	20004437          	lui	s0,0x20004
20003958:	00050493          	mv	s1,a0
2000395c:	00058513          	mv	a0,a1
20003960:	00060593          	mv	a1,a2
20003964:	00112623          	sw	ra,12(sp)
20003968:	18042823          	sw	zero,400(s0) # 20004190 <errno>
2000396c:	c2cfd0ef          	jal	20000d98 <_fstat>
20003970:	fff00793          	li	a5,-1
20003974:	00f51863          	bne	a0,a5,20003984 <_fstat_r+0x3c>
20003978:	19042783          	lw	a5,400(s0)
2000397c:	00078463          	beqz	a5,20003984 <_fstat_r+0x3c>
20003980:	00f4a023          	sw	a5,0(s1)
20003984:	00c12083          	lw	ra,12(sp)
20003988:	00812403          	lw	s0,8(sp)
2000398c:	00412483          	lw	s1,4(sp)
20003990:	01010113          	addi	sp,sp,16
20003994:	00008067          	ret

20003998 <_isatty_r>:
20003998:	ff010113          	addi	sp,sp,-16
2000399c:	00812423          	sw	s0,8(sp)
200039a0:	00912223          	sw	s1,4(sp)
200039a4:	20004437          	lui	s0,0x20004
200039a8:	00050493          	mv	s1,a0
200039ac:	00058513          	mv	a0,a1
200039b0:	00112623          	sw	ra,12(sp)
200039b4:	18042823          	sw	zero,400(s0) # 20004190 <errno>
200039b8:	c50fd0ef          	jal	20000e08 <_isatty>
200039bc:	fff00793          	li	a5,-1
200039c0:	00f51863          	bne	a0,a5,200039d0 <_isatty_r+0x38>
200039c4:	19042783          	lw	a5,400(s0)
200039c8:	00078463          	beqz	a5,200039d0 <_isatty_r+0x38>
200039cc:	00f4a023          	sw	a5,0(s1)
200039d0:	00c12083          	lw	ra,12(sp)
200039d4:	00812403          	lw	s0,8(sp)
200039d8:	00412483          	lw	s1,4(sp)
200039dc:	01010113          	addi	sp,sp,16
200039e0:	00008067          	ret

200039e4 <_lseek_r>:
200039e4:	ff010113          	addi	sp,sp,-16
200039e8:	00812423          	sw	s0,8(sp)
200039ec:	00912223          	sw	s1,4(sp)
200039f0:	20004437          	lui	s0,0x20004
200039f4:	00050493          	mv	s1,a0
200039f8:	00058513          	mv	a0,a1
200039fc:	00060593          	mv	a1,a2
20003a00:	00068613          	mv	a2,a3
20003a04:	00112623          	sw	ra,12(sp)
20003a08:	18042823          	sw	zero,400(s0) # 20004190 <errno>
20003a0c:	bc8fd0ef          	jal	20000dd4 <_lseek>
20003a10:	fff00793          	li	a5,-1
20003a14:	00f51863          	bne	a0,a5,20003a24 <_lseek_r+0x40>
20003a18:	19042783          	lw	a5,400(s0)
20003a1c:	00078463          	beqz	a5,20003a24 <_lseek_r+0x40>
20003a20:	00f4a023          	sw	a5,0(s1)
20003a24:	00c12083          	lw	ra,12(sp)
20003a28:	00812403          	lw	s0,8(sp)
20003a2c:	00412483          	lw	s1,4(sp)
20003a30:	01010113          	addi	sp,sp,16
20003a34:	00008067          	ret

20003a38 <_read_r>:
20003a38:	ff010113          	addi	sp,sp,-16
20003a3c:	00812423          	sw	s0,8(sp)
20003a40:	00912223          	sw	s1,4(sp)
20003a44:	20004437          	lui	s0,0x20004
20003a48:	00050493          	mv	s1,a0
20003a4c:	00058513          	mv	a0,a1
20003a50:	00060593          	mv	a1,a2
20003a54:	00068613          	mv	a2,a3
20003a58:	00112623          	sw	ra,12(sp)
20003a5c:	18042823          	sw	zero,400(s0) # 20004190 <errno>
20003a60:	c3cfd0ef          	jal	20000e9c <_read>
20003a64:	fff00793          	li	a5,-1
20003a68:	00f51863          	bne	a0,a5,20003a78 <_read_r+0x40>
20003a6c:	19042783          	lw	a5,400(s0)
20003a70:	00078463          	beqz	a5,20003a78 <_read_r+0x40>
20003a74:	00f4a023          	sw	a5,0(s1)
20003a78:	00c12083          	lw	ra,12(sp)
20003a7c:	00812403          	lw	s0,8(sp)
20003a80:	00412483          	lw	s1,4(sp)
20003a84:	01010113          	addi	sp,sp,16
20003a88:	00008067          	ret

20003a8c <_sbrk_r>:
20003a8c:	ff010113          	addi	sp,sp,-16
20003a90:	00812423          	sw	s0,8(sp)
20003a94:	00912223          	sw	s1,4(sp)
20003a98:	20004437          	lui	s0,0x20004
20003a9c:	00050493          	mv	s1,a0
20003aa0:	00058513          	mv	a0,a1
20003aa4:	00112623          	sw	ra,12(sp)
20003aa8:	18042823          	sw	zero,400(s0) # 20004190 <errno>
20003aac:	f3dfc0ef          	jal	200009e8 <_sbrk>
20003ab0:	fff00793          	li	a5,-1
20003ab4:	00f51863          	bne	a0,a5,20003ac4 <_sbrk_r+0x38>
20003ab8:	19042783          	lw	a5,400(s0)
20003abc:	00078463          	beqz	a5,20003ac4 <_sbrk_r+0x38>
20003ac0:	00f4a023          	sw	a5,0(s1)
20003ac4:	00c12083          	lw	ra,12(sp)
20003ac8:	00812403          	lw	s0,8(sp)
20003acc:	00412483          	lw	s1,4(sp)
20003ad0:	01010113          	addi	sp,sp,16
20003ad4:	00008067          	ret

20003ad8 <_write_r>:
20003ad8:	ff010113          	addi	sp,sp,-16
20003adc:	00812423          	sw	s0,8(sp)
20003ae0:	00912223          	sw	s1,4(sp)
20003ae4:	20004437          	lui	s0,0x20004
20003ae8:	00050493          	mv	s1,a0
20003aec:	00058513          	mv	a0,a1
20003af0:	00060593          	mv	a1,a2
20003af4:	00068613          	mv	a2,a3
20003af8:	00112623          	sw	ra,12(sp)
20003afc:	18042823          	sw	zero,400(s0) # 20004190 <errno>
20003b00:	b34fd0ef          	jal	20000e34 <_write>
20003b04:	fff00793          	li	a5,-1
20003b08:	00f51863          	bne	a0,a5,20003b18 <_write_r+0x40>
20003b0c:	19042783          	lw	a5,400(s0)
20003b10:	00078463          	beqz	a5,20003b18 <_write_r+0x40>
20003b14:	00f4a023          	sw	a5,0(s1)
20003b18:	00c12083          	lw	ra,12(sp)
20003b1c:	00812403          	lw	s0,8(sp)
20003b20:	00412483          	lw	s1,4(sp)
20003b24:	01010113          	addi	sp,sp,16
20003b28:	00008067          	ret

20003b2c <memmove>:
20003b2c:	02060c63          	beqz	a2,20003b64 <memmove+0x38>
20003b30:	00050313          	mv	t1,a0
20003b34:	00100693          	li	a3,1
20003b38:	00b56a63          	bltu	a0,a1,20003b4c <memmove+0x20>
20003b3c:	fff00693          	li	a3,-1
20003b40:	fff60713          	addi	a4,a2,-1
20003b44:	00e30333          	add	t1,t1,a4
20003b48:	00e585b3          	add	a1,a1,a4
20003b4c:	00058383          	lb	t2,0(a1)
20003b50:	00730023          	sb	t2,0(t1) # 1000000 <_start-0x1f000000>
20003b54:	fff60613          	addi	a2,a2,-1
20003b58:	00d30333          	add	t1,t1,a3
20003b5c:	00d585b3          	add	a1,a1,a3
20003b60:	fe0616e3          	bnez	a2,20003b4c <memmove+0x20>
20003b64:	00008067          	ret

20003b68 <memset>:
20003b68:	00050313          	mv	t1,a0
20003b6c:	00060a63          	beqz	a2,20003b80 <memset+0x18>
20003b70:	00b30023          	sb	a1,0(t1)
20003b74:	fff60613          	addi	a2,a2,-1
20003b78:	00130313          	addi	t1,t1,1
20003b7c:	fe061ae3          	bnez	a2,20003b70 <memset+0x8>
20003b80:	00008067          	ret

20003b84 <memcpy>:
20003b84:	00050313          	mv	t1,a0
20003b88:	00060e63          	beqz	a2,20003ba4 <memcpy+0x20>
20003b8c:	00058383          	lb	t2,0(a1)
20003b90:	00730023          	sb	t2,0(t1)
20003b94:	fff60613          	addi	a2,a2,-1
20003b98:	00130313          	addi	t1,t1,1
20003b9c:	00158593          	addi	a1,a1,1
20003ba0:	fe0616e3          	bnez	a2,20003b8c <memcpy+0x8>
20003ba4:	00008067          	ret

20003ba8 <_realloc_r>:
20003ba8:	00059663          	bnez	a1,20003bb4 <_realloc_r+0xc>
20003bac:	00060593          	mv	a1,a2
20003bb0:	b3cfe06f          	j	20001eec <_malloc_r>
20003bb4:	fe010113          	addi	sp,sp,-32
20003bb8:	00812c23          	sw	s0,24(sp)
20003bbc:	01412423          	sw	s4,8(sp)
20003bc0:	00112e23          	sw	ra,28(sp)
20003bc4:	00912a23          	sw	s1,20(sp)
20003bc8:	01212823          	sw	s2,16(sp)
20003bcc:	01312623          	sw	s3,12(sp)
20003bd0:	00060413          	mv	s0,a2
20003bd4:	00050a13          	mv	s4,a0
20003bd8:	02061863          	bnez	a2,20003c08 <_realloc_r+0x60>
20003bdc:	96cfe0ef          	jal	20001d48 <_free_r>
20003be0:	00000493          	li	s1,0
20003be4:	01c12083          	lw	ra,28(sp)
20003be8:	01812403          	lw	s0,24(sp)
20003bec:	01012903          	lw	s2,16(sp)
20003bf0:	00c12983          	lw	s3,12(sp)
20003bf4:	00812a03          	lw	s4,8(sp)
20003bf8:	00048513          	mv	a0,s1
20003bfc:	01412483          	lw	s1,20(sp)
20003c00:	02010113          	addi	sp,sp,32
20003c04:	00008067          	ret
20003c08:	00058493          	mv	s1,a1
20003c0c:	058000ef          	jal	20003c64 <_malloc_usable_size_r>
20003c10:	00050913          	mv	s2,a0
20003c14:	00856663          	bltu	a0,s0,20003c20 <_realloc_r+0x78>
20003c18:	00155793          	srli	a5,a0,0x1
20003c1c:	fc87e4e3          	bltu	a5,s0,20003be4 <_realloc_r+0x3c>
20003c20:	00040593          	mv	a1,s0
20003c24:	000a0513          	mv	a0,s4
20003c28:	ac4fe0ef          	jal	20001eec <_malloc_r>
20003c2c:	00050993          	mv	s3,a0
20003c30:	00051663          	bnez	a0,20003c3c <_realloc_r+0x94>
20003c34:	00098493          	mv	s1,s3
20003c38:	fadff06f          	j	20003be4 <_realloc_r+0x3c>
20003c3c:	00040613          	mv	a2,s0
20003c40:	00897463          	bgeu	s2,s0,20003c48 <_realloc_r+0xa0>
20003c44:	00090613          	mv	a2,s2
20003c48:	00048593          	mv	a1,s1
20003c4c:	00098513          	mv	a0,s3
20003c50:	f35ff0ef          	jal	20003b84 <memcpy>
20003c54:	00048593          	mv	a1,s1
20003c58:	000a0513          	mv	a0,s4
20003c5c:	8ecfe0ef          	jal	20001d48 <_free_r>
20003c60:	fd5ff06f          	j	20003c34 <_realloc_r+0x8c>

20003c64 <_malloc_usable_size_r>:
20003c64:	ffc5a783          	lw	a5,-4(a1)
20003c68:	ffc78513          	addi	a0,a5,-4
20003c6c:	0007d863          	bgez	a5,20003c7c <_malloc_usable_size_r+0x18>
20003c70:	00a585b3          	add	a1,a1,a0
20003c74:	0005a783          	lw	a5,0(a1)
20003c78:	00f50533          	add	a0,a0,a5
20003c7c:	00008067          	ret
20003c80:	6554                	.insn	2, 0x6554
20003c82:	6e697473          	csrrci	s0,0x6e6,18
20003c86:	73612067          	.insn	4, 0x73612067
20003c8a:	6e676973          	csrrsi	s2,0x6e6,14
20003c8e:	656d                	.insn	2, 0x656d
20003c90:	746e                	.insn	2, 0x746e
20003c92:	3120                	.insn	2, 0x3120
20003c94:	2e2e                	.insn	2, 0x2e2e
20003c96:	002e                	.insn	2, 0x002e
20003c98:	6e6f7257          	.insn	4, 0x6e6f7257
20003c9c:	69662067          	.insn	4, 0x69662067
20003ca0:	6c65                	.insn	2, 0x6c65
20003ca2:	7364                	.insn	2, 0x7364
20003ca4:	6f20                	.insn	2, 0x6f20
20003ca6:	2066                	.insn	2, 0x2066
20003ca8:	6c50                	.insn	2, 0x6c50
20003caa:	7961                	.insn	2, 0x7961
20003cac:	7265                	.insn	2, 0x7265
20003cae:	535f 6174 7374      	.insn	6, 0x73746174535f
20003cb4:	6120                	.insn	2, 0x6120
20003cb6:	6572                	.insn	2, 0x6572
20003cb8:	6d20                	.insn	2, 0x6d20
20003cba:	6669646f          	jal	s0,2009a320 <__stack_top+0x9558c>
20003cbe:	6569                	.insn	2, 0x6569
20003cc0:	2164                	.insn	2, 0x2164
20003cc2:	0000                	.insn	2, 0x0000
20003cc4:	726f6353          	.insn	4, 0x726f6353
20003cc8:	2065                	.insn	2, 0x2065
20003cca:	7369                	.insn	2, 0x7369
20003ccc:	7520                	.insn	2, 0x7520
20003cce:	6470                	.insn	2, 0x6470
20003cd0:	7461                	.insn	2, 0x7461
20003cd2:	6465                	.insn	2, 0x6465
20003cd4:	6920                	.insn	2, 0x6920
20003cd6:	636e                	.insn	2, 0x636e
20003cd8:	6572726f          	jal	tp,2002bb2e <__stack_top+0x26d9a>
20003cdc:	796c7463          	bgeu	s8,s6,20004464 <__bss_end__+0x2d0>
20003ce0:	0021                	.insn	2, 0x0021
20003ce2:	0000                	.insn	2, 0x0000
20003ce4:	4150                	.insn	2, 0x4150
20003ce6:	44455353          	.insn	4, 0x44455353
20003cea:	0a21                	.insn	2, 0x0a21
20003cec:	0000                	.insn	2, 0x0000
20003cee:	0000                	.insn	2, 0x0000
20003cf0:	4146                	.insn	2, 0x4146
20003cf2:	4c49                	.insn	2, 0x4c49
20003cf4:	4445                	.insn	2, 0x4445
20003cf6:	0a21                	.insn	2, 0x0a21
20003cf8:	0000                	.insn	2, 0x0000
20003cfa:	0000                	.insn	2, 0x0000
20003cfc:	6554                	.insn	2, 0x6554
20003cfe:	6e697473          	csrrci	s0,0x6e6,18
20003d02:	73612067          	.insn	4, 0x73612067
20003d06:	6e676973          	csrrsi	s2,0x6e6,14
20003d0a:	656d                	.insn	2, 0x656d
20003d0c:	746e                	.insn	2, 0x746e
20003d0e:	3220                	.insn	2, 0x3220
20003d10:	2e2e                	.insn	2, 0x2e2e
20003d12:	002e                	.insn	2, 0x002e
20003d14:	6f44                	.insn	2, 0x6f44
20003d16:	6275                	.insn	2, 0x6275
20003d18:	656c                	.insn	2, 0x656c
20003d1a:	7020                	.insn	2, 0x7020
20003d1c:	746e696f          	jal	s2,200ea462 <__stack_top+0xe56ce>
20003d20:	69622073          	csrs	0x696,tp
20003d24:	2074                	.insn	2, 0x2074
20003d26:	7369                	.insn	2, 0x7369
20003d28:	6e20                	.insn	2, 0x6e20
20003d2a:	7320746f          	jal	s0,2000b45c <__stack_top+0x66c8>
20003d2e:	7465                	.insn	2, 0x7465
20003d30:	0021                	.insn	2, 0x0021
20003d32:	0000                	.insn	2, 0x0000
20003d34:	6e6f7257          	.insn	4, 0x6e6f7257
20003d38:	69622067          	.insn	4, 0x69622067
20003d3c:	7374                	.insn	2, 0x7374
20003d3e:	6120                	.insn	2, 0x6120
20003d40:	6572                	.insn	2, 0x6572
20003d42:	6d20                	.insn	2, 0x6d20
20003d44:	6669646f          	jal	s0,2009a3aa <__stack_top+0x95616>
20003d48:	6569                	.insn	2, 0x6569
20003d4a:	2164                	.insn	2, 0x2164
20003d4c:	0000                	.insn	2, 0x0000
20003d4e:	0000                	.insn	2, 0x0000
20003d50:	6e6f7257          	.insn	4, 0x6e6f7257
20003d54:	69662067          	.insn	4, 0x69662067
20003d58:	6c65                	.insn	2, 0x6c65
20003d5a:	7364                	.insn	2, 0x7364
20003d5c:	6920                	.insn	2, 0x6920
20003d5e:	206e                	.insn	2, 0x206e
20003d60:	75727473          	csrrci	s0,0x757,4
20003d64:	61207463          	bgeu	zero,s2,2000436c <__bss_end__+0x1d8>
20003d68:	6572                	.insn	2, 0x6572
20003d6a:	6d20                	.insn	2, 0x6d20
20003d6c:	6669646f          	jal	s0,2009a3d2 <__stack_top+0x9563e>
20003d70:	6569                	.insn	2, 0x6569
20003d72:	0064                	.insn	2, 0x0064
20003d74:	6554                	.insn	2, 0x6554
20003d76:	6e697473          	csrrci	s0,0x6e6,18
20003d7a:	73612067          	.insn	4, 0x73612067
20003d7e:	6e676973          	csrrsi	s2,0x6e6,14
20003d82:	656d                	.insn	2, 0x656d
20003d84:	746e                	.insn	2, 0x746e
20003d86:	3320                	.insn	2, 0x3320
20003d88:	2e2e                	.insn	2, 0x2e2e
20003d8a:	002e                	.insn	2, 0x002e
20003d8c:	6f50                	.insn	2, 0x6f50
20003d8e:	75726577          	.insn	4, 0x75726577
20003d92:	2070                	.insn	2, 0x2070
20003d94:	6962                	.insn	2, 0x6962
20003d96:	7374                	.insn	2, 0x7374
20003d98:	6620                	.insn	2, 0x6620
20003d9a:	696c                	.insn	2, 0x696c
20003d9c:	7070                	.insn	2, 0x7070
20003d9e:	6465                	.insn	2, 0x6465
20003da0:	6920                	.insn	2, 0x6920
20003da2:	636e                	.insn	2, 0x636e
20003da4:	6572726f          	jal	tp,2002bbfa <__stack_top+0x26e66>
20003da8:	796c7463          	bgeu	s8,s6,20004530 <__bss_end__+0x39c>
20003dac:	0021                	.insn	2, 0x0021
20003dae:	0000                	.insn	2, 0x0000
20003db0:	6e6f7257          	.insn	4, 0x6e6f7257
20003db4:	61762067          	.insn	4, 0x61762067
20003db8:	756c                	.insn	2, 0x756c
20003dba:	2065                	.insn	2, 0x2065
20003dbc:	7369                	.insn	2, 0x7369
20003dbe:	7220                	.insn	2, 0x7220
20003dc0:	7465                	.insn	2, 0x7465
20003dc2:	7275                	.insn	2, 0x7275
20003dc4:	656e                	.insn	2, 0x656e
20003dc6:	0064                	.insn	2, 0x0064
20003dc8:	6942                	.insn	2, 0x6942
20003dca:	7374                	.insn	2, 0x7374
20003dcc:	6f20                	.insn	2, 0x6f20
20003dce:	7475                	.insn	2, 0x7475
20003dd0:	65646973          	csrrsi	s2,hviprio1h,8
20003dd4:	6f20                	.insn	2, 0x6f20
20003dd6:	2066                	.insn	2, 0x2066
20003dd8:	6f70                	.insn	2, 0x6f70
20003dda:	75726577          	.insn	4, 0x75726577
20003dde:	7370                	.insn	2, 0x7370
20003de0:	6120                	.insn	2, 0x6120
20003de2:	6572                	.insn	2, 0x6572
20003de4:	6d20                	.insn	2, 0x6d20
20003de6:	6669646f          	jal	s0,2009a44c <__stack_top+0x956b8>
20003dea:	6569                	.insn	2, 0x6569
20003dec:	2164                	.insn	2, 0x2164
20003dee:	0000                	.insn	2, 0x0000
20003df0:	500a                	.insn	2, 0x500a
20003df2:	6f72                	.insn	2, 0x6f72
20003df4:	6d617267          	.insn	4, 0x6d617267
20003df8:	6520                	.insn	2, 0x6520
20003dfa:	6978                	.insn	2, 0x6978
20003dfc:	6574                	.insn	2, 0x6574
20003dfe:	2064                	.insn	2, 0x2064
20003e00:	68746977          	.insn	4, 0x68746977
20003e04:	6320                	.insn	2, 0x6320
20003e06:	2065646f          	jal	s0,2005a00c <__stack_top+0x55278>
20003e0a:	6425                	.insn	2, 0x6425
20003e0c:	000a                	.insn	2, 0x000a
	...

20003e10 <__clz_tab>:
20003e10:	0100 0202 0303 0303 0404 0404 0404 0404     ................
20003e20:	0505 0505 0505 0505 0505 0505 0505 0505     ................
20003e30:	0606 0606 0606 0606 0606 0606 0606 0606     ................
20003e40:	0606 0606 0606 0606 0606 0606 0606 0606     ................
20003e50:	0707 0707 0707 0707 0707 0707 0707 0707     ................
20003e60:	0707 0707 0707 0707 0707 0707 0707 0707     ................
20003e70:	0707 0707 0707 0707 0707 0707 0707 0707     ................
20003e80:	0707 0707 0707 0707 0707 0707 0707 0707     ................
20003e90:	0808 0808 0808 0808 0808 0808 0808 0808     ................
20003ea0:	0808 0808 0808 0808 0808 0808 0808 0808     ................
20003eb0:	0808 0808 0808 0808 0808 0808 0808 0808     ................
20003ec0:	0808 0808 0808 0808 0808 0808 0808 0808     ................
20003ed0:	0808 0808 0808 0808 0808 0808 0808 0808     ................
20003ee0:	0808 0808 0808 0808 0808 0808 0808 0808     ................
20003ef0:	0808 0808 0808 0808 0808 0808 0808 0808     ................
20003f00:	0808 0808 0808 0808 0808 0808 0808 0808     ................
20003f10:	2d23 2b30 0020 0000 6c68 004c 6665 4567     #-0+ ...hlL.efgE
20003f20:	4746 0000 3130 3332 3534 3736 3938 4241     FG..0123456789AB
20003f30:	4443 4645 0000 0000 3130 3332 3534 3736     CDEF....01234567
20003f40:	3938 6261 6463 6665 0000 0000 276c 2000     89abcdef....l'. 
20003f50:	278c 2000 273c 2000 273c 2000 273c 2000     .'. <'. <'. <'. 
20003f60:	273c 2000 278c 2000 273c 2000 273c 2000     <'. .'. <'. <'. 
20003f70:	273c 2000 273c 2000 2978 2000 27e4 2000     <'. <'. x). .'. 
20003f80:	28f0 2000 273c 2000 273c 2000 29c0 2000     .(. <'. <'. .). 
20003f90:	273c 2000 27e4 2000 273c 2000 273c 2000     <'. .'. <'. <'. 
20003fa0:	28fc 2000                                   .(. 
