
build/Exercise01.elf:     file format elf32-littleriscv


Disassembly of section .text:

20000000 <_start>:
20000000:	2001c137          	lui	sp,0x2001c
20000004:	7f4000ef          	jal	200007f8 <_crt_init>
20000008:	00000297          	auipc	t0,0x0
2000000c:	0d028293          	addi	t0,t0,208 # 200000d8 <main>
20000010:	00000097          	auipc	ra,0x0
20000014:	02008093          	addi	ra,ra,32 # 20000030 <exit>
20000018:	34129073          	csrw	mepc,t0
2000001c:	00002337          	lui	t1,0x2
20000020:	80030313          	addi	t1,t1,-2048 # 1800 <_start-0x1fffe800>
20000024:	08036313          	ori	t1,t1,128
20000028:	30031073          	csrw	mstatus,t1
2000002c:	30200073          	mret

20000030 <exit>:
20000030:	211000ef          	jal	20000a40 <_crt_deinit>
20000034:	0000006f          	j	20000034 <exit+0x4>

20000038 <assignment1>:
    float balance;         
    double interestRate;  
    char accountType; 
};

void * assignment1(int address){
20000038:	fd010113          	addi	sp,sp,-48 # 2001bfd0 <__stack_top+0x17534>
2000003c:	02112623          	sw	ra,44(sp)
20000040:	02812423          	sw	s0,40(sp)
20000044:	03010413          	addi	s0,sp,48
20000048:	fca42e23          	sw	a0,-36(s0)
    struct BankAccount *account = (struct BankAccount *)address;
2000004c:	fdc42783          	lw	a5,-36(s0)
20000050:	fef42623          	sw	a5,-20(s0)
    account->accountNumber = 123456789;
20000054:	fec42783          	lw	a5,-20(s0)
20000058:	075bd737          	lui	a4,0x75bd
2000005c:	d1570713          	addi	a4,a4,-747 # 75bcd15 <_start-0x18a432eb>
20000060:	00e7a023          	sw	a4,0(a5)
    strcpy(account->holderName, "Birta Eiriksdottir");
20000064:	fec42783          	lw	a5,-20(s0)
20000068:	00478713          	addi	a4,a5,4
2000006c:	200047b7          	lui	a5,0x20004
20000070:	a2078793          	addi	a5,a5,-1504 # 20003a20 <_malloc_usable_size_r+0x1c>
20000074:	00078693          	mv	a3,a5
20000078:	01300793          	li	a5,19
2000007c:	00078613          	mv	a2,a5
20000080:	00068593          	mv	a1,a3
20000084:	00070513          	mv	a0,a4
20000088:	51d010ef          	jal	20001da4 <memcpy>
    account->balance = 666.66;
2000008c:	fec42783          	lw	a5,-20(s0)
20000090:	20004737          	lui	a4,0x20004
20000094:	a3472787          	flw	fa5,-1484(a4) # 20003a34 <_malloc_usable_size_r+0x30>
20000098:	02f7a627          	fsw	fa5,44(a5)
    account->interestRate = 2.56;
2000009c:	fec42683          	lw	a3,-20(s0)
200000a0:	200047b7          	lui	a5,0x20004
200000a4:	a387a703          	lw	a4,-1480(a5) # 20003a38 <_malloc_usable_size_r+0x34>
200000a8:	a3c7a783          	lw	a5,-1476(a5)
200000ac:	02e6a823          	sw	a4,48(a3)
200000b0:	02f6aa23          	sw	a5,52(a3)
    account->accountType = 'd';
200000b4:	fec42783          	lw	a5,-20(s0)
200000b8:	06400713          	li	a4,100
200000bc:	02e78c23          	sb	a4,56(a5)

    return account;
200000c0:	fec42783          	lw	a5,-20(s0)
}
200000c4:	00078513          	mv	a0,a5
200000c8:	02c12083          	lw	ra,44(sp)
200000cc:	02812403          	lw	s0,40(sp)
200000d0:	03010113          	addi	sp,sp,48
200000d4:	00008067          	ret

200000d8 <main>:
    char accountType; 
};
struct BankAccountTest account_test = {123456789, "Birta Eiriksdottir", 666.66, 2.56, 'd'}; 

int main(void)
{
200000d8:	fe010113          	addi	sp,sp,-32
200000dc:	00112e23          	sw	ra,28(sp)
200000e0:	00812c23          	sw	s0,24(sp)
200000e4:	02010413          	addi	s0,sp,32
    ///////////////////////////////////////////////////////////////////////////////
    // Test assignment 1
    ///////////////////////////////////////////////////////////////////////////////
    printf("Testing assignment 1...\n");
200000e8:	200047b7          	lui	a5,0x20004
200000ec:	a4078513          	addi	a0,a5,-1472 # 20003a40 <_malloc_usable_size_r+0x3c>
200000f0:	7fc010ef          	jal	200018ec <puts>
    void *student_struct = malloc(100);
200000f4:	06400513          	li	a0,100
200000f8:	3ec010ef          	jal	200014e4 <malloc>
200000fc:	00050793          	mv	a5,a0
20000100:	fef42623          	sw	a5,-20(s0)
    void *student_return = assignment1((int)student_struct);
20000104:	fec42783          	lw	a5,-20(s0)
20000108:	00078513          	mv	a0,a5
2000010c:	f2dff0ef          	jal	20000038 <assignment1>
20000110:	fea42423          	sw	a0,-24(s0)
    if (memcmp(student_return, &account_test, sizeof(account_test)) == 0){
20000114:	04000613          	li	a2,64
20000118:	200047b7          	lui	a5,0x20004
2000011c:	ca878593          	addi	a1,a5,-856 # 20003ca8 <account_test>
20000120:	fe842503          	lw	a0,-24(s0)
20000124:	3f9010ef          	jal	20001d1c <memcmp>
20000128:	00050793          	mv	a5,a0
2000012c:	00079a63          	bnez	a5,20000140 <main+0x68>
        printf("PASSED!\n\n");
20000130:	200047b7          	lui	a5,0x20004
20000134:	a5878513          	addi	a0,a5,-1448 # 20003a58 <_malloc_usable_size_r+0x54>
20000138:	7b4010ef          	jal	200018ec <puts>
2000013c:	0440006f          	j	20000180 <main+0xa8>
    }
    else if (student_return != student_struct){
20000140:	fe842703          	lw	a4,-24(s0)
20000144:	fec42783          	lw	a5,-20(s0)
20000148:	02f70063          	beq	a4,a5,20000168 <main+0x90>
        printf("Wrong address is returned...");
2000014c:	200047b7          	lui	a5,0x20004
20000150:	a6478513          	addi	a0,a5,-1436 # 20003a64 <_malloc_usable_size_r+0x60>
20000154:	640010ef          	jal	20001794 <iprintf>
        printf("FAILED!\n\n");
20000158:	200047b7          	lui	a5,0x20004
2000015c:	a8478513          	addi	a0,a5,-1404 # 20003a84 <_malloc_usable_size_r+0x80>
20000160:	78c010ef          	jal	200018ec <puts>
20000164:	01c0006f          	j	20000180 <main+0xa8>
    } 
    else{
        printf("Wrong memory content is returned...");
20000168:	200047b7          	lui	a5,0x20004
2000016c:	a9078513          	addi	a0,a5,-1392 # 20003a90 <_malloc_usable_size_r+0x8c>
20000170:	624010ef          	jal	20001794 <iprintf>
        printf("FAILED!\n\n");
20000174:	200047b7          	lui	a5,0x20004
20000178:	a8478513          	addi	a0,a5,-1404 # 20003a84 <_malloc_usable_size_r+0x80>
2000017c:	770010ef          	jal	200018ec <puts>
20000180:	00000793          	li	a5,0
    }
    ///////////////////////////////////////////////////////////////////////////////


}
20000184:	00078513          	mv	a0,a5
20000188:	01c12083          	lw	ra,28(sp)
2000018c:	01812403          	lw	s0,24(sp)
20000190:	02010113          	addi	sp,sp,32
20000194:	00008067          	ret

20000198 <_pll_init_144>:
20000198:	fe010113          	addi	sp,sp,-32
2000019c:	00112e23          	sw	ra,28(sp)
200001a0:	00812c23          	sw	s0,24(sp)
200001a4:	02010413          	addi	s0,sp,32
200001a8:	fe042623          	sw	zero,-20(s0)
200001ac:	fe042423          	sw	zero,-24(s0)
200001b0:	400217b7          	lui	a5,0x40021
200001b4:	0007a703          	lw	a4,0(a5) # 40021000 <__stack_top+0x2001c564>
200001b8:	400217b7          	lui	a5,0x40021
200001bc:	00176713          	ori	a4,a4,1
200001c0:	00e7a023          	sw	a4,0(a5) # 40021000 <__stack_top+0x2001c564>
200001c4:	400217b7          	lui	a5,0x40021
200001c8:	00478793          	addi	a5,a5,4 # 40021004 <__stack_top+0x2001c568>
200001cc:	0007a683          	lw	a3,0(a5)
200001d0:	400217b7          	lui	a5,0x40021
200001d4:	00478793          	addi	a5,a5,4 # 40021004 <__stack_top+0x2001c568>
200001d8:	f8ff0737          	lui	a4,0xf8ff0
200001dc:	00e6f733          	and	a4,a3,a4
200001e0:	00e7a023          	sw	a4,0(a5)
200001e4:	400217b7          	lui	a5,0x40021
200001e8:	0007a683          	lw	a3,0(a5) # 40021000 <__stack_top+0x2001c564>
200001ec:	400217b7          	lui	a5,0x40021
200001f0:	fef70737          	lui	a4,0xfef70
200001f4:	fff70713          	addi	a4,a4,-1 # fef6ffff <__stack_top+0xdef6b563>
200001f8:	00e6f733          	and	a4,a3,a4
200001fc:	00e7a023          	sw	a4,0(a5) # 40021000 <__stack_top+0x2001c564>
20000200:	400217b7          	lui	a5,0x40021
20000204:	0007a683          	lw	a3,0(a5) # 40021000 <__stack_top+0x2001c564>
20000208:	400217b7          	lui	a5,0x40021
2000020c:	fffc0737          	lui	a4,0xfffc0
20000210:	fff70713          	addi	a4,a4,-1 # fffbffff <__stack_top+0xdffbb563>
20000214:	00e6f733          	and	a4,a3,a4
20000218:	00e7a023          	sw	a4,0(a5) # 40021000 <__stack_top+0x2001c564>
2000021c:	400217b7          	lui	a5,0x40021
20000220:	00478793          	addi	a5,a5,4 # 40021004 <__stack_top+0x2001c568>
20000224:	0007a683          	lw	a3,0(a5)
20000228:	400217b7          	lui	a5,0x40021
2000022c:	00478793          	addi	a5,a5,4 # 40021004 <__stack_top+0x2001c568>
20000230:	ff810737          	lui	a4,0xff810
20000234:	fff70713          	addi	a4,a4,-1 # ff80ffff <__stack_top+0xdf80b563>
20000238:	00e6f733          	and	a4,a3,a4
2000023c:	00e7a023          	sw	a4,0(a5)
20000240:	400217b7          	lui	a5,0x40021
20000244:	0007a683          	lw	a3,0(a5) # 40021000 <__stack_top+0x2001c564>
20000248:	400217b7          	lui	a5,0x40021
2000024c:	ec000737          	lui	a4,0xec000
20000250:	fff70713          	addi	a4,a4,-1 # ebffffff <__stack_top+0xcbffb563>
20000254:	00e6f733          	and	a4,a3,a4
20000258:	00e7a023          	sw	a4,0(a5) # 40021000 <__stack_top+0x2001c564>
2000025c:	400217b7          	lui	a5,0x40021
20000260:	00878793          	addi	a5,a5,8 # 40021008 <__stack_top+0x2001c56c>
20000264:	00ff0737          	lui	a4,0xff0
20000268:	00e7a023          	sw	a4,0(a5)
2000026c:	400217b7          	lui	a5,0x40021
20000270:	02c78793          	addi	a5,a5,44 # 4002102c <__stack_top+0x2001c590>
20000274:	0007a023          	sw	zero,0(a5)
20000278:	400217b7          	lui	a5,0x40021
2000027c:	0007a683          	lw	a3,0(a5) # 40021000 <__stack_top+0x2001c564>
20000280:	400217b7          	lui	a5,0x40021
20000284:	00010737          	lui	a4,0x10
20000288:	00e6e733          	or	a4,a3,a4
2000028c:	00e7a023          	sw	a4,0(a5) # 40021000 <__stack_top+0x2001c564>
20000290:	400217b7          	lui	a5,0x40021
20000294:	0007a703          	lw	a4,0(a5) # 40021000 <__stack_top+0x2001c564>
20000298:	000207b7          	lui	a5,0x20
2000029c:	00f777b3          	and	a5,a4,a5
200002a0:	fef42423          	sw	a5,-24(s0)
200002a4:	fec42783          	lw	a5,-20(s0)
200002a8:	00178793          	addi	a5,a5,1 # 20001 <_start-0x1ffdffff>
200002ac:	fef42623          	sw	a5,-20(s0)
200002b0:	fe842783          	lw	a5,-24(s0)
200002b4:	00079863          	bnez	a5,200002c4 <_pll_init_144+0x12c>
200002b8:	fec42703          	lw	a4,-20(s0)
200002bc:	1f400793          	li	a5,500
200002c0:	fcf718e3          	bne	a4,a5,20000290 <_pll_init_144+0xf8>
200002c4:	400217b7          	lui	a5,0x40021
200002c8:	0007a703          	lw	a4,0(a5) # 40021000 <__stack_top+0x2001c564>
200002cc:	000207b7          	lui	a5,0x20
200002d0:	00f777b3          	and	a5,a4,a5
200002d4:	00079663          	bnez	a5,200002e0 <_pll_init_144+0x148>
200002d8:	00100793          	li	a5,1
200002dc:	11c0006f          	j	200003f8 <_pll_init_144+0x260>
200002e0:	400217b7          	lui	a5,0x40021
200002e4:	00478713          	addi	a4,a5,4 # 40021004 <__stack_top+0x2001c568>
200002e8:	400217b7          	lui	a5,0x40021
200002ec:	00478793          	addi	a5,a5,4 # 40021004 <__stack_top+0x2001c568>
200002f0:	00072703          	lw	a4,0(a4) # 10000 <_start-0x1fff0000>
200002f4:	00e7a023          	sw	a4,0(a5)
200002f8:	400217b7          	lui	a5,0x40021
200002fc:	00478713          	addi	a4,a5,4 # 40021004 <__stack_top+0x2001c568>
20000300:	400217b7          	lui	a5,0x40021
20000304:	00478793          	addi	a5,a5,4 # 40021004 <__stack_top+0x2001c568>
20000308:	00072703          	lw	a4,0(a4)
2000030c:	00e7a023          	sw	a4,0(a5)
20000310:	400217b7          	lui	a5,0x40021
20000314:	02c78793          	addi	a5,a5,44 # 4002102c <__stack_top+0x2001c590>
20000318:	0007a703          	lw	a4,0(a5)
2000031c:	400217b7          	lui	a5,0x40021
20000320:	02c78793          	addi	a5,a5,44 # 4002102c <__stack_top+0x2001c590>
20000324:	40076713          	ori	a4,a4,1024
20000328:	00e7a023          	sw	a4,0(a5)
2000032c:	400217b7          	lui	a5,0x40021
20000330:	00478793          	addi	a5,a5,4 # 40021004 <__stack_top+0x2001c568>
20000334:	0007a683          	lw	a3,0(a5)
20000338:	400217b7          	lui	a5,0x40021
2000033c:	00478793          	addi	a5,a5,4 # 40021004 <__stack_top+0x2001c568>
20000340:	ffc10737          	lui	a4,0xffc10
20000344:	fff70713          	addi	a4,a4,-1 # ffc0ffff <__stack_top+0xdfc0b563>
20000348:	00e6f733          	and	a4,a3,a4
2000034c:	00e7a023          	sw	a4,0(a5)
20000350:	400217b7          	lui	a5,0x40021
20000354:	00478793          	addi	a5,a5,4 # 40021004 <__stack_top+0x2001c568>
20000358:	0007a683          	lw	a3,0(a5)
2000035c:	400217b7          	lui	a5,0x40021
20000360:	00478793          	addi	a5,a5,4 # 40021004 <__stack_top+0x2001c568>
20000364:	00010737          	lui	a4,0x10
20000368:	00e6e733          	or	a4,a3,a4
2000036c:	00e7a023          	sw	a4,0(a5)
20000370:	400217b7          	lui	a5,0x40021
20000374:	0007a683          	lw	a3,0(a5) # 40021000 <__stack_top+0x2001c564>
20000378:	400217b7          	lui	a5,0x40021
2000037c:	01000737          	lui	a4,0x1000
20000380:	00e6e733          	or	a4,a3,a4
20000384:	00e7a023          	sw	a4,0(a5) # 40021000 <__stack_top+0x2001c564>
20000388:	00000013          	nop
2000038c:	400217b7          	lui	a5,0x40021
20000390:	0007a703          	lw	a4,0(a5) # 40021000 <__stack_top+0x2001c564>
20000394:	020007b7          	lui	a5,0x2000
20000398:	00f777b3          	and	a5,a4,a5
2000039c:	fe0788e3          	beqz	a5,2000038c <_pll_init_144+0x1f4>
200003a0:	400217b7          	lui	a5,0x40021
200003a4:	00478793          	addi	a5,a5,4 # 40021004 <__stack_top+0x2001c568>
200003a8:	0007a703          	lw	a4,0(a5)
200003ac:	400217b7          	lui	a5,0x40021
200003b0:	00478793          	addi	a5,a5,4 # 40021004 <__stack_top+0x2001c568>
200003b4:	ffc77713          	andi	a4,a4,-4
200003b8:	00e7a023          	sw	a4,0(a5)
200003bc:	400217b7          	lui	a5,0x40021
200003c0:	00478793          	addi	a5,a5,4 # 40021004 <__stack_top+0x2001c568>
200003c4:	0007a703          	lw	a4,0(a5)
200003c8:	400217b7          	lui	a5,0x40021
200003cc:	00478793          	addi	a5,a5,4 # 40021004 <__stack_top+0x2001c568>
200003d0:	00276713          	ori	a4,a4,2
200003d4:	00e7a023          	sw	a4,0(a5)
200003d8:	00000013          	nop
200003dc:	400217b7          	lui	a5,0x40021
200003e0:	00478793          	addi	a5,a5,4 # 40021004 <__stack_top+0x2001c568>
200003e4:	0007a783          	lw	a5,0(a5)
200003e8:	00c7f713          	andi	a4,a5,12
200003ec:	00800793          	li	a5,8
200003f0:	fef716e3          	bne	a4,a5,200003dc <_pll_init_144+0x244>
200003f4:	00000793          	li	a5,0
200003f8:	00078513          	mv	a0,a5
200003fc:	01c12083          	lw	ra,28(sp)
20000400:	01812403          	lw	s0,24(sp)
20000404:	02010113          	addi	sp,sp,32
20000408:	00008067          	ret

2000040c <crt_timer_interrupt>:
2000040c:	fd010113          	addi	sp,sp,-48
20000410:	02112623          	sw	ra,44(sp)
20000414:	02512423          	sw	t0,40(sp)
20000418:	02812223          	sw	s0,36(sp)
2000041c:	02a12023          	sw	a0,32(sp)
20000420:	00b12e23          	sw	a1,28(sp)
20000424:	00c12c23          	sw	a2,24(sp)
20000428:	00d12a23          	sw	a3,20(sp)
2000042c:	00e12823          	sw	a4,16(sp)
20000430:	00f12623          	sw	a5,12(sp)
20000434:	01012423          	sw	a6,8(sp)
20000438:	03010413          	addi	s0,sp,48
2000043c:	400017b7          	lui	a5,0x40001
20000440:	0107d783          	lhu	a5,16(a5) # 40001010 <__stack_top+0x1fffc574>
20000444:	01079713          	slli	a4,a5,0x10
20000448:	01075713          	srli	a4,a4,0x10
2000044c:	400017b7          	lui	a5,0x40001
20000450:	ffe77713          	andi	a4,a4,-2
20000454:	01071713          	slli	a4,a4,0x10
20000458:	01075713          	srli	a4,a4,0x10
2000045c:	00e79823          	sh	a4,16(a5) # 40001010 <__stack_top+0x1fffc574>
20000460:	200047b7          	lui	a5,0x20004
20000464:	d487a703          	lw	a4,-696(a5) # 20003d48 <current_time>
20000468:	d4c7a783          	lw	a5,-692(a5)
2000046c:	00100513          	li	a0,1
20000470:	00000593          	li	a1,0
20000474:	00a70633          	add	a2,a4,a0
20000478:	00060813          	mv	a6,a2
2000047c:	00e83833          	sltu	a6,a6,a4
20000480:	00b786b3          	add	a3,a5,a1
20000484:	00d807b3          	add	a5,a6,a3
20000488:	00078693          	mv	a3,a5
2000048c:	00060713          	mv	a4,a2
20000490:	00068793          	mv	a5,a3
20000494:	200046b7          	lui	a3,0x20004
20000498:	d4e6a423          	sw	a4,-696(a3) # 20003d48 <current_time>
2000049c:	d4f6a623          	sw	a5,-692(a3)
200004a0:	00000013          	nop
200004a4:	02c12083          	lw	ra,44(sp)
200004a8:	02812283          	lw	t0,40(sp)
200004ac:	02412403          	lw	s0,36(sp)
200004b0:	02012503          	lw	a0,32(sp)
200004b4:	01c12583          	lw	a1,28(sp)
200004b8:	01812603          	lw	a2,24(sp)
200004bc:	01412683          	lw	a3,20(sp)
200004c0:	01012703          	lw	a4,16(sp)
200004c4:	00c12783          	lw	a5,12(sp)
200004c8:	00812803          	lw	a6,8(sp)
200004cc:	03010113          	addi	sp,sp,48
200004d0:	30200073          	mret

200004d4 <_times>:
200004d4:	fe010113          	addi	sp,sp,-32
200004d8:	00112e23          	sw	ra,28(sp)
200004dc:	00812c23          	sw	s0,24(sp)
200004e0:	02010413          	addi	s0,sp,32
200004e4:	fea42623          	sw	a0,-20(s0)
200004e8:	200047b7          	lui	a5,0x20004
200004ec:	d487a703          	lw	a4,-696(a5) # 20003d48 <current_time>
200004f0:	d4c7a783          	lw	a5,-692(a5)
200004f4:	fec42783          	lw	a5,-20(s0)
200004f8:	00e7a223          	sw	a4,4(a5)
200004fc:	fec42783          	lw	a5,-20(s0)
20000500:	0047a703          	lw	a4,4(a5)
20000504:	fec42783          	lw	a5,-20(s0)
20000508:	00e7a023          	sw	a4,0(a5)
2000050c:	200047b7          	lui	a5,0x20004
20000510:	d487a703          	lw	a4,-696(a5) # 20003d48 <current_time>
20000514:	d4c7a783          	lw	a5,-692(a5)
20000518:	00070793          	mv	a5,a4
2000051c:	00078513          	mv	a0,a5
20000520:	01c12083          	lw	ra,28(sp)
20000524:	01812403          	lw	s0,24(sp)
20000528:	02010113          	addi	sp,sp,32
2000052c:	00008067          	ret

20000530 <_gettimeofday>:
20000530:	fd010113          	addi	sp,sp,-48
20000534:	02112623          	sw	ra,44(sp)
20000538:	02812423          	sw	s0,40(sp)
2000053c:	03010413          	addi	s0,sp,48
20000540:	fca42e23          	sw	a0,-36(s0)
20000544:	fcb42c23          	sw	a1,-40(s0)
20000548:	200047b7          	lui	a5,0x20004
2000054c:	d487a703          	lw	a4,-696(a5) # 20003d48 <current_time>
20000550:	d4c7a783          	lw	a5,-692(a5)
20000554:	fee42423          	sw	a4,-24(s0)
20000558:	fef42623          	sw	a5,-20(s0)
2000055c:	fe842703          	lw	a4,-24(s0)
20000560:	fec42783          	lw	a5,-20(s0)
20000564:	06400613          	li	a2,100
20000568:	00000693          	li	a3,0
2000056c:	00070513          	mv	a0,a4
20000570:	00078593          	mv	a1,a5
20000574:	768000ef          	jal	20000cdc <__udivdi3>
20000578:	00050713          	mv	a4,a0
2000057c:	00058793          	mv	a5,a1
20000580:	fdc42683          	lw	a3,-36(s0)
20000584:	00e6a023          	sw	a4,0(a3)
20000588:	00f6a223          	sw	a5,4(a3)
2000058c:	fe842703          	lw	a4,-24(s0)
20000590:	fec42783          	lw	a5,-20(s0)
20000594:	06400613          	li	a2,100
20000598:	00000693          	li	a3,0
2000059c:	00070513          	mv	a0,a4
200005a0:	00078593          	mv	a1,a5
200005a4:	325000ef          	jal	200010c8 <__umoddi3>
200005a8:	00050713          	mv	a4,a0
200005ac:	00058793          	mv	a5,a1
200005b0:	fdc42783          	lw	a5,-36(s0)
200005b4:	00e7a423          	sw	a4,8(a5)
200005b8:	00000793          	li	a5,0
200005bc:	00078513          	mv	a0,a5
200005c0:	02c12083          	lw	ra,44(sp)
200005c4:	02812403          	lw	s0,40(sp)
200005c8:	03010113          	addi	sp,sp,48
200005cc:	00008067          	ret

200005d0 <_settimeofday>:
200005d0:	fe010113          	addi	sp,sp,-32
200005d4:	00112e23          	sw	ra,28(sp)
200005d8:	00812c23          	sw	s0,24(sp)
200005dc:	02010413          	addi	s0,sp,32
200005e0:	fea42623          	sw	a0,-20(s0)
200005e4:	feb42423          	sw	a1,-24(s0)
200005e8:	fec42783          	lw	a5,-20(s0)
200005ec:	0007a703          	lw	a4,0(a5)
200005f0:	0047a783          	lw	a5,4(a5)
200005f4:	06400593          	li	a1,100
200005f8:	02b78533          	mul	a0,a5,a1
200005fc:	00000593          	li	a1,0
20000600:	02b705b3          	mul	a1,a4,a1
20000604:	00b50533          	add	a0,a0,a1
20000608:	06400593          	li	a1,100
2000060c:	02b70333          	mul	t1,a4,a1
20000610:	02b738b3          	mulhu	a7,a4,a1
20000614:	00030813          	mv	a6,t1
20000618:	011507b3          	add	a5,a0,a7
2000061c:	00078893          	mv	a7,a5
20000620:	00080713          	mv	a4,a6
20000624:	00088793          	mv	a5,a7
20000628:	200045b7          	lui	a1,0x20004
2000062c:	d4e5a423          	sw	a4,-696(a1) # 20003d48 <current_time>
20000630:	d4f5a623          	sw	a5,-692(a1)
20000634:	fec42783          	lw	a5,-20(s0)
20000638:	0087a783          	lw	a5,8(a5)
2000063c:	00078613          	mv	a2,a5
20000640:	41f7d793          	srai	a5,a5,0x1f
20000644:	00078693          	mv	a3,a5
20000648:	200047b7          	lui	a5,0x20004
2000064c:	d487a503          	lw	a0,-696(a5) # 20003d48 <current_time>
20000650:	d4c7a583          	lw	a1,-692(a5)
20000654:	00a60733          	add	a4,a2,a0
20000658:	00070813          	mv	a6,a4
2000065c:	00c83833          	sltu	a6,a6,a2
20000660:	00b687b3          	add	a5,a3,a1
20000664:	00f806b3          	add	a3,a6,a5
20000668:	00068793          	mv	a5,a3
2000066c:	200046b7          	lui	a3,0x20004
20000670:	d4e6a423          	sw	a4,-696(a3) # 20003d48 <current_time>
20000674:	d4f6a623          	sw	a5,-692(a3)
20000678:	00000793          	li	a5,0
2000067c:	00078513          	mv	a0,a5
20000680:	01c12083          	lw	ra,28(sp)
20000684:	01812403          	lw	s0,24(sp)
20000688:	02010113          	addi	sp,sp,32
2000068c:	00008067          	ret

20000690 <_tstchar>:
20000690:	ff010113          	addi	sp,sp,-16
20000694:	00112623          	sw	ra,12(sp)
20000698:	00812423          	sw	s0,8(sp)
2000069c:	01010413          	addi	s0,sp,16
200006a0:	400147b7          	lui	a5,0x40014
200006a4:	80078793          	addi	a5,a5,-2048 # 40013800 <__stack_top+0x2000ed64>
200006a8:	0007d783          	lhu	a5,0(a5)
200006ac:	01079793          	slli	a5,a5,0x10
200006b0:	0107d793          	srli	a5,a5,0x10
200006b4:	0207f793          	andi	a5,a5,32
200006b8:	02078063          	beqz	a5,200006d8 <_tstchar+0x48>
200006bc:	400147b7          	lui	a5,0x40014
200006c0:	80078793          	addi	a5,a5,-2048 # 40013800 <__stack_top+0x2000ed64>
200006c4:	0047d783          	lhu	a5,4(a5)
200006c8:	01079793          	slli	a5,a5,0x10
200006cc:	0107d793          	srli	a5,a5,0x10
200006d0:	0ff7f793          	zext.b	a5,a5
200006d4:	0080006f          	j	200006dc <_tstchar+0x4c>
200006d8:	00000793          	li	a5,0
200006dc:	00078513          	mv	a0,a5
200006e0:	00c12083          	lw	ra,12(sp)
200006e4:	00812403          	lw	s0,8(sp)
200006e8:	01010113          	addi	sp,sp,16
200006ec:	00008067          	ret

200006f0 <_outchar>:
200006f0:	fe010113          	addi	sp,sp,-32
200006f4:	00112e23          	sw	ra,28(sp)
200006f8:	00812c23          	sw	s0,24(sp)
200006fc:	02010413          	addi	s0,sp,32
20000700:	00050793          	mv	a5,a0
20000704:	fef407a3          	sb	a5,-17(s0)
20000708:	400147b7          	lui	a5,0x40014
2000070c:	80078793          	addi	a5,a5,-2048 # 40013800 <__stack_top+0x2000ed64>
20000710:	fef44703          	lbu	a4,-17(s0)
20000714:	01071713          	slli	a4,a4,0x10
20000718:	01075713          	srli	a4,a4,0x10
2000071c:	00e79223          	sh	a4,4(a5)
20000720:	00000013          	nop
20000724:	400147b7          	lui	a5,0x40014
20000728:	80078793          	addi	a5,a5,-2048 # 40013800 <__stack_top+0x2000ed64>
2000072c:	0007d783          	lhu	a5,0(a5)
20000730:	01079793          	slli	a5,a5,0x10
20000734:	0107d793          	srli	a5,a5,0x10
20000738:	0807f793          	andi	a5,a5,128
2000073c:	fe0784e3          	beqz	a5,20000724 <_outchar+0x34>
20000740:	00000013          	nop
20000744:	00000013          	nop
20000748:	01c12083          	lw	ra,28(sp)
2000074c:	01812403          	lw	s0,24(sp)
20000750:	02010113          	addi	sp,sp,32
20000754:	00008067          	ret

20000758 <_sbrk>:
20000758:	fd010113          	addi	sp,sp,-48
2000075c:	02112623          	sw	ra,44(sp)
20000760:	02812423          	sw	s0,40(sp)
20000764:	03010413          	addi	s0,sp,48
20000768:	fca42e23          	sw	a0,-36(s0)
2000076c:	200047b7          	lui	a5,0x20004
20000770:	d507a783          	lw	a5,-688(a5) # 20003d50 <heap_end>
20000774:	00079a63          	bnez	a5,20000788 <_sbrk+0x30>
20000778:	200047b7          	lui	a5,0x20004
2000077c:	20004737          	lui	a4,0x20004
20000780:	e9c70713          	addi	a4,a4,-356 # 20003e9c <__bss_end__>
20000784:	d4e7a823          	sw	a4,-688(a5) # 20003d50 <heap_end>
20000788:	200047b7          	lui	a5,0x20004
2000078c:	d507a783          	lw	a5,-688(a5) # 20003d50 <heap_end>
20000790:	fef42623          	sw	a5,-20(s0)
20000794:	200047b7          	lui	a5,0x20004
20000798:	d507a703          	lw	a4,-688(a5) # 20003d50 <heap_end>
2000079c:	fdc42783          	lw	a5,-36(s0)
200007a0:	00f70733          	add	a4,a4,a5
200007a4:	200047b7          	lui	a5,0x20004
200007a8:	69c78793          	addi	a5,a5,1692 # 2000469c <__heap_top>
200007ac:	00e7fe63          	bgeu	a5,a4,200007c8 <_sbrk+0x70>
200007b0:	5e8010ef          	jal	20001d98 <__errno>
200007b4:	00050713          	mv	a4,a0
200007b8:	00c00793          	li	a5,12
200007bc:	00f72023          	sw	a5,0(a4)
200007c0:	fff00793          	li	a5,-1
200007c4:	0200006f          	j	200007e4 <_sbrk+0x8c>
200007c8:	200047b7          	lui	a5,0x20004
200007cc:	d507a703          	lw	a4,-688(a5) # 20003d50 <heap_end>
200007d0:	fdc42783          	lw	a5,-36(s0)
200007d4:	00f70733          	add	a4,a4,a5
200007d8:	200047b7          	lui	a5,0x20004
200007dc:	d4e7a823          	sw	a4,-688(a5) # 20003d50 <heap_end>
200007e0:	fec42783          	lw	a5,-20(s0)
200007e4:	00078513          	mv	a0,a5
200007e8:	02c12083          	lw	ra,44(sp)
200007ec:	02812403          	lw	s0,40(sp)
200007f0:	03010113          	addi	sp,sp,48
200007f4:	00008067          	ret

200007f8 <_crt_init>:
200007f8:	fe010113          	addi	sp,sp,-32
200007fc:	00112e23          	sw	ra,28(sp)
20000800:	00812c23          	sw	s0,24(sp)
20000804:	02010413          	addi	s0,sp,32
20000808:	00000013          	nop
2000080c:	98dff0ef          	jal	20000198 <_pll_init_144>
20000810:	00050793          	mv	a5,a0
20000814:	fe079ce3          	bnez	a5,2000080c <_crt_init+0x14>
20000818:	400217b7          	lui	a5,0x40021
2000081c:	0187a683          	lw	a3,24(a5) # 40021018 <__stack_top+0x2001c57c>
20000820:	400217b7          	lui	a5,0x40021
20000824:	00004737          	lui	a4,0x4
20000828:	00e6e733          	or	a4,a3,a4
2000082c:	00e7ac23          	sw	a4,24(a5) # 40021018 <__stack_top+0x2001c57c>
20000830:	400217b7          	lui	a5,0x40021
20000834:	0187a703          	lw	a4,24(a5) # 40021018 <__stack_top+0x2001c57c>
20000838:	400217b7          	lui	a5,0x40021
2000083c:	00476713          	ori	a4,a4,4
20000840:	00e7ac23          	sw	a4,24(a5) # 40021018 <__stack_top+0x2001c57c>
20000844:	400217b7          	lui	a5,0x40021
20000848:	0187a703          	lw	a4,24(a5) # 40021018 <__stack_top+0x2001c57c>
2000084c:	400217b7          	lui	a5,0x40021
20000850:	00176713          	ori	a4,a4,1
20000854:	00e7ac23          	sw	a4,24(a5) # 40021018 <__stack_top+0x2001c57c>
20000858:	400217b7          	lui	a5,0x40021
2000085c:	0187a703          	lw	a4,24(a5) # 40021018 <__stack_top+0x2001c57c>
20000860:	400217b7          	lui	a5,0x40021
20000864:	02076713          	ori	a4,a4,32
20000868:	00e7ac23          	sw	a4,24(a5) # 40021018 <__stack_top+0x2001c57c>
2000086c:	400217b7          	lui	a5,0x40021
20000870:	0187a703          	lw	a4,24(a5) # 40021018 <__stack_top+0x2001c57c>
20000874:	400217b7          	lui	a5,0x40021
20000878:	04076713          	ori	a4,a4,64
2000087c:	00e7ac23          	sw	a4,24(a5) # 40021018 <__stack_top+0x2001c57c>
20000880:	400217b7          	lui	a5,0x40021
20000884:	00c7a683          	lw	a3,12(a5) # 4002100c <__stack_top+0x2001c570>
20000888:	400217b7          	lui	a5,0x40021
2000088c:	00004737          	lui	a4,0x4
20000890:	06070713          	addi	a4,a4,96 # 4060 <_start-0x1fffbfa0>
20000894:	00e6e733          	or	a4,a3,a4
20000898:	00e7a623          	sw	a4,12(a5) # 4002100c <__stack_top+0x2001c570>
2000089c:	400217b7          	lui	a5,0x40021
200008a0:	00c7a683          	lw	a3,12(a5) # 4002100c <__stack_top+0x2001c570>
200008a4:	400217b7          	lui	a5,0x40021
200008a8:	ffffc737          	lui	a4,0xffffc
200008ac:	f9f70713          	addi	a4,a4,-97 # ffffbf9f <__stack_top+0xdfff7503>
200008b0:	00e6f733          	and	a4,a3,a4
200008b4:	00e7a623          	sw	a4,12(a5) # 4002100c <__stack_top+0x2001c570>
200008b8:	400117b7          	lui	a5,0x40011
200008bc:	80478793          	addi	a5,a5,-2044 # 40010804 <__stack_top+0x2000bd68>
200008c0:	0007a703          	lw	a4,0(a5)
200008c4:	400117b7          	lui	a5,0x40011
200008c8:	80478793          	addi	a5,a5,-2044 # 40010804 <__stack_top+0x2000bd68>
200008cc:	0b076713          	ori	a4,a4,176
200008d0:	00e7a023          	sw	a4,0(a5)
200008d4:	400117b7          	lui	a5,0x40011
200008d8:	80478793          	addi	a5,a5,-2044 # 40010804 <__stack_top+0x2000bd68>
200008dc:	0007a703          	lw	a4,0(a5)
200008e0:	400117b7          	lui	a5,0x40011
200008e4:	80478793          	addi	a5,a5,-2044 # 40010804 <__stack_top+0x2000bd68>
200008e8:	40076713          	ori	a4,a4,1024
200008ec:	00e7a023          	sw	a4,0(a5)
200008f0:	400147b7          	lui	a5,0x40014
200008f4:	80078793          	addi	a5,a5,-2048 # 40013800 <__stack_top+0x2000ed64>
200008f8:	4e200713          	li	a4,1250
200008fc:	00e79423          	sh	a4,8(a5)
20000900:	400147b7          	lui	a5,0x40014
20000904:	80078793          	addi	a5,a5,-2048 # 40013800 <__stack_top+0x2000ed64>
20000908:	00002737          	lui	a4,0x2
2000090c:	00c70713          	addi	a4,a4,12 # 200c <_start-0x1fffdff4>
20000910:	00e79623          	sh	a4,12(a5)
20000914:	400217b7          	lui	a5,0x40021
20000918:	01c7a703          	lw	a4,28(a5) # 4002101c <__stack_top+0x2001c580>
2000091c:	400217b7          	lui	a5,0x40021
20000920:	01076713          	ori	a4,a4,16
20000924:	00e7ae23          	sw	a4,28(a5) # 4002101c <__stack_top+0x2001c580>
20000928:	400217b7          	lui	a5,0x40021
2000092c:	0107a703          	lw	a4,16(a5) # 40021010 <__stack_top+0x2001c574>
20000930:	400217b7          	lui	a5,0x40021
20000934:	01076713          	ori	a4,a4,16
20000938:	00e7a823          	sw	a4,16(a5) # 40021010 <__stack_top+0x2001c574>
2000093c:	400217b7          	lui	a5,0x40021
20000940:	0107a703          	lw	a4,16(a5) # 40021010 <__stack_top+0x2001c574>
20000944:	400217b7          	lui	a5,0x40021
20000948:	fef77713          	andi	a4,a4,-17
2000094c:	00e7a823          	sw	a4,16(a5) # 40021010 <__stack_top+0x2001c574>
20000950:	400217b7          	lui	a5,0x40021
20000954:	01c7a703          	lw	a4,28(a5) # 4002101c <__stack_top+0x2001c580>
20000958:	400217b7          	lui	a5,0x40021
2000095c:	02076713          	ori	a4,a4,32
20000960:	00e7ae23          	sw	a4,28(a5) # 4002101c <__stack_top+0x2001c580>
20000964:	400217b7          	lui	a5,0x40021
20000968:	0107a703          	lw	a4,16(a5) # 40021010 <__stack_top+0x2001c574>
2000096c:	400217b7          	lui	a5,0x40021
20000970:	02076713          	ori	a4,a4,32
20000974:	00e7a823          	sw	a4,16(a5) # 40021010 <__stack_top+0x2001c574>
20000978:	400217b7          	lui	a5,0x40021
2000097c:	0107a703          	lw	a4,16(a5) # 40021010 <__stack_top+0x2001c574>
20000980:	400217b7          	lui	a5,0x40021
20000984:	fdf77713          	andi	a4,a4,-33
20000988:	00e7a823          	sw	a4,16(a5) # 40021010 <__stack_top+0x2001c574>
2000098c:	200047b7          	lui	a5,0x20004
20000990:	d407a823          	sw	zero,-688(a5) # 20003d50 <heap_end>
20000994:	200047b7          	lui	a5,0x20004
20000998:	d4878793          	addi	a5,a5,-696 # 20003d48 <current_time>
2000099c:	fef42623          	sw	a5,-20(s0)
200009a0:	200047b7          	lui	a5,0x20004
200009a4:	e9c78793          	addi	a5,a5,-356 # 20003e9c <__bss_end__>
200009a8:	fef42423          	sw	a5,-24(s0)
200009ac:	0140006f          	j	200009c0 <_crt_init+0x1c8>
200009b0:	fec42783          	lw	a5,-20(s0)
200009b4:	00178713          	addi	a4,a5,1
200009b8:	fee42623          	sw	a4,-20(s0)
200009bc:	00078023          	sb	zero,0(a5)
200009c0:	fec42703          	lw	a4,-20(s0)
200009c4:	fe842783          	lw	a5,-24(s0)
200009c8:	fef764e3          	bltu	a4,a5,200009b0 <_crt_init+0x1b8>
200009cc:	200047b7          	lui	a5,0x20004
200009d0:	d407a783          	lw	a5,-704(a5) # 20003d40 <_impure_ptr>
200009d4:	0047a783          	lw	a5,4(a5)
200009d8:	00000693          	li	a3,0
200009dc:	00200613          	li	a2,2
200009e0:	00000593          	li	a1,0
200009e4:	00078513          	mv	a0,a5
200009e8:	715000ef          	jal	200018fc <setvbuf>
200009ec:	200047b7          	lui	a5,0x20004
200009f0:	d407a783          	lw	a5,-704(a5) # 20003d40 <_impure_ptr>
200009f4:	0087a783          	lw	a5,8(a5)
200009f8:	00000693          	li	a3,0
200009fc:	00200613          	li	a2,2
20000a00:	00000593          	li	a1,0
20000a04:	00078513          	mv	a0,a5
20000a08:	6f5000ef          	jal	200018fc <setvbuf>
20000a0c:	200047b7          	lui	a5,0x20004
20000a10:	d407a783          	lw	a5,-704(a5) # 20003d40 <_impure_ptr>
20000a14:	00c7a783          	lw	a5,12(a5)
20000a18:	00000693          	li	a3,0
20000a1c:	00200613          	li	a2,2
20000a20:	00000593          	li	a1,0
20000a24:	00078513          	mv	a0,a5
20000a28:	6d5000ef          	jal	200018fc <setvbuf>
20000a2c:	00000013          	nop
20000a30:	01c12083          	lw	ra,28(sp)
20000a34:	01812403          	lw	s0,24(sp)
20000a38:	02010113          	addi	sp,sp,32
20000a3c:	00008067          	ret

20000a40 <_crt_deinit>:
20000a40:	ff010113          	addi	sp,sp,-16
20000a44:	00112623          	sw	ra,12(sp)
20000a48:	00812423          	sw	s0,8(sp)
20000a4c:	01010413          	addi	s0,sp,16
20000a50:	00000013          	nop
20000a54:	00c12083          	lw	ra,12(sp)
20000a58:	00812403          	lw	s0,8(sp)
20000a5c:	01010113          	addi	sp,sp,16
20000a60:	00008067          	ret

20000a64 <_exit>:
20000a64:	fe010113          	addi	sp,sp,-32
20000a68:	00112e23          	sw	ra,28(sp)
20000a6c:	00812c23          	sw	s0,24(sp)
20000a70:	02010413          	addi	s0,sp,32
20000a74:	fea42623          	sw	a0,-20(s0)
20000a78:	fec42783          	lw	a5,-20(s0)
20000a7c:	00078a63          	beqz	a5,20000a90 <_exit+0x2c>
20000a80:	fec42583          	lw	a1,-20(s0)
20000a84:	200047b7          	lui	a5,0x20004
20000a88:	ab478513          	addi	a0,a5,-1356 # 20003ab4 <_malloc_usable_size_r+0xb0>
20000a8c:	509000ef          	jal	20001794 <iprintf>
20000a90:	fb1ff0ef          	jal	20000a40 <_crt_deinit>
20000a94:	00000013          	nop
20000a98:	01c12083          	lw	ra,28(sp)
20000a9c:	01812403          	lw	s0,24(sp)
20000aa0:	02010113          	addi	sp,sp,32
20000aa4:	00008067          	ret

20000aa8 <_close>:
20000aa8:	fe010113          	addi	sp,sp,-32
20000aac:	00112e23          	sw	ra,28(sp)
20000ab0:	00812c23          	sw	s0,24(sp)
20000ab4:	02010413          	addi	s0,sp,32
20000ab8:	fea42623          	sw	a0,-20(s0)
20000abc:	fff00793          	li	a5,-1
20000ac0:	00078513          	mv	a0,a5
20000ac4:	01c12083          	lw	ra,28(sp)
20000ac8:	01812403          	lw	s0,24(sp)
20000acc:	02010113          	addi	sp,sp,32
20000ad0:	00008067          	ret

20000ad4 <_open>:
20000ad4:	fe010113          	addi	sp,sp,-32
20000ad8:	00112e23          	sw	ra,28(sp)
20000adc:	00812c23          	sw	s0,24(sp)
20000ae0:	02010413          	addi	s0,sp,32
20000ae4:	fea42623          	sw	a0,-20(s0)
20000ae8:	feb42423          	sw	a1,-24(s0)
20000aec:	fec42223          	sw	a2,-28(s0)
20000af0:	fff00793          	li	a5,-1
20000af4:	00078513          	mv	a0,a5
20000af8:	01c12083          	lw	ra,28(sp)
20000afc:	01812403          	lw	s0,24(sp)
20000b00:	02010113          	addi	sp,sp,32
20000b04:	00008067          	ret

20000b08 <_fstat>:
20000b08:	fe010113          	addi	sp,sp,-32
20000b0c:	00112e23          	sw	ra,28(sp)
20000b10:	00812c23          	sw	s0,24(sp)
20000b14:	02010413          	addi	s0,sp,32
20000b18:	fea42623          	sw	a0,-20(s0)
20000b1c:	feb42423          	sw	a1,-24(s0)
20000b20:	fe842783          	lw	a5,-24(s0)
20000b24:	00002737          	lui	a4,0x2
20000b28:	00e7a223          	sw	a4,4(a5)
20000b2c:	00000793          	li	a5,0
20000b30:	00078513          	mv	a0,a5
20000b34:	01c12083          	lw	ra,28(sp)
20000b38:	01812403          	lw	s0,24(sp)
20000b3c:	02010113          	addi	sp,sp,32
20000b40:	00008067          	ret

20000b44 <_lseek>:
20000b44:	fe010113          	addi	sp,sp,-32
20000b48:	00112e23          	sw	ra,28(sp)
20000b4c:	00812c23          	sw	s0,24(sp)
20000b50:	02010413          	addi	s0,sp,32
20000b54:	fea42623          	sw	a0,-20(s0)
20000b58:	feb42423          	sw	a1,-24(s0)
20000b5c:	fec42223          	sw	a2,-28(s0)
20000b60:	00000793          	li	a5,0
20000b64:	00078513          	mv	a0,a5
20000b68:	01c12083          	lw	ra,28(sp)
20000b6c:	01812403          	lw	s0,24(sp)
20000b70:	02010113          	addi	sp,sp,32
20000b74:	00008067          	ret

20000b78 <_isatty>:
20000b78:	fe010113          	addi	sp,sp,-32
20000b7c:	00112e23          	sw	ra,28(sp)
20000b80:	00812c23          	sw	s0,24(sp)
20000b84:	02010413          	addi	s0,sp,32
20000b88:	fea42623          	sw	a0,-20(s0)
20000b8c:	00000793          	li	a5,0
20000b90:	00078513          	mv	a0,a5
20000b94:	01c12083          	lw	ra,28(sp)
20000b98:	01812403          	lw	s0,24(sp)
20000b9c:	02010113          	addi	sp,sp,32
20000ba0:	00008067          	ret

20000ba4 <_write>:
20000ba4:	fd010113          	addi	sp,sp,-48
20000ba8:	02112623          	sw	ra,44(sp)
20000bac:	02812423          	sw	s0,40(sp)
20000bb0:	03010413          	addi	s0,sp,48
20000bb4:	fca42e23          	sw	a0,-36(s0)
20000bb8:	fcb42c23          	sw	a1,-40(s0)
20000bbc:	fcc42a23          	sw	a2,-44(s0)
20000bc0:	fd442783          	lw	a5,-44(s0)
20000bc4:	fef42623          	sw	a5,-20(s0)
20000bc8:	01c0006f          	j	20000be4 <_write+0x40>
20000bcc:	fd842783          	lw	a5,-40(s0)
20000bd0:	00178713          	addi	a4,a5,1
20000bd4:	fce42c23          	sw	a4,-40(s0)
20000bd8:	0007c783          	lbu	a5,0(a5)
20000bdc:	00078513          	mv	a0,a5
20000be0:	b11ff0ef          	jal	200006f0 <_outchar>
20000be4:	fd442783          	lw	a5,-44(s0)
20000be8:	fff78713          	addi	a4,a5,-1
20000bec:	fce42a23          	sw	a4,-44(s0)
20000bf0:	fc079ee3          	bnez	a5,20000bcc <_write+0x28>
20000bf4:	fec42783          	lw	a5,-20(s0)
20000bf8:	00078513          	mv	a0,a5
20000bfc:	02c12083          	lw	ra,44(sp)
20000c00:	02812403          	lw	s0,40(sp)
20000c04:	03010113          	addi	sp,sp,48
20000c08:	00008067          	ret

20000c0c <_read>:
20000c0c:	fd010113          	addi	sp,sp,-48
20000c10:	02112623          	sw	ra,44(sp)
20000c14:	02812423          	sw	s0,40(sp)
20000c18:	03010413          	addi	s0,sp,48
20000c1c:	fca42e23          	sw	a0,-36(s0)
20000c20:	fcb42c23          	sw	a1,-40(s0)
20000c24:	fcc42a23          	sw	a2,-44(s0)
20000c28:	fe042623          	sw	zero,-20(s0)
20000c2c:	a65ff0ef          	jal	20000690 <_tstchar>
20000c30:	00050793          	mv	a5,a0
20000c34:	fef405a3          	sb	a5,-21(s0)
20000c38:	feb44783          	lbu	a5,-21(s0)
20000c3c:	02078263          	beqz	a5,20000c60 <_read+0x54>
20000c40:	fd842783          	lw	a5,-40(s0)
20000c44:	00178713          	addi	a4,a5,1
20000c48:	fce42c23          	sw	a4,-40(s0)
20000c4c:	feb44703          	lbu	a4,-21(s0)
20000c50:	00e78023          	sb	a4,0(a5)
20000c54:	fec42783          	lw	a5,-20(s0)
20000c58:	00178793          	addi	a5,a5,1
20000c5c:	fef42623          	sw	a5,-20(s0)
20000c60:	fd442703          	lw	a4,-44(s0)
20000c64:	fec42783          	lw	a5,-20(s0)
20000c68:	fcf712e3          	bne	a4,a5,20000c2c <_read+0x20>
20000c6c:	fec42783          	lw	a5,-20(s0)
20000c70:	00078513          	mv	a0,a5
20000c74:	02c12083          	lw	ra,44(sp)
20000c78:	02812403          	lw	s0,40(sp)
20000c7c:	03010113          	addi	sp,sp,48
20000c80:	00008067          	ret

20000c84 <_getpid>:
20000c84:	ff010113          	addi	sp,sp,-16
20000c88:	00112623          	sw	ra,12(sp)
20000c8c:	00812423          	sw	s0,8(sp)
20000c90:	01010413          	addi	s0,sp,16
20000c94:	00000793          	li	a5,0
20000c98:	00078513          	mv	a0,a5
20000c9c:	00c12083          	lw	ra,12(sp)
20000ca0:	00812403          	lw	s0,8(sp)
20000ca4:	01010113          	addi	sp,sp,16
20000ca8:	00008067          	ret

20000cac <_kill>:
20000cac:	fe010113          	addi	sp,sp,-32
20000cb0:	00112e23          	sw	ra,28(sp)
20000cb4:	00812c23          	sw	s0,24(sp)
20000cb8:	02010413          	addi	s0,sp,32
20000cbc:	fea42623          	sw	a0,-20(s0)
20000cc0:	feb42423          	sw	a1,-24(s0)
20000cc4:	00000793          	li	a5,0
20000cc8:	00078513          	mv	a0,a5
20000ccc:	01c12083          	lw	ra,28(sp)
20000cd0:	01812403          	lw	s0,24(sp)
20000cd4:	02010113          	addi	sp,sp,32
20000cd8:	00008067          	ret

20000cdc <__udivdi3>:
20000cdc:	00060713          	mv	a4,a2
20000ce0:	00068893          	mv	a7,a3
20000ce4:	00050813          	mv	a6,a0
20000ce8:	00058313          	mv	t1,a1
20000cec:	24069463          	bnez	a3,20000f34 <__udivdi3+0x258>
20000cf0:	200047b7          	lui	a5,0x20004
20000cf4:	ad478793          	addi	a5,a5,-1324 # 20003ad4 <__clz_tab>
20000cf8:	0ec5f463          	bgeu	a1,a2,20000de0 <__udivdi3+0x104>
20000cfc:	000106b7          	lui	a3,0x10
20000d00:	0cd67063          	bgeu	a2,a3,20000dc0 <__udivdi3+0xe4>
20000d04:	10063693          	sltiu	a3,a2,256
20000d08:	0016b693          	seqz	a3,a3
20000d0c:	00369693          	slli	a3,a3,0x3
20000d10:	00d65e33          	srl	t3,a2,a3
20000d14:	01c787b3          	add	a5,a5,t3
20000d18:	0007c783          	lbu	a5,0(a5)
20000d1c:	00d787b3          	add	a5,a5,a3
20000d20:	02000693          	li	a3,32
20000d24:	00d78e63          	beq	a5,a3,20000d40 <__udivdi3+0x64>
20000d28:	40f686b3          	sub	a3,a3,a5
20000d2c:	00d59333          	sll	t1,a1,a3
20000d30:	00f557b3          	srl	a5,a0,a5
20000d34:	00d61733          	sll	a4,a2,a3
20000d38:	0067e333          	or	t1,a5,t1
20000d3c:	00d51833          	sll	a6,a0,a3
20000d40:	01075513          	srli	a0,a4,0x10
20000d44:	02a357b3          	divu	a5,t1,a0
20000d48:	01071593          	slli	a1,a4,0x10
20000d4c:	0105d593          	srli	a1,a1,0x10
20000d50:	01085693          	srli	a3,a6,0x10
20000d54:	02a37333          	remu	t1,t1,a0
20000d58:	02f58633          	mul	a2,a1,a5
20000d5c:	01031313          	slli	t1,t1,0x10
20000d60:	0066e6b3          	or	a3,a3,t1
20000d64:	00c6fa63          	bgeu	a3,a2,20000d78 <__udivdi3+0x9c>
20000d68:	00d706b3          	add	a3,a4,a3
20000d6c:	00c6f463          	bgeu	a3,a2,20000d74 <__udivdi3+0x98>
20000d70:	06e6f263          	bgeu	a3,a4,20000dd4 <__udivdi3+0xf8>
20000d74:	fff78793          	addi	a5,a5,-1
20000d78:	40c686b3          	sub	a3,a3,a2
20000d7c:	02a6d633          	divu	a2,a3,a0
20000d80:	01081813          	slli	a6,a6,0x10
20000d84:	01085813          	srli	a6,a6,0x10
20000d88:	02a6f6b3          	remu	a3,a3,a0
20000d8c:	02c585b3          	mul	a1,a1,a2
20000d90:	01069693          	slli	a3,a3,0x10
20000d94:	00d86833          	or	a6,a6,a3
20000d98:	00b87a63          	bgeu	a6,a1,20000dac <__udivdi3+0xd0>
20000d9c:	01070833          	add	a6,a4,a6
20000da0:	00b87463          	bgeu	a6,a1,20000da8 <__udivdi3+0xcc>
20000da4:	18e87463          	bgeu	a6,a4,20000f2c <__udivdi3+0x250>
20000da8:	fff60613          	addi	a2,a2,-1
20000dac:	01079793          	slli	a5,a5,0x10
20000db0:	00c7e7b3          	or	a5,a5,a2
20000db4:	00078513          	mv	a0,a5
20000db8:	00088593          	mv	a1,a7
20000dbc:	00008067          	ret
20000dc0:	01000e37          	lui	t3,0x1000
20000dc4:	01800693          	li	a3,24
20000dc8:	f5c674e3          	bgeu	a2,t3,20000d10 <__udivdi3+0x34>
20000dcc:	01000693          	li	a3,16
20000dd0:	f41ff06f          	j	20000d10 <__udivdi3+0x34>
20000dd4:	ffe78793          	addi	a5,a5,-2
20000dd8:	00e686b3          	add	a3,a3,a4
20000ddc:	f9dff06f          	j	20000d78 <__udivdi3+0x9c>
20000de0:	00000693          	li	a3,0
20000de4:	00060c63          	beqz	a2,20000dfc <__udivdi3+0x120>
20000de8:	000106b7          	lui	a3,0x10
20000dec:	06d67863          	bgeu	a2,a3,20000e5c <__udivdi3+0x180>
20000df0:	10063693          	sltiu	a3,a2,256
20000df4:	0016b693          	seqz	a3,a3
20000df8:	00369693          	slli	a3,a3,0x3
20000dfc:	00d658b3          	srl	a7,a2,a3
20000e00:	011787b3          	add	a5,a5,a7
20000e04:	0007c783          	lbu	a5,0(a5)
20000e08:	00d787b3          	add	a5,a5,a3
20000e0c:	02000693          	li	a3,32
20000e10:	06d79063          	bne	a5,a3,20000e70 <__udivdi3+0x194>
20000e14:	40c58633          	sub	a2,a1,a2
20000e18:	00100893          	li	a7,1
20000e1c:	01075513          	srli	a0,a4,0x10
20000e20:	02a657b3          	divu	a5,a2,a0
20000e24:	01071593          	slli	a1,a4,0x10
20000e28:	0105d593          	srli	a1,a1,0x10
20000e2c:	01085693          	srli	a3,a6,0x10
20000e30:	02a67633          	remu	a2,a2,a0
20000e34:	02f58333          	mul	t1,a1,a5
20000e38:	01061613          	slli	a2,a2,0x10
20000e3c:	00c6e6b3          	or	a3,a3,a2
20000e40:	0066fa63          	bgeu	a3,t1,20000e54 <__udivdi3+0x178>
20000e44:	00d706b3          	add	a3,a4,a3
20000e48:	0066f463          	bgeu	a3,t1,20000e50 <__udivdi3+0x174>
20000e4c:	0ce6fa63          	bgeu	a3,a4,20000f20 <__udivdi3+0x244>
20000e50:	fff78793          	addi	a5,a5,-1
20000e54:	406686b3          	sub	a3,a3,t1
20000e58:	f25ff06f          	j	20000d7c <__udivdi3+0xa0>
20000e5c:	010008b7          	lui	a7,0x1000
20000e60:	01800693          	li	a3,24
20000e64:	f9167ce3          	bgeu	a2,a7,20000dfc <__udivdi3+0x120>
20000e68:	01000693          	li	a3,16
20000e6c:	f91ff06f          	j	20000dfc <__udivdi3+0x120>
20000e70:	40f68833          	sub	a6,a3,a5
20000e74:	01061733          	sll	a4,a2,a6
20000e78:	00f5d6b3          	srl	a3,a1,a5
20000e7c:	010595b3          	sll	a1,a1,a6
20000e80:	00f557b3          	srl	a5,a0,a5
20000e84:	01051833          	sll	a6,a0,a6
20000e88:	01075513          	srli	a0,a4,0x10
20000e8c:	02a6d8b3          	divu	a7,a3,a0
20000e90:	01071613          	slli	a2,a4,0x10
20000e94:	01065613          	srli	a2,a2,0x10
20000e98:	00b7e7b3          	or	a5,a5,a1
20000e9c:	02a6f6b3          	remu	a3,a3,a0
20000ea0:	03160333          	mul	t1,a2,a7
20000ea4:	01069593          	slli	a1,a3,0x10
20000ea8:	0107d693          	srli	a3,a5,0x10
20000eac:	00b6e6b3          	or	a3,a3,a1
20000eb0:	0066fa63          	bgeu	a3,t1,20000ec4 <__udivdi3+0x1e8>
20000eb4:	00d706b3          	add	a3,a4,a3
20000eb8:	0066f463          	bgeu	a3,t1,20000ec0 <__udivdi3+0x1e4>
20000ebc:	04e6f663          	bgeu	a3,a4,20000f08 <__udivdi3+0x22c>
20000ec0:	fff88893          	addi	a7,a7,-1 # ffffff <_start-0x1f000001>
20000ec4:	406686b3          	sub	a3,a3,t1
20000ec8:	02a6d5b3          	divu	a1,a3,a0
20000ecc:	01079793          	slli	a5,a5,0x10
20000ed0:	0107d793          	srli	a5,a5,0x10
20000ed4:	02a6f6b3          	remu	a3,a3,a0
20000ed8:	02b60633          	mul	a2,a2,a1
20000edc:	01069693          	slli	a3,a3,0x10
20000ee0:	00d7e7b3          	or	a5,a5,a3
20000ee4:	00c7fa63          	bgeu	a5,a2,20000ef8 <__udivdi3+0x21c>
20000ee8:	00f707b3          	add	a5,a4,a5
20000eec:	00c7f463          	bgeu	a5,a2,20000ef4 <__udivdi3+0x218>
20000ef0:	02e7f263          	bgeu	a5,a4,20000f14 <__udivdi3+0x238>
20000ef4:	fff58593          	addi	a1,a1,-1
20000ef8:	01089893          	slli	a7,a7,0x10
20000efc:	40c78633          	sub	a2,a5,a2
20000f00:	00b8e8b3          	or	a7,a7,a1
20000f04:	f19ff06f          	j	20000e1c <__udivdi3+0x140>
20000f08:	ffe88893          	addi	a7,a7,-2
20000f0c:	00e686b3          	add	a3,a3,a4
20000f10:	fb5ff06f          	j	20000ec4 <__udivdi3+0x1e8>
20000f14:	ffe58593          	addi	a1,a1,-2
20000f18:	00e787b3          	add	a5,a5,a4
20000f1c:	fddff06f          	j	20000ef8 <__udivdi3+0x21c>
20000f20:	ffe78793          	addi	a5,a5,-2
20000f24:	00e686b3          	add	a3,a3,a4
20000f28:	f2dff06f          	j	20000e54 <__udivdi3+0x178>
20000f2c:	ffe60613          	addi	a2,a2,-2
20000f30:	e7dff06f          	j	20000dac <__udivdi3+0xd0>
20000f34:	18d5e463          	bltu	a1,a3,200010bc <__udivdi3+0x3e0>
20000f38:	000107b7          	lui	a5,0x10
20000f3c:	04f6f463          	bgeu	a3,a5,20000f84 <__udivdi3+0x2a8>
20000f40:	1006b793          	sltiu	a5,a3,256
20000f44:	0017b793          	seqz	a5,a5
20000f48:	00379793          	slli	a5,a5,0x3
20000f4c:	20004737          	lui	a4,0x20004
20000f50:	00f6d833          	srl	a6,a3,a5
20000f54:	ad470713          	addi	a4,a4,-1324 # 20003ad4 <__clz_tab>
20000f58:	01070733          	add	a4,a4,a6
20000f5c:	00074703          	lbu	a4,0(a4)
20000f60:	02000813          	li	a6,32
20000f64:	00f70733          	add	a4,a4,a5
20000f68:	03071863          	bne	a4,a6,20000f98 <__udivdi3+0x2bc>
20000f6c:	00c537b3          	sltu	a5,a0,a2
20000f70:	0017b793          	seqz	a5,a5
20000f74:	00b6b6b3          	sltu	a3,a3,a1
20000f78:	00d7e7b3          	or	a5,a5,a3
20000f7c:	00000893          	li	a7,0
20000f80:	e35ff06f          	j	20000db4 <__udivdi3+0xd8>
20000f84:	01000737          	lui	a4,0x1000
20000f88:	01800793          	li	a5,24
20000f8c:	fce6f0e3          	bgeu	a3,a4,20000f4c <__udivdi3+0x270>
20000f90:	01000793          	li	a5,16
20000f94:	fb9ff06f          	j	20000f4c <__udivdi3+0x270>
20000f98:	40e80833          	sub	a6,a6,a4
20000f9c:	00e658b3          	srl	a7,a2,a4
20000fa0:	010696b3          	sll	a3,a3,a6
20000fa4:	00d8e8b3          	or	a7,a7,a3
20000fa8:	0108de13          	srli	t3,a7,0x10
20000fac:	00e5d6b3          	srl	a3,a1,a4
20000fb0:	03c6d7b3          	divu	a5,a3,t3
20000fb4:	01089313          	slli	t1,a7,0x10
20000fb8:	01035313          	srli	t1,t1,0x10
20000fbc:	010595b3          	sll	a1,a1,a6
20000fc0:	00e55733          	srl	a4,a0,a4
20000fc4:	00b76733          	or	a4,a4,a1
20000fc8:	01061633          	sll	a2,a2,a6
20000fcc:	03c6f6b3          	remu	a3,a3,t3
20000fd0:	02f30eb3          	mul	t4,t1,a5
20000fd4:	01069593          	slli	a1,a3,0x10
20000fd8:	01075693          	srli	a3,a4,0x10
20000fdc:	00b6e6b3          	or	a3,a3,a1
20000fe0:	01d6fa63          	bgeu	a3,t4,20000ff4 <__udivdi3+0x318>
20000fe4:	00d886b3          	add	a3,a7,a3
20000fe8:	01d6f463          	bgeu	a3,t4,20000ff0 <__udivdi3+0x314>
20000fec:	0b16fc63          	bgeu	a3,a7,200010a4 <__udivdi3+0x3c8>
20000ff0:	fff78793          	addi	a5,a5,-1 # ffff <_start-0x1fff0001>
20000ff4:	41d686b3          	sub	a3,a3,t4
20000ff8:	03c6d5b3          	divu	a1,a3,t3
20000ffc:	01071713          	slli	a4,a4,0x10
20001000:	01075713          	srli	a4,a4,0x10
20001004:	03c6f6b3          	remu	a3,a3,t3
20001008:	02b30333          	mul	t1,t1,a1
2000100c:	01069693          	slli	a3,a3,0x10
20001010:	00d76733          	or	a4,a4,a3
20001014:	00677a63          	bgeu	a4,t1,20001028 <__udivdi3+0x34c>
20001018:	00e88733          	add	a4,a7,a4
2000101c:	00677463          	bgeu	a4,t1,20001024 <__udivdi3+0x348>
20001020:	09177863          	bgeu	a4,a7,200010b0 <__udivdi3+0x3d4>
20001024:	fff58593          	addi	a1,a1,-1
20001028:	01079793          	slli	a5,a5,0x10
2000102c:	00b7e7b3          	or	a5,a5,a1
20001030:	40670733          	sub	a4,a4,t1
20001034:	01059593          	slli	a1,a1,0x10
20001038:	01061313          	slli	t1,a2,0x10
2000103c:	0105d593          	srli	a1,a1,0x10
20001040:	0107d893          	srli	a7,a5,0x10
20001044:	01035313          	srli	t1,t1,0x10
20001048:	01065613          	srli	a2,a2,0x10
2000104c:	02658e33          	mul	t3,a1,t1
20001050:	02688333          	mul	t1,a7,t1
20001054:	010e5693          	srli	a3,t3,0x10
20001058:	02c585b3          	mul	a1,a1,a2
2000105c:	006585b3          	add	a1,a1,t1
20001060:	00b686b3          	add	a3,a3,a1
20001064:	02c888b3          	mul	a7,a7,a2
20001068:	0066f663          	bgeu	a3,t1,20001074 <__udivdi3+0x398>
2000106c:	00010637          	lui	a2,0x10
20001070:	00c888b3          	add	a7,a7,a2
20001074:	0106d613          	srli	a2,a3,0x10
20001078:	01160633          	add	a2,a2,a7
2000107c:	02c76063          	bltu	a4,a2,2000109c <__udivdi3+0x3c0>
20001080:	010e1e13          	slli	t3,t3,0x10
20001084:	01069693          	slli	a3,a3,0x10
20001088:	010e5e13          	srli	t3,t3,0x10
2000108c:	01051533          	sll	a0,a0,a6
20001090:	01c686b3          	add	a3,a3,t3
20001094:	eed574e3          	bgeu	a0,a3,20000f7c <__udivdi3+0x2a0>
20001098:	eec712e3          	bne	a4,a2,20000f7c <__udivdi3+0x2a0>
2000109c:	fff78793          	addi	a5,a5,-1
200010a0:	eddff06f          	j	20000f7c <__udivdi3+0x2a0>
200010a4:	ffe78793          	addi	a5,a5,-2
200010a8:	011686b3          	add	a3,a3,a7
200010ac:	f49ff06f          	j	20000ff4 <__udivdi3+0x318>
200010b0:	ffe58593          	addi	a1,a1,-2
200010b4:	01170733          	add	a4,a4,a7
200010b8:	f71ff06f          	j	20001028 <__udivdi3+0x34c>
200010bc:	00000893          	li	a7,0
200010c0:	00000793          	li	a5,0
200010c4:	cf1ff06f          	j	20000db4 <__udivdi3+0xd8>

200010c8 <__umoddi3>:
200010c8:	00060813          	mv	a6,a2
200010cc:	00050793          	mv	a5,a0
200010d0:	00058713          	mv	a4,a1
200010d4:	24069463          	bnez	a3,2000131c <__umoddi3+0x254>
200010d8:	200046b7          	lui	a3,0x20004
200010dc:	ad468693          	addi	a3,a3,-1324 # 20003ad4 <__clz_tab>
200010e0:	0ec5f863          	bgeu	a1,a2,200011d0 <__umoddi3+0x108>
200010e4:	000108b7          	lui	a7,0x10
200010e8:	0d167a63          	bgeu	a2,a7,200011bc <__umoddi3+0xf4>
200010ec:	10063893          	sltiu	a7,a2,256
200010f0:	0018b893          	seqz	a7,a7
200010f4:	00389893          	slli	a7,a7,0x3
200010f8:	01165333          	srl	t1,a2,a7
200010fc:	006686b3          	add	a3,a3,t1
20001100:	0006c683          	lbu	a3,0(a3)
20001104:	02000313          	li	t1,32
20001108:	011686b3          	add	a3,a3,a7
2000110c:	40d308b3          	sub	a7,t1,a3
20001110:	00668c63          	beq	a3,t1,20001128 <__umoddi3+0x60>
20001114:	01159733          	sll	a4,a1,a7
20001118:	00d556b3          	srl	a3,a0,a3
2000111c:	01161833          	sll	a6,a2,a7
20001120:	00e6e733          	or	a4,a3,a4
20001124:	011517b3          	sll	a5,a0,a7
20001128:	01085513          	srli	a0,a6,0x10
2000112c:	02a756b3          	divu	a3,a4,a0
20001130:	01081313          	slli	t1,a6,0x10
20001134:	01035313          	srli	t1,t1,0x10
20001138:	02a77733          	remu	a4,a4,a0
2000113c:	026686b3          	mul	a3,a3,t1
20001140:	01071593          	slli	a1,a4,0x10
20001144:	0107d713          	srli	a4,a5,0x10
20001148:	00b76733          	or	a4,a4,a1
2000114c:	02d77063          	bgeu	a4,a3,2000116c <__umoddi3+0xa4>
20001150:	00e80733          	add	a4,a6,a4
20001154:	010735b3          	sltu	a1,a4,a6
20001158:	00d73633          	sltu	a2,a4,a3
2000115c:	0015b593          	seqz	a1,a1
20001160:	00b67633          	and	a2,a2,a1
20001164:	03060633          	mul	a2,a2,a6
20001168:	00e60733          	add	a4,a2,a4
2000116c:	40d70733          	sub	a4,a4,a3
20001170:	02a756b3          	divu	a3,a4,a0
20001174:	02a77733          	remu	a4,a4,a0
20001178:	026686b3          	mul	a3,a3,t1
2000117c:	01079513          	slli	a0,a5,0x10
20001180:	01071713          	slli	a4,a4,0x10
20001184:	01055513          	srli	a0,a0,0x10
20001188:	00e56533          	or	a0,a0,a4
2000118c:	02d57063          	bgeu	a0,a3,200011ac <__umoddi3+0xe4>
20001190:	00a80533          	add	a0,a6,a0
20001194:	01053733          	sltu	a4,a0,a6
20001198:	00d537b3          	sltu	a5,a0,a3
2000119c:	00173713          	seqz	a4,a4
200011a0:	00e7f7b3          	and	a5,a5,a4
200011a4:	030787b3          	mul	a5,a5,a6
200011a8:	00a78533          	add	a0,a5,a0
200011ac:	40d50533          	sub	a0,a0,a3
200011b0:	01155533          	srl	a0,a0,a7
200011b4:	00000593          	li	a1,0
200011b8:	00008067          	ret
200011bc:	01000337          	lui	t1,0x1000
200011c0:	01800893          	li	a7,24
200011c4:	f2667ae3          	bgeu	a2,t1,200010f8 <__umoddi3+0x30>
200011c8:	01000893          	li	a7,16
200011cc:	f2dff06f          	j	200010f8 <__umoddi3+0x30>
200011d0:	00000713          	li	a4,0
200011d4:	00060c63          	beqz	a2,200011ec <__umoddi3+0x124>
200011d8:	00010737          	lui	a4,0x10
200011dc:	08e67463          	bgeu	a2,a4,20001264 <__umoddi3+0x19c>
200011e0:	10063713          	sltiu	a4,a2,256
200011e4:	00173713          	seqz	a4,a4
200011e8:	00371713          	slli	a4,a4,0x3
200011ec:	00e658b3          	srl	a7,a2,a4
200011f0:	011686b3          	add	a3,a3,a7
200011f4:	0006c683          	lbu	a3,0(a3)
200011f8:	00e686b3          	add	a3,a3,a4
200011fc:	02000713          	li	a4,32
20001200:	40d708b3          	sub	a7,a4,a3
20001204:	06e69a63          	bne	a3,a4,20001278 <__umoddi3+0x1b0>
20001208:	40c586b3          	sub	a3,a1,a2
2000120c:	01085593          	srli	a1,a6,0x10
20001210:	02b6d633          	divu	a2,a3,a1
20001214:	01081313          	slli	t1,a6,0x10
20001218:	01035313          	srli	t1,t1,0x10
2000121c:	0107d713          	srli	a4,a5,0x10
20001220:	02b6f6b3          	remu	a3,a3,a1
20001224:	02660633          	mul	a2,a2,t1
20001228:	01069693          	slli	a3,a3,0x10
2000122c:	00d76733          	or	a4,a4,a3
20001230:	02c77063          	bgeu	a4,a2,20001250 <__umoddi3+0x188>
20001234:	00e80733          	add	a4,a6,a4
20001238:	01073533          	sltu	a0,a4,a6
2000123c:	00c736b3          	sltu	a3,a4,a2
20001240:	00153513          	seqz	a0,a0
20001244:	00a6f6b3          	and	a3,a3,a0
20001248:	030686b3          	mul	a3,a3,a6
2000124c:	00e68733          	add	a4,a3,a4
20001250:	40c70733          	sub	a4,a4,a2
20001254:	02b756b3          	divu	a3,a4,a1
20001258:	02b77733          	remu	a4,a4,a1
2000125c:	026686b3          	mul	a3,a3,t1
20001260:	f1dff06f          	j	2000117c <__umoddi3+0xb4>
20001264:	010008b7          	lui	a7,0x1000
20001268:	01800713          	li	a4,24
2000126c:	f91670e3          	bgeu	a2,a7,200011ec <__umoddi3+0x124>
20001270:	01000713          	li	a4,16
20001274:	f79ff06f          	j	200011ec <__umoddi3+0x124>
20001278:	01161833          	sll	a6,a2,a7
2000127c:	00d5d733          	srl	a4,a1,a3
20001280:	011517b3          	sll	a5,a0,a7
20001284:	011595b3          	sll	a1,a1,a7
20001288:	00d556b3          	srl	a3,a0,a3
2000128c:	01085513          	srli	a0,a6,0x10
20001290:	00b6e6b3          	or	a3,a3,a1
20001294:	02a755b3          	divu	a1,a4,a0
20001298:	01081e13          	slli	t3,a6,0x10
2000129c:	010e5e13          	srli	t3,t3,0x10
200012a0:	02a77733          	remu	a4,a4,a0
200012a4:	03c585b3          	mul	a1,a1,t3
200012a8:	01071613          	slli	a2,a4,0x10
200012ac:	0106d713          	srli	a4,a3,0x10
200012b0:	00c76733          	or	a4,a4,a2
200012b4:	02b77063          	bgeu	a4,a1,200012d4 <__umoddi3+0x20c>
200012b8:	00e80733          	add	a4,a6,a4
200012bc:	01073333          	sltu	t1,a4,a6
200012c0:	00b73633          	sltu	a2,a4,a1
200012c4:	00133313          	seqz	t1,t1
200012c8:	00667633          	and	a2,a2,t1
200012cc:	03060633          	mul	a2,a2,a6
200012d0:	00e60733          	add	a4,a2,a4
200012d4:	40b70733          	sub	a4,a4,a1
200012d8:	02a75633          	divu	a2,a4,a0
200012dc:	01069693          	slli	a3,a3,0x10
200012e0:	0106d693          	srli	a3,a3,0x10
200012e4:	02a77733          	remu	a4,a4,a0
200012e8:	03c60633          	mul	a2,a2,t3
200012ec:	01071713          	slli	a4,a4,0x10
200012f0:	00e6e6b3          	or	a3,a3,a4
200012f4:	02c6f063          	bgeu	a3,a2,20001314 <__umoddi3+0x24c>
200012f8:	00d806b3          	add	a3,a6,a3
200012fc:	0106b5b3          	sltu	a1,a3,a6
20001300:	00c6b733          	sltu	a4,a3,a2
20001304:	0015b593          	seqz	a1,a1
20001308:	00b77733          	and	a4,a4,a1
2000130c:	03070733          	mul	a4,a4,a6
20001310:	00d706b3          	add	a3,a4,a3
20001314:	40c686b3          	sub	a3,a3,a2
20001318:	ef5ff06f          	j	2000120c <__umoddi3+0x144>
2000131c:	1ad5e663          	bltu	a1,a3,200014c8 <__umoddi3+0x400>
20001320:	00010837          	lui	a6,0x10
20001324:	0506fc63          	bgeu	a3,a6,2000137c <__umoddi3+0x2b4>
20001328:	1006b893          	sltiu	a7,a3,256
2000132c:	0018b893          	seqz	a7,a7
20001330:	00389893          	slli	a7,a7,0x3
20001334:	20004837          	lui	a6,0x20004
20001338:	0116d333          	srl	t1,a3,a7
2000133c:	ad480813          	addi	a6,a6,-1324 # 20003ad4 <__clz_tab>
20001340:	00680833          	add	a6,a6,t1
20001344:	00084803          	lbu	a6,0(a6)
20001348:	01180833          	add	a6,a6,a7
2000134c:	02000893          	li	a7,32
20001350:	05181063          	bne	a6,a7,20001390 <__umoddi3+0x2c8>
20001354:	00c57463          	bgeu	a0,a2,2000135c <__umoddi3+0x294>
20001358:	00b6fc63          	bgeu	a3,a1,20001370 <__umoddi3+0x2a8>
2000135c:	40c50733          	sub	a4,a0,a2
20001360:	00070793          	mv	a5,a4
20001364:	40d586b3          	sub	a3,a1,a3
20001368:	00e53733          	sltu	a4,a0,a4
2000136c:	40e68733          	sub	a4,a3,a4
20001370:	00078513          	mv	a0,a5
20001374:	00070593          	mv	a1,a4
20001378:	00008067          	ret
2000137c:	01000837          	lui	a6,0x1000
20001380:	01800893          	li	a7,24
20001384:	fb06f8e3          	bgeu	a3,a6,20001334 <__umoddi3+0x26c>
20001388:	01000893          	li	a7,16
2000138c:	fa9ff06f          	j	20001334 <__umoddi3+0x26c>
20001390:	410888b3          	sub	a7,a7,a6
20001394:	011696b3          	sll	a3,a3,a7
20001398:	01065333          	srl	t1,a2,a6
2000139c:	00d36333          	or	t1,t1,a3
200013a0:	0105d733          	srl	a4,a1,a6
200013a4:	01035e93          	srli	t4,t1,0x10
200013a8:	03d756b3          	divu	a3,a4,t4
200013ac:	01031e13          	slli	t3,t1,0x10
200013b0:	010e5e13          	srli	t3,t3,0x10
200013b4:	011597b3          	sll	a5,a1,a7
200013b8:	010555b3          	srl	a1,a0,a6
200013bc:	00f5e5b3          	or	a1,a1,a5
200013c0:	0105d793          	srli	a5,a1,0x10
200013c4:	01161633          	sll	a2,a2,a7
200013c8:	01151533          	sll	a0,a0,a7
200013cc:	03d77733          	remu	a4,a4,t4
200013d0:	02de0f33          	mul	t5,t3,a3
200013d4:	01071713          	slli	a4,a4,0x10
200013d8:	00e7e7b3          	or	a5,a5,a4
200013dc:	01e7fa63          	bgeu	a5,t5,200013f0 <__umoddi3+0x328>
200013e0:	00f307b3          	add	a5,t1,a5
200013e4:	01e7f463          	bgeu	a5,t5,200013ec <__umoddi3+0x324>
200013e8:	0e67f263          	bgeu	a5,t1,200014cc <__umoddi3+0x404>
200013ec:	fff68693          	addi	a3,a3,-1
200013f0:	41e787b3          	sub	a5,a5,t5
200013f4:	03d7d733          	divu	a4,a5,t4
200013f8:	01059593          	slli	a1,a1,0x10
200013fc:	0105d593          	srli	a1,a1,0x10
20001400:	03d7f7b3          	remu	a5,a5,t4
20001404:	02ee0e33          	mul	t3,t3,a4
20001408:	01079793          	slli	a5,a5,0x10
2000140c:	00f5e5b3          	or	a1,a1,a5
20001410:	01c5fa63          	bgeu	a1,t3,20001424 <__umoddi3+0x35c>
20001414:	00b305b3          	add	a1,t1,a1
20001418:	01c5f463          	bgeu	a1,t3,20001420 <__umoddi3+0x358>
2000141c:	0a65fe63          	bgeu	a1,t1,200014d8 <__umoddi3+0x410>
20001420:	fff70713          	addi	a4,a4,-1 # ffff <_start-0x1fff0001>
20001424:	01069693          	slli	a3,a3,0x10
20001428:	00e6e6b3          	or	a3,a3,a4
2000142c:	41c585b3          	sub	a1,a1,t3
20001430:	01071713          	slli	a4,a4,0x10
20001434:	01061e13          	slli	t3,a2,0x10
20001438:	01065793          	srli	a5,a2,0x10
2000143c:	01075713          	srli	a4,a4,0x10
20001440:	0106d693          	srli	a3,a3,0x10
20001444:	010e5e13          	srli	t3,t3,0x10
20001448:	03c70eb3          	mul	t4,a4,t3
2000144c:	03c68e33          	mul	t3,a3,t3
20001450:	02f70733          	mul	a4,a4,a5
20001454:	02f686b3          	mul	a3,a3,a5
20001458:	01c707b3          	add	a5,a4,t3
2000145c:	010ed713          	srli	a4,t4,0x10
20001460:	00f70733          	add	a4,a4,a5
20001464:	01c77663          	bgeu	a4,t3,20001470 <__umoddi3+0x3a8>
20001468:	000107b7          	lui	a5,0x10
2000146c:	00f686b3          	add	a3,a3,a5
20001470:	01075793          	srli	a5,a4,0x10
20001474:	010e9e93          	slli	t4,t4,0x10
20001478:	01071713          	slli	a4,a4,0x10
2000147c:	010ede93          	srli	t4,t4,0x10
20001480:	00d787b3          	add	a5,a5,a3
20001484:	01d70733          	add	a4,a4,t4
20001488:	00f5e663          	bltu	a1,a5,20001494 <__umoddi3+0x3cc>
2000148c:	00e57e63          	bgeu	a0,a4,200014a8 <__umoddi3+0x3e0>
20001490:	00f59c63          	bne	a1,a5,200014a8 <__umoddi3+0x3e0>
20001494:	40c70633          	sub	a2,a4,a2
20001498:	00c736b3          	sltu	a3,a4,a2
2000149c:	006686b3          	add	a3,a3,t1
200014a0:	00060713          	mv	a4,a2
200014a4:	40d787b3          	sub	a5,a5,a3
200014a8:	40e50733          	sub	a4,a0,a4
200014ac:	00e53533          	sltu	a0,a0,a4
200014b0:	40f585b3          	sub	a1,a1,a5
200014b4:	40a585b3          	sub	a1,a1,a0
200014b8:	01059833          	sll	a6,a1,a6
200014bc:	01175733          	srl	a4,a4,a7
200014c0:	00e86533          	or	a0,a6,a4
200014c4:	0115d5b3          	srl	a1,a1,a7
200014c8:	00008067          	ret
200014cc:	ffe68693          	addi	a3,a3,-2
200014d0:	006787b3          	add	a5,a5,t1
200014d4:	f1dff06f          	j	200013f0 <__umoddi3+0x328>
200014d8:	ffe70713          	addi	a4,a4,-2
200014dc:	006585b3          	add	a1,a1,t1
200014e0:	f45ff06f          	j	20001424 <__umoddi3+0x35c>

200014e4 <malloc>:
200014e4:	200047b7          	lui	a5,0x20004
200014e8:	00050593          	mv	a1,a0
200014ec:	d407a503          	lw	a0,-704(a5) # 20003d40 <_impure_ptr>
200014f0:	09c0006f          	j	2000158c <_malloc_r>

200014f4 <free>:
200014f4:	200047b7          	lui	a5,0x20004
200014f8:	00050593          	mv	a1,a0
200014fc:	d407a503          	lw	a0,-704(a5) # 20003d40 <_impure_ptr>
20001500:	0c90006f          	j	20001dc8 <_free_r>

20001504 <sbrk_aligned>:
20001504:	ff010113          	addi	sp,sp,-16
20001508:	00812423          	sw	s0,8(sp)
2000150c:	20004437          	lui	s0,0x20004
20001510:	e8c42783          	lw	a5,-372(s0) # 20003e8c <__malloc_sbrk_start>
20001514:	00912223          	sw	s1,4(sp)
20001518:	01212023          	sw	s2,0(sp)
2000151c:	00112623          	sw	ra,12(sp)
20001520:	00050913          	mv	s2,a0
20001524:	00058493          	mv	s1,a1
20001528:	00079863          	bnez	a5,20001538 <sbrk_aligned+0x34>
2000152c:	00000593          	li	a1,0
20001530:	01d000ef          	jal	20001d4c <_sbrk_r>
20001534:	e8a42623          	sw	a0,-372(s0)
20001538:	00048593          	mv	a1,s1
2000153c:	00090513          	mv	a0,s2
20001540:	00d000ef          	jal	20001d4c <_sbrk_r>
20001544:	fff00493          	li	s1,-1
20001548:	02951263          	bne	a0,s1,2000156c <sbrk_aligned+0x68>
2000154c:	fff00413          	li	s0,-1
20001550:	00c12083          	lw	ra,12(sp)
20001554:	00040513          	mv	a0,s0
20001558:	00812403          	lw	s0,8(sp)
2000155c:	00412483          	lw	s1,4(sp)
20001560:	00012903          	lw	s2,0(sp)
20001564:	01010113          	addi	sp,sp,16
20001568:	00008067          	ret
2000156c:	00350413          	addi	s0,a0,3
20001570:	ffc47413          	andi	s0,s0,-4
20001574:	fc850ee3          	beq	a0,s0,20001550 <sbrk_aligned+0x4c>
20001578:	40a405b3          	sub	a1,s0,a0
2000157c:	00090513          	mv	a0,s2
20001580:	7cc000ef          	jal	20001d4c <_sbrk_r>
20001584:	fc9516e3          	bne	a0,s1,20001550 <sbrk_aligned+0x4c>
20001588:	fc5ff06f          	j	2000154c <sbrk_aligned+0x48>

2000158c <_malloc_r>:
2000158c:	fe010113          	addi	sp,sp,-32
20001590:	00912a23          	sw	s1,20(sp)
20001594:	00358493          	addi	s1,a1,3
20001598:	ffc4f493          	andi	s1,s1,-4
2000159c:	00112e23          	sw	ra,28(sp)
200015a0:	00812c23          	sw	s0,24(sp)
200015a4:	01212823          	sw	s2,16(sp)
200015a8:	01312623          	sw	s3,12(sp)
200015ac:	01412423          	sw	s4,8(sp)
200015b0:	00848493          	addi	s1,s1,8
200015b4:	00c00793          	li	a5,12
200015b8:	00f4f463          	bgeu	s1,a5,200015c0 <_malloc_r+0x34>
200015bc:	00078493          	mv	s1,a5
200015c0:	0004c463          	bltz	s1,200015c8 <_malloc_r+0x3c>
200015c4:	02b4f863          	bgeu	s1,a1,200015f4 <_malloc_r+0x68>
200015c8:	00c00793          	li	a5,12
200015cc:	00f52023          	sw	a5,0(a0)
200015d0:	00000513          	li	a0,0
200015d4:	01c12083          	lw	ra,28(sp)
200015d8:	01812403          	lw	s0,24(sp)
200015dc:	01412483          	lw	s1,20(sp)
200015e0:	01012903          	lw	s2,16(sp)
200015e4:	00c12983          	lw	s3,12(sp)
200015e8:	00812a03          	lw	s4,8(sp)
200015ec:	02010113          	addi	sp,sp,32
200015f0:	00008067          	ret
200015f4:	00050913          	mv	s2,a0
200015f8:	200049b7          	lui	s3,0x20004
200015fc:	150000ef          	jal	2000174c <__malloc_lock>
20001600:	e909a783          	lw	a5,-368(s3) # 20003e90 <__malloc_free_list>
20001604:	00078413          	mv	s0,a5
20001608:	08041063          	bnez	s0,20001688 <_malloc_r+0xfc>
2000160c:	00048593          	mv	a1,s1
20001610:	00090513          	mv	a0,s2
20001614:	ef1ff0ef          	jal	20001504 <sbrk_aligned>
20001618:	fff00793          	li	a5,-1
2000161c:	00050413          	mv	s0,a0
20001620:	12f51263          	bne	a0,a5,20001744 <_malloc_r+0x1b8>
20001624:	e909a403          	lw	s0,-368(s3)
20001628:	00040793          	mv	a5,s0
2000162c:	0e079263          	bnez	a5,20001710 <_malloc_r+0x184>
20001630:	10040063          	beqz	s0,20001730 <_malloc_r+0x1a4>
20001634:	00042a03          	lw	s4,0(s0)
20001638:	00000593          	li	a1,0
2000163c:	00090513          	mv	a0,s2
20001640:	01440a33          	add	s4,s0,s4
20001644:	708000ef          	jal	20001d4c <_sbrk_r>
20001648:	0eaa1463          	bne	s4,a0,20001730 <_malloc_r+0x1a4>
2000164c:	00042783          	lw	a5,0(s0)
20001650:	00090513          	mv	a0,s2
20001654:	40f484b3          	sub	s1,s1,a5
20001658:	00048593          	mv	a1,s1
2000165c:	ea9ff0ef          	jal	20001504 <sbrk_aligned>
20001660:	fff00793          	li	a5,-1
20001664:	0cf50663          	beq	a0,a5,20001730 <_malloc_r+0x1a4>
20001668:	00042783          	lw	a5,0(s0)
2000166c:	009787b3          	add	a5,a5,s1
20001670:	00f42023          	sw	a5,0(s0)
20001674:	e909a783          	lw	a5,-368(s3)
20001678:	0047a703          	lw	a4,4(a5)
2000167c:	0a071063          	bnez	a4,2000171c <_malloc_r+0x190>
20001680:	e809a823          	sw	zero,-368(s3)
20001684:	0340006f          	j	200016b8 <_malloc_r+0x12c>
20001688:	00042683          	lw	a3,0(s0)
2000168c:	409686b3          	sub	a3,a3,s1
20001690:	0606ca63          	bltz	a3,20001704 <_malloc_r+0x178>
20001694:	00b00713          	li	a4,11
20001698:	04d77a63          	bgeu	a4,a3,200016ec <_malloc_r+0x160>
2000169c:	00942023          	sw	s1,0(s0)
200016a0:	00940733          	add	a4,s0,s1
200016a4:	04879063          	bne	a5,s0,200016e4 <_malloc_r+0x158>
200016a8:	e8e9a823          	sw	a4,-368(s3)
200016ac:	00442783          	lw	a5,4(s0)
200016b0:	00d72023          	sw	a3,0(a4)
200016b4:	00f72223          	sw	a5,4(a4)
200016b8:	00090513          	mv	a0,s2
200016bc:	094000ef          	jal	20001750 <__malloc_unlock>
200016c0:	00b40513          	addi	a0,s0,11
200016c4:	00440793          	addi	a5,s0,4
200016c8:	ff857513          	andi	a0,a0,-8
200016cc:	40f50733          	sub	a4,a0,a5
200016d0:	f0f502e3          	beq	a0,a5,200015d4 <_malloc_r+0x48>
200016d4:	00e40433          	add	s0,s0,a4
200016d8:	40a787b3          	sub	a5,a5,a0
200016dc:	00f42023          	sw	a5,0(s0)
200016e0:	ef5ff06f          	j	200015d4 <_malloc_r+0x48>
200016e4:	00e7a223          	sw	a4,4(a5)
200016e8:	fc5ff06f          	j	200016ac <_malloc_r+0x120>
200016ec:	00442703          	lw	a4,4(s0)
200016f0:	00879663          	bne	a5,s0,200016fc <_malloc_r+0x170>
200016f4:	e8e9a823          	sw	a4,-368(s3)
200016f8:	fc1ff06f          	j	200016b8 <_malloc_r+0x12c>
200016fc:	00e7a223          	sw	a4,4(a5)
20001700:	fb9ff06f          	j	200016b8 <_malloc_r+0x12c>
20001704:	00040793          	mv	a5,s0
20001708:	00442403          	lw	s0,4(s0)
2000170c:	efdff06f          	j	20001608 <_malloc_r+0x7c>
20001710:	00078413          	mv	s0,a5
20001714:	0047a783          	lw	a5,4(a5)
20001718:	f15ff06f          	j	2000162c <_malloc_r+0xa0>
2000171c:	00078713          	mv	a4,a5
20001720:	0047a783          	lw	a5,4(a5)
20001724:	fe879ce3          	bne	a5,s0,2000171c <_malloc_r+0x190>
20001728:	00072223          	sw	zero,4(a4)
2000172c:	f8dff06f          	j	200016b8 <_malloc_r+0x12c>
20001730:	00c00793          	li	a5,12
20001734:	00f92023          	sw	a5,0(s2)
20001738:	00090513          	mv	a0,s2
2000173c:	014000ef          	jal	20001750 <__malloc_unlock>
20001740:	e91ff06f          	j	200015d0 <_malloc_r+0x44>
20001744:	00952023          	sw	s1,0(a0)
20001748:	f71ff06f          	j	200016b8 <_malloc_r+0x12c>

2000174c <__malloc_lock>:
2000174c:	00008067          	ret

20001750 <__malloc_unlock>:
20001750:	00008067          	ret

20001754 <_iprintf_r>:
20001754:	fc010113          	addi	sp,sp,-64
20001758:	02c12423          	sw	a2,40(sp)
2000175c:	02d12623          	sw	a3,44(sp)
20001760:	02e12823          	sw	a4,48(sp)
20001764:	02f12a23          	sw	a5,52(sp)
20001768:	03012c23          	sw	a6,56(sp)
2000176c:	03112e23          	sw	a7,60(sp)
20001770:	00058613          	mv	a2,a1
20001774:	00852583          	lw	a1,8(a0)
20001778:	02810693          	addi	a3,sp,40
2000177c:	00112e23          	sw	ra,28(sp)
20001780:	00d12623          	sw	a3,12(sp)
20001784:	02d000ef          	jal	20001fb0 <_vfiprintf_r>
20001788:	01c12083          	lw	ra,28(sp)
2000178c:	04010113          	addi	sp,sp,64
20001790:	00008067          	ret

20001794 <iprintf>:
20001794:	fc010113          	addi	sp,sp,-64
20001798:	02f12a23          	sw	a5,52(sp)
2000179c:	200047b7          	lui	a5,0x20004
200017a0:	d407a783          	lw	a5,-704(a5) # 20003d40 <_impure_ptr>
200017a4:	02c12423          	sw	a2,40(sp)
200017a8:	02d12623          	sw	a3,44(sp)
200017ac:	02b12223          	sw	a1,36(sp)
200017b0:	02e12823          	sw	a4,48(sp)
200017b4:	03012c23          	sw	a6,56(sp)
200017b8:	03112e23          	sw	a7,60(sp)
200017bc:	0087a583          	lw	a1,8(a5)
200017c0:	02410693          	addi	a3,sp,36
200017c4:	00050613          	mv	a2,a0
200017c8:	00078513          	mv	a0,a5
200017cc:	00112e23          	sw	ra,28(sp)
200017d0:	00d12623          	sw	a3,12(sp)
200017d4:	7dc000ef          	jal	20001fb0 <_vfiprintf_r>
200017d8:	01c12083          	lw	ra,28(sp)
200017dc:	04010113          	addi	sp,sp,64
200017e0:	00008067          	ret

200017e4 <_puts_r>:
200017e4:	02052783          	lw	a5,32(a0)
200017e8:	fe010113          	addi	sp,sp,-32
200017ec:	00812c23          	sw	s0,24(sp)
200017f0:	00912a23          	sw	s1,20(sp)
200017f4:	01212823          	sw	s2,16(sp)
200017f8:	00112e23          	sw	ra,28(sp)
200017fc:	01312623          	sw	s3,12(sp)
20001800:	00852403          	lw	s0,8(a0)
20001804:	00050493          	mv	s1,a0
20001808:	00058913          	mv	s2,a1
2000180c:	00079463          	bnez	a5,20001814 <_puts_r+0x30>
20001810:	560010ef          	jal	20002d70 <__sinit>
20001814:	00c45783          	lhu	a5,12(s0)
20001818:	0087f793          	andi	a5,a5,8
2000181c:	00078663          	beqz	a5,20001828 <_puts_r+0x44>
20001820:	01042783          	lw	a5,16(s0)
20001824:	0a079463          	bnez	a5,200018cc <_puts_r+0xe8>
20001828:	00040593          	mv	a1,s0
2000182c:	00048513          	mv	a0,s1
20001830:	3d0000ef          	jal	20001c00 <__swsetup_r>
20001834:	08050c63          	beqz	a0,200018cc <_puts_r+0xe8>
20001838:	fff00513          	li	a0,-1
2000183c:	01c12083          	lw	ra,28(sp)
20001840:	01812403          	lw	s0,24(sp)
20001844:	01412483          	lw	s1,20(sp)
20001848:	01012903          	lw	s2,16(sp)
2000184c:	00c12983          	lw	s3,12(sp)
20001850:	02010113          	addi	sp,sp,32
20001854:	00008067          	ret
20001858:	0007da63          	bgez	a5,2000186c <_puts_r+0x88>
2000185c:	01842703          	lw	a4,24(s0)
20001860:	04e7cc63          	blt	a5,a4,200018b8 <_puts_r+0xd4>
20001864:	ff658793          	addi	a5,a1,-10
20001868:	04078863          	beqz	a5,200018b8 <_puts_r+0xd4>
2000186c:	00042783          	lw	a5,0(s0)
20001870:	00178713          	addi	a4,a5,1
20001874:	00e42023          	sw	a4,0(s0)
20001878:	00b78023          	sb	a1,0(a5)
2000187c:	00190913          	addi	s2,s2,1
20001880:	00842783          	lw	a5,8(s0)
20001884:	00094583          	lbu	a1,0(s2)
20001888:	fff78793          	addi	a5,a5,-1
2000188c:	00f42423          	sw	a5,8(s0)
20001890:	fc0594e3          	bnez	a1,20001858 <_puts_r+0x74>
20001894:	0407d063          	bgez	a5,200018d4 <_puts_r+0xf0>
20001898:	00040613          	mv	a2,s0
2000189c:	00a00593          	li	a1,10
200018a0:	00048513          	mv	a0,s1
200018a4:	24c000ef          	jal	20001af0 <__swbuf_r>
200018a8:	fff00793          	li	a5,-1
200018ac:	f8f506e3          	beq	a0,a5,20001838 <_puts_r+0x54>
200018b0:	00a00513          	li	a0,10
200018b4:	f89ff06f          	j	2000183c <_puts_r+0x58>
200018b8:	00040613          	mv	a2,s0
200018bc:	00048513          	mv	a0,s1
200018c0:	230000ef          	jal	20001af0 <__swbuf_r>
200018c4:	fb351ce3          	bne	a0,s3,2000187c <_puts_r+0x98>
200018c8:	f71ff06f          	j	20001838 <_puts_r+0x54>
200018cc:	fff00993          	li	s3,-1
200018d0:	fb1ff06f          	j	20001880 <_puts_r+0x9c>
200018d4:	00042783          	lw	a5,0(s0)
200018d8:	00178713          	addi	a4,a5,1
200018dc:	00e42023          	sw	a4,0(s0)
200018e0:	00a00713          	li	a4,10
200018e4:	00e78023          	sb	a4,0(a5)
200018e8:	fc9ff06f          	j	200018b0 <_puts_r+0xcc>

200018ec <puts>:
200018ec:	200047b7          	lui	a5,0x20004
200018f0:	00050593          	mv	a1,a0
200018f4:	d407a503          	lw	a0,-704(a5) # 20003d40 <_impure_ptr>
200018f8:	eedff06f          	j	200017e4 <_puts_r>

200018fc <setvbuf>:
200018fc:	fd010113          	addi	sp,sp,-48
20001900:	200047b7          	lui	a5,0x20004
20001904:	01312e23          	sw	s3,28(sp)
20001908:	d407a983          	lw	s3,-704(a5) # 20003d40 <_impure_ptr>
2000190c:	02812423          	sw	s0,40(sp)
20001910:	02912223          	sw	s1,36(sp)
20001914:	03212023          	sw	s2,32(sp)
20001918:	01412c23          	sw	s4,24(sp)
2000191c:	02112623          	sw	ra,44(sp)
20001920:	01512a23          	sw	s5,20(sp)
20001924:	00050413          	mv	s0,a0
20001928:	00058913          	mv	s2,a1
2000192c:	00060a13          	mv	s4,a2
20001930:	00068493          	mv	s1,a3
20001934:	00098a63          	beqz	s3,20001948 <setvbuf+0x4c>
20001938:	0209a783          	lw	a5,32(s3)
2000193c:	00079663          	bnez	a5,20001948 <setvbuf+0x4c>
20001940:	00098513          	mv	a0,s3
20001944:	42c010ef          	jal	20002d70 <__sinit>
20001948:	00200793          	li	a5,2
2000194c:	00fa0863          	beq	s4,a5,2000195c <setvbuf+0x60>
20001950:	002a3793          	sltiu	a5,s4,2
20001954:	18078a63          	beqz	a5,20001ae8 <setvbuf+0x1ec>
20001958:	1804c863          	bltz	s1,20001ae8 <setvbuf+0x1ec>
2000195c:	00040593          	mv	a1,s0
20001960:	00098513          	mv	a0,s3
20001964:	0e8010ef          	jal	20002a4c <_fflush_r>
20001968:	03442583          	lw	a1,52(s0)
2000196c:	00058c63          	beqz	a1,20001984 <setvbuf+0x88>
20001970:	04440793          	addi	a5,s0,68
20001974:	00f58663          	beq	a1,a5,20001980 <setvbuf+0x84>
20001978:	00098513          	mv	a0,s3
2000197c:	44c000ef          	jal	20001dc8 <_free_r>
20001980:	02042a23          	sw	zero,52(s0)
20001984:	00c45783          	lhu	a5,12(s0)
20001988:	00042c23          	sw	zero,24(s0)
2000198c:	00042223          	sw	zero,4(s0)
20001990:	0807f793          	andi	a5,a5,128
20001994:	00078863          	beqz	a5,200019a4 <setvbuf+0xa8>
20001998:	01042583          	lw	a1,16(s0)
2000199c:	00098513          	mv	a0,s3
200019a0:	428000ef          	jal	20001dc8 <_free_r>
200019a4:	00c45783          	lhu	a5,12(s0)
200019a8:	fffff737          	lui	a4,0xfffff
200019ac:	35c70713          	addi	a4,a4,860 # fffff35c <__stack_top+0xdfffa8c0>
200019b0:	00e7f7b3          	and	a5,a5,a4
200019b4:	00f41623          	sh	a5,12(s0)
200019b8:	00200793          	li	a5,2
200019bc:	10fa0a63          	beq	s4,a5,20001ad0 <setvbuf+0x1d4>
200019c0:	00c10693          	addi	a3,sp,12
200019c4:	00810613          	addi	a2,sp,8
200019c8:	00040593          	mv	a1,s0
200019cc:	00098513          	mv	a0,s3
200019d0:	109010ef          	jal	200032d8 <__swhatbuf_r>
200019d4:	00c45783          	lhu	a5,12(s0)
200019d8:	00a7e7b3          	or	a5,a5,a0
200019dc:	00f41623          	sh	a5,12(s0)
200019e0:	06049863          	bnez	s1,20001a50 <setvbuf+0x154>
200019e4:	00812483          	lw	s1,8(sp)
200019e8:	00048513          	mv	a0,s1
200019ec:	af9ff0ef          	jal	200014e4 <malloc>
200019f0:	00050913          	mv	s2,a0
200019f4:	00048a93          	mv	s5,s1
200019f8:	0c051263          	bnez	a0,20001abc <setvbuf+0x1c0>
200019fc:	00812a83          	lw	s5,8(sp)
20001a00:	0a9a9663          	bne	s5,s1,20001aac <setvbuf+0x1b0>
20001a04:	fff00513          	li	a0,-1
20001a08:	00c45783          	lhu	a5,12(s0)
20001a0c:	00042423          	sw	zero,8(s0)
20001a10:	0027e793          	ori	a5,a5,2
20001a14:	00f41623          	sh	a5,12(s0)
20001a18:	04740793          	addi	a5,s0,71
20001a1c:	00f42023          	sw	a5,0(s0)
20001a20:	00f42823          	sw	a5,16(s0)
20001a24:	00100793          	li	a5,1
20001a28:	00f42a23          	sw	a5,20(s0)
20001a2c:	02c12083          	lw	ra,44(sp)
20001a30:	02812403          	lw	s0,40(sp)
20001a34:	02412483          	lw	s1,36(sp)
20001a38:	02012903          	lw	s2,32(sp)
20001a3c:	01c12983          	lw	s3,28(sp)
20001a40:	01812a03          	lw	s4,24(sp)
20001a44:	01412a83          	lw	s5,20(sp)
20001a48:	03010113          	addi	sp,sp,48
20001a4c:	00008067          	ret
20001a50:	f8090ce3          	beqz	s2,200019e8 <setvbuf+0xec>
20001a54:	0209a783          	lw	a5,32(s3)
20001a58:	00079663          	bnez	a5,20001a64 <setvbuf+0x168>
20001a5c:	00098513          	mv	a0,s3
20001a60:	310010ef          	jal	20002d70 <__sinit>
20001a64:	00100793          	li	a5,1
20001a68:	00fa1863          	bne	s4,a5,20001a78 <setvbuf+0x17c>
20001a6c:	00c45783          	lhu	a5,12(s0)
20001a70:	0147e7b3          	or	a5,a5,s4
20001a74:	00f41623          	sh	a5,12(s0)
20001a78:	00c41783          	lh	a5,12(s0)
20001a7c:	01242023          	sw	s2,0(s0)
20001a80:	01242823          	sw	s2,16(s0)
20001a84:	00942a23          	sw	s1,20(s0)
20001a88:	0087f713          	andi	a4,a5,8
20001a8c:	04070a63          	beqz	a4,20001ae0 <setvbuf+0x1e4>
20001a90:	0017f793          	andi	a5,a5,1
20001a94:	04078263          	beqz	a5,20001ad8 <setvbuf+0x1dc>
20001a98:	409004b3          	neg	s1,s1
20001a9c:	00042423          	sw	zero,8(s0)
20001aa0:	00942c23          	sw	s1,24(s0)
20001aa4:	00000513          	li	a0,0
20001aa8:	f85ff06f          	j	20001a2c <setvbuf+0x130>
20001aac:	000a8513          	mv	a0,s5
20001ab0:	a35ff0ef          	jal	200014e4 <malloc>
20001ab4:	00050913          	mv	s2,a0
20001ab8:	f40506e3          	beqz	a0,20001a04 <setvbuf+0x108>
20001abc:	00c45783          	lhu	a5,12(s0)
20001ac0:	000a8493          	mv	s1,s5
20001ac4:	0807e793          	ori	a5,a5,128
20001ac8:	00f41623          	sh	a5,12(s0)
20001acc:	f89ff06f          	j	20001a54 <setvbuf+0x158>
20001ad0:	00000513          	li	a0,0
20001ad4:	f35ff06f          	j	20001a08 <setvbuf+0x10c>
20001ad8:	00942423          	sw	s1,8(s0)
20001adc:	fc9ff06f          	j	20001aa4 <setvbuf+0x1a8>
20001ae0:	00042423          	sw	zero,8(s0)
20001ae4:	fc1ff06f          	j	20001aa4 <setvbuf+0x1a8>
20001ae8:	fff00513          	li	a0,-1
20001aec:	f41ff06f          	j	20001a2c <setvbuf+0x130>

20001af0 <__swbuf_r>:
20001af0:	fe010113          	addi	sp,sp,-32
20001af4:	00812c23          	sw	s0,24(sp)
20001af8:	00912a23          	sw	s1,20(sp)
20001afc:	01312623          	sw	s3,12(sp)
20001b00:	00112e23          	sw	ra,28(sp)
20001b04:	01212823          	sw	s2,16(sp)
20001b08:	00050493          	mv	s1,a0
20001b0c:	00058993          	mv	s3,a1
20001b10:	00060413          	mv	s0,a2
20001b14:	00050863          	beqz	a0,20001b24 <__swbuf_r+0x34>
20001b18:	02052783          	lw	a5,32(a0)
20001b1c:	00079463          	bnez	a5,20001b24 <__swbuf_r+0x34>
20001b20:	250010ef          	jal	20002d70 <__sinit>
20001b24:	01842783          	lw	a5,24(s0)
20001b28:	00f42423          	sw	a5,8(s0)
20001b2c:	00c45783          	lhu	a5,12(s0)
20001b30:	0087f793          	andi	a5,a5,8
20001b34:	00078663          	beqz	a5,20001b40 <__swbuf_r+0x50>
20001b38:	01042783          	lw	a5,16(s0)
20001b3c:	02079c63          	bnez	a5,20001b74 <__swbuf_r+0x84>
20001b40:	00040593          	mv	a1,s0
20001b44:	00048513          	mv	a0,s1
20001b48:	0b8000ef          	jal	20001c00 <__swsetup_r>
20001b4c:	02050463          	beqz	a0,20001b74 <__swbuf_r+0x84>
20001b50:	fff00913          	li	s2,-1
20001b54:	01c12083          	lw	ra,28(sp)
20001b58:	01812403          	lw	s0,24(sp)
20001b5c:	01412483          	lw	s1,20(sp)
20001b60:	00c12983          	lw	s3,12(sp)
20001b64:	00090513          	mv	a0,s2
20001b68:	01012903          	lw	s2,16(sp)
20001b6c:	02010113          	addi	sp,sp,32
20001b70:	00008067          	ret
20001b74:	01042783          	lw	a5,16(s0)
20001b78:	00042503          	lw	a0,0(s0)
20001b7c:	40f50533          	sub	a0,a0,a5
20001b80:	01442783          	lw	a5,20(s0)
20001b84:	00f54a63          	blt	a0,a5,20001b98 <__swbuf_r+0xa8>
20001b88:	00040593          	mv	a1,s0
20001b8c:	00048513          	mv	a0,s1
20001b90:	6bd000ef          	jal	20002a4c <_fflush_r>
20001b94:	fa051ee3          	bnez	a0,20001b50 <__swbuf_r+0x60>
20001b98:	00842783          	lw	a5,8(s0)
20001b9c:	00150513          	addi	a0,a0,1
20001ba0:	0ff9f913          	zext.b	s2,s3
20001ba4:	fff78793          	addi	a5,a5,-1
20001ba8:	00f42423          	sw	a5,8(s0)
20001bac:	00042783          	lw	a5,0(s0)
20001bb0:	00178713          	addi	a4,a5,1
20001bb4:	00e42023          	sw	a4,0(s0)
20001bb8:	01378023          	sb	s3,0(a5)
20001bbc:	01442783          	lw	a5,20(s0)
20001bc0:	00a78c63          	beq	a5,a0,20001bd8 <__swbuf_r+0xe8>
20001bc4:	00c45783          	lhu	a5,12(s0)
20001bc8:	0017f793          	andi	a5,a5,1
20001bcc:	f80784e3          	beqz	a5,20001b54 <__swbuf_r+0x64>
20001bd0:	ff690793          	addi	a5,s2,-10
20001bd4:	f80790e3          	bnez	a5,20001b54 <__swbuf_r+0x64>
20001bd8:	00040593          	mv	a1,s0
20001bdc:	00048513          	mv	a0,s1
20001be0:	66d000ef          	jal	20002a4c <_fflush_r>
20001be4:	f60508e3          	beqz	a0,20001b54 <__swbuf_r+0x64>
20001be8:	f69ff06f          	j	20001b50 <__swbuf_r+0x60>

20001bec <__swbuf>:
20001bec:	200047b7          	lui	a5,0x20004
20001bf0:	00058613          	mv	a2,a1
20001bf4:	00050593          	mv	a1,a0
20001bf8:	d407a503          	lw	a0,-704(a5) # 20003d40 <_impure_ptr>
20001bfc:	ef5ff06f          	j	20001af0 <__swbuf_r>

20001c00 <__swsetup_r>:
20001c00:	ff010113          	addi	sp,sp,-16
20001c04:	200047b7          	lui	a5,0x20004
20001c08:	00912223          	sw	s1,4(sp)
20001c0c:	00050493          	mv	s1,a0
20001c10:	d407a503          	lw	a0,-704(a5) # 20003d40 <_impure_ptr>
20001c14:	00812423          	sw	s0,8(sp)
20001c18:	00112623          	sw	ra,12(sp)
20001c1c:	00058413          	mv	s0,a1
20001c20:	00050863          	beqz	a0,20001c30 <__swsetup_r+0x30>
20001c24:	02052783          	lw	a5,32(a0)
20001c28:	00079463          	bnez	a5,20001c30 <__swsetup_r+0x30>
20001c2c:	144010ef          	jal	20002d70 <__sinit>
20001c30:	00c41783          	lh	a5,12(s0)
20001c34:	0087f713          	andi	a4,a5,8
20001c38:	06071263          	bnez	a4,20001c9c <__swsetup_r+0x9c>
20001c3c:	0107f713          	andi	a4,a5,16
20001c40:	00071e63          	bnez	a4,20001c5c <__swsetup_r+0x5c>
20001c44:	00900713          	li	a4,9
20001c48:	00e4a023          	sw	a4,0(s1)
20001c4c:	0407e793          	ori	a5,a5,64
20001c50:	00f41623          	sh	a5,12(s0)
20001c54:	fff00513          	li	a0,-1
20001c58:	0980006f          	j	20001cf0 <__swsetup_r+0xf0>
20001c5c:	0047f713          	andi	a4,a5,4
20001c60:	02070a63          	beqz	a4,20001c94 <__swsetup_r+0x94>
20001c64:	03442583          	lw	a1,52(s0)
20001c68:	00058c63          	beqz	a1,20001c80 <__swsetup_r+0x80>
20001c6c:	04440793          	addi	a5,s0,68
20001c70:	00f58663          	beq	a1,a5,20001c7c <__swsetup_r+0x7c>
20001c74:	00048513          	mv	a0,s1
20001c78:	150000ef          	jal	20001dc8 <_free_r>
20001c7c:	02042a23          	sw	zero,52(s0)
20001c80:	00c45783          	lhu	a5,12(s0)
20001c84:	01042703          	lw	a4,16(s0)
20001c88:	00042223          	sw	zero,4(s0)
20001c8c:	fdb7f793          	andi	a5,a5,-37
20001c90:	00e42023          	sw	a4,0(s0)
20001c94:	0087e793          	ori	a5,a5,8
20001c98:	00f41623          	sh	a5,12(s0)
20001c9c:	01042783          	lw	a5,16(s0)
20001ca0:	02079063          	bnez	a5,20001cc0 <__swsetup_r+0xc0>
20001ca4:	00c42783          	lw	a5,12(s0)
20001ca8:	20000713          	li	a4,512
20001cac:	2807f793          	andi	a5,a5,640
20001cb0:	00e78863          	beq	a5,a4,20001cc0 <__swsetup_r+0xc0>
20001cb4:	00040593          	mv	a1,s0
20001cb8:	00048513          	mv	a0,s1
20001cbc:	6a8010ef          	jal	20003364 <__smakebuf_r>
20001cc0:	00c41783          	lh	a5,12(s0)
20001cc4:	0017f713          	andi	a4,a5,1
20001cc8:	02070e63          	beqz	a4,20001d04 <__swsetup_r+0x104>
20001ccc:	01442703          	lw	a4,20(s0)
20001cd0:	00042423          	sw	zero,8(s0)
20001cd4:	40e00733          	neg	a4,a4
20001cd8:	00e42c23          	sw	a4,24(s0)
20001cdc:	01042703          	lw	a4,16(s0)
20001ce0:	00000513          	li	a0,0
20001ce4:	00071663          	bnez	a4,20001cf0 <__swsetup_r+0xf0>
20001ce8:	0807f713          	andi	a4,a5,128
20001cec:	f60710e3          	bnez	a4,20001c4c <__swsetup_r+0x4c>
20001cf0:	00c12083          	lw	ra,12(sp)
20001cf4:	00812403          	lw	s0,8(sp)
20001cf8:	00412483          	lw	s1,4(sp)
20001cfc:	01010113          	addi	sp,sp,16
20001d00:	00008067          	ret
20001d04:	0027f713          	andi	a4,a5,2
20001d08:	00000693          	li	a3,0
20001d0c:	00071463          	bnez	a4,20001d14 <__swsetup_r+0x114>
20001d10:	01442683          	lw	a3,20(s0)
20001d14:	00d42423          	sw	a3,8(s0)
20001d18:	fc5ff06f          	j	20001cdc <__swsetup_r+0xdc>

20001d1c <memcmp>:
20001d1c:	00000713          	li	a4,0
20001d20:	00e61663          	bne	a2,a4,20001d2c <memcmp+0x10>
20001d24:	00000513          	li	a0,0
20001d28:	00008067          	ret
20001d2c:	00e507b3          	add	a5,a0,a4
20001d30:	00170713          	addi	a4,a4,1
20001d34:	00e586b3          	add	a3,a1,a4
20001d38:	0007c783          	lbu	a5,0(a5)
20001d3c:	fff6c683          	lbu	a3,-1(a3)
20001d40:	fed780e3          	beq	a5,a3,20001d20 <memcmp+0x4>
20001d44:	40d78533          	sub	a0,a5,a3
20001d48:	00008067          	ret

20001d4c <_sbrk_r>:
20001d4c:	ff010113          	addi	sp,sp,-16
20001d50:	00812423          	sw	s0,8(sp)
20001d54:	00912223          	sw	s1,4(sp)
20001d58:	20004437          	lui	s0,0x20004
20001d5c:	00050493          	mv	s1,a0
20001d60:	00058513          	mv	a0,a1
20001d64:	00112623          	sw	ra,12(sp)
20001d68:	e8042c23          	sw	zero,-360(s0) # 20003e98 <errno>
20001d6c:	9edfe0ef          	jal	20000758 <_sbrk>
20001d70:	fff00793          	li	a5,-1
20001d74:	00f51863          	bne	a0,a5,20001d84 <_sbrk_r+0x38>
20001d78:	e9842783          	lw	a5,-360(s0)
20001d7c:	00078463          	beqz	a5,20001d84 <_sbrk_r+0x38>
20001d80:	00f4a023          	sw	a5,0(s1)
20001d84:	00c12083          	lw	ra,12(sp)
20001d88:	00812403          	lw	s0,8(sp)
20001d8c:	00412483          	lw	s1,4(sp)
20001d90:	01010113          	addi	sp,sp,16
20001d94:	00008067          	ret

20001d98 <__errno>:
20001d98:	200047b7          	lui	a5,0x20004
20001d9c:	d407a503          	lw	a0,-704(a5) # 20003d40 <_impure_ptr>
20001da0:	00008067          	ret

20001da4 <memcpy>:
20001da4:	00050313          	mv	t1,a0
20001da8:	00060e63          	beqz	a2,20001dc4 <memcpy+0x20>
20001dac:	00058383          	lb	t2,0(a1)
20001db0:	00730023          	sb	t2,0(t1) # 1000000 <_start-0x1f000000>
20001db4:	fff60613          	addi	a2,a2,-1 # ffff <_start-0x1fff0001>
20001db8:	00130313          	addi	t1,t1,1
20001dbc:	00158593          	addi	a1,a1,1
20001dc0:	fe0616e3          	bnez	a2,20001dac <memcpy+0x8>
20001dc4:	00008067          	ret

20001dc8 <_free_r>:
20001dc8:	0e058c63          	beqz	a1,20001ec0 <_free_r+0xf8>
20001dcc:	ffc5a783          	lw	a5,-4(a1)
20001dd0:	fe010113          	addi	sp,sp,-32
20001dd4:	00812c23          	sw	s0,24(sp)
20001dd8:	00112e23          	sw	ra,28(sp)
20001ddc:	ffc58413          	addi	s0,a1,-4
20001de0:	0007d463          	bgez	a5,20001de8 <_free_r+0x20>
20001de4:	00f40433          	add	s0,s0,a5
20001de8:	00a12623          	sw	a0,12(sp)
20001dec:	961ff0ef          	jal	2000174c <__malloc_lock>
20001df0:	20004737          	lui	a4,0x20004
20001df4:	e9072783          	lw	a5,-368(a4) # 20003e90 <__malloc_free_list>
20001df8:	00c12503          	lw	a0,12(sp)
20001dfc:	00079e63          	bnez	a5,20001e18 <_free_r+0x50>
20001e00:	00042223          	sw	zero,4(s0)
20001e04:	e8872823          	sw	s0,-368(a4)
20001e08:	01812403          	lw	s0,24(sp)
20001e0c:	01c12083          	lw	ra,28(sp)
20001e10:	02010113          	addi	sp,sp,32
20001e14:	93dff06f          	j	20001750 <__malloc_unlock>
20001e18:	02f47463          	bgeu	s0,a5,20001e40 <_free_r+0x78>
20001e1c:	00042603          	lw	a2,0(s0)
20001e20:	00c406b3          	add	a3,s0,a2
20001e24:	00d79a63          	bne	a5,a3,20001e38 <_free_r+0x70>
20001e28:	0007a683          	lw	a3,0(a5)
20001e2c:	0047a783          	lw	a5,4(a5)
20001e30:	00c686b3          	add	a3,a3,a2
20001e34:	00d42023          	sw	a3,0(s0)
20001e38:	00f42223          	sw	a5,4(s0)
20001e3c:	fc9ff06f          	j	20001e04 <_free_r+0x3c>
20001e40:	00078713          	mv	a4,a5
20001e44:	0047a783          	lw	a5,4(a5)
20001e48:	00078463          	beqz	a5,20001e50 <_free_r+0x88>
20001e4c:	fef47ae3          	bgeu	s0,a5,20001e40 <_free_r+0x78>
20001e50:	00072683          	lw	a3,0(a4)
20001e54:	00d70633          	add	a2,a4,a3
20001e58:	02861863          	bne	a2,s0,20001e88 <_free_r+0xc0>
20001e5c:	00042603          	lw	a2,0(s0)
20001e60:	00c686b3          	add	a3,a3,a2
20001e64:	00d72023          	sw	a3,0(a4)
20001e68:	00d70633          	add	a2,a4,a3
20001e6c:	f8c79ee3          	bne	a5,a2,20001e08 <_free_r+0x40>
20001e70:	0007a603          	lw	a2,0(a5)
20001e74:	0047a783          	lw	a5,4(a5)
20001e78:	00d606b3          	add	a3,a2,a3
20001e7c:	00d72023          	sw	a3,0(a4)
20001e80:	00f72223          	sw	a5,4(a4)
20001e84:	f85ff06f          	j	20001e08 <_free_r+0x40>
20001e88:	00c47863          	bgeu	s0,a2,20001e98 <_free_r+0xd0>
20001e8c:	00c00793          	li	a5,12
20001e90:	00f52023          	sw	a5,0(a0)
20001e94:	f75ff06f          	j	20001e08 <_free_r+0x40>
20001e98:	00042603          	lw	a2,0(s0)
20001e9c:	00c406b3          	add	a3,s0,a2
20001ea0:	00d79a63          	bne	a5,a3,20001eb4 <_free_r+0xec>
20001ea4:	0007a683          	lw	a3,0(a5)
20001ea8:	0047a783          	lw	a5,4(a5)
20001eac:	00c686b3          	add	a3,a3,a2
20001eb0:	00d42023          	sw	a3,0(s0)
20001eb4:	00f42223          	sw	a5,4(s0)
20001eb8:	00872223          	sw	s0,4(a4)
20001ebc:	f4dff06f          	j	20001e08 <_free_r+0x40>
20001ec0:	00008067          	ret

20001ec4 <__sfputc_r>:
20001ec4:	00862783          	lw	a5,8(a2)
20001ec8:	fff78793          	addi	a5,a5,-1
20001ecc:	00f62423          	sw	a5,8(a2)
20001ed0:	0007dc63          	bgez	a5,20001ee8 <__sfputc_r+0x24>
20001ed4:	01862703          	lw	a4,24(a2)
20001ed8:	00e7c663          	blt	a5,a4,20001ee4 <__sfputc_r+0x20>
20001edc:	ff658793          	addi	a5,a1,-10
20001ee0:	00079463          	bnez	a5,20001ee8 <__sfputc_r+0x24>
20001ee4:	c0dff06f          	j	20001af0 <__swbuf_r>
20001ee8:	00062783          	lw	a5,0(a2)
20001eec:	00058513          	mv	a0,a1
20001ef0:	00178713          	addi	a4,a5,1
20001ef4:	00e62023          	sw	a4,0(a2)
20001ef8:	00b78023          	sb	a1,0(a5)
20001efc:	00008067          	ret

20001f00 <__sfputs_r>:
20001f00:	fe010113          	addi	sp,sp,-32
20001f04:	00812c23          	sw	s0,24(sp)
20001f08:	00912a23          	sw	s1,20(sp)
20001f0c:	01212823          	sw	s2,16(sp)
20001f10:	01312623          	sw	s3,12(sp)
20001f14:	01412423          	sw	s4,8(sp)
20001f18:	00112e23          	sw	ra,28(sp)
20001f1c:	00050993          	mv	s3,a0
20001f20:	00058a13          	mv	s4,a1
20001f24:	00060413          	mv	s0,a2
20001f28:	00d604b3          	add	s1,a2,a3
20001f2c:	fff00913          	li	s2,-1
20001f30:	00941663          	bne	s0,s1,20001f3c <__sfputs_r+0x3c>
20001f34:	00000513          	li	a0,0
20001f38:	01c0006f          	j	20001f54 <__sfputs_r+0x54>
20001f3c:	00044583          	lbu	a1,0(s0)
20001f40:	000a0613          	mv	a2,s4
20001f44:	00098513          	mv	a0,s3
20001f48:	f7dff0ef          	jal	20001ec4 <__sfputc_r>
20001f4c:	00140413          	addi	s0,s0,1
20001f50:	ff2510e3          	bne	a0,s2,20001f30 <__sfputs_r+0x30>
20001f54:	01c12083          	lw	ra,28(sp)
20001f58:	01812403          	lw	s0,24(sp)
20001f5c:	01412483          	lw	s1,20(sp)
20001f60:	01012903          	lw	s2,16(sp)
20001f64:	00c12983          	lw	s3,12(sp)
20001f68:	00812a03          	lw	s4,8(sp)
20001f6c:	02010113          	addi	sp,sp,32
20001f70:	00008067          	ret

20001f74 <__sprint_r>:
20001f74:	00862783          	lw	a5,8(a2)
20001f78:	ff010113          	addi	sp,sp,-16
20001f7c:	00812423          	sw	s0,8(sp)
20001f80:	00112623          	sw	ra,12(sp)
20001f84:	00060413          	mv	s0,a2
20001f88:	02078063          	beqz	a5,20001fa8 <__sprint_r+0x34>
20001f8c:	645000ef          	jal	20002dd0 <__sfvwrite_r>
20001f90:	00042423          	sw	zero,8(s0)
20001f94:	00c12083          	lw	ra,12(sp)
20001f98:	00042223          	sw	zero,4(s0)
20001f9c:	00812403          	lw	s0,8(sp)
20001fa0:	01010113          	addi	sp,sp,16
20001fa4:	00008067          	ret
20001fa8:	00000513          	li	a0,0
20001fac:	fe9ff06f          	j	20001f94 <__sprint_r+0x20>

20001fb0 <_vfiprintf_r>:
20001fb0:	f5010113          	addi	sp,sp,-176
20001fb4:	0a812423          	sw	s0,168(sp)
20001fb8:	0a912223          	sw	s1,164(sp)
20001fbc:	09312e23          	sw	s3,156(sp)
20001fc0:	09412c23          	sw	s4,152(sp)
20001fc4:	0a112623          	sw	ra,172(sp)
20001fc8:	0b212023          	sw	s2,160(sp)
20001fcc:	09512a23          	sw	s5,148(sp)
20001fd0:	09612823          	sw	s6,144(sp)
20001fd4:	09712623          	sw	s7,140(sp)
20001fd8:	09812423          	sw	s8,136(sp)
20001fdc:	09912223          	sw	s9,132(sp)
20001fe0:	00050993          	mv	s3,a0
20001fe4:	00058493          	mv	s1,a1
20001fe8:	00060413          	mv	s0,a2
20001fec:	00068a13          	mv	s4,a3
20001ff0:	00050863          	beqz	a0,20002000 <_vfiprintf_r+0x50>
20001ff4:	02052783          	lw	a5,32(a0)
20001ff8:	00079463          	bnez	a5,20002000 <_vfiprintf_r+0x50>
20001ffc:	575000ef          	jal	20002d70 <__sinit>
20002000:	00c4d783          	lhu	a5,12(s1)
20002004:	0087f793          	andi	a5,a5,8
20002008:	10078a63          	beqz	a5,2000211c <_vfiprintf_r+0x16c>
2000200c:	0104a783          	lw	a5,16(s1)
20002010:	10078663          	beqz	a5,2000211c <_vfiprintf_r+0x16c>
20002014:	02000793          	li	a5,32
20002018:	02f10ca3          	sb	a5,57(sp)
2000201c:	01412e23          	sw	s4,28(sp)
20002020:	03000793          	li	a5,48
20002024:	20004a37          	lui	s4,0x20004
20002028:	02012a23          	sw	zero,52(sp)
2000202c:	02f10d23          	sb	a5,58(sp)
20002030:	fff00a93          	li	s5,-1
20002034:	bd4a0a13          	addi	s4,s4,-1068 # 20003bd4 <__clz_tab+0x100>
20002038:	00100b93          	li	s7,1
2000203c:	00a00b13          	li	s6,10
20002040:	00040c13          	mv	s8,s0
20002044:	000c4783          	lbu	a5,0(s8)
20002048:	00f03cb3          	snez	s9,a5
2000204c:	fdb78793          	addi	a5,a5,-37
20002050:	00f037b3          	snez	a5,a5
20002054:	00fcfcb3          	and	s9,s9,a5
20002058:	100c9663          	bnez	s9,20002164 <_vfiprintf_r+0x1b4>
2000205c:	408c06b3          	sub	a3,s8,s0
20002060:	028c0663          	beq	s8,s0,2000208c <_vfiprintf_r+0xdc>
20002064:	00040613          	mv	a2,s0
20002068:	00048593          	mv	a1,s1
2000206c:	00098513          	mv	a0,s3
20002070:	00d12623          	sw	a3,12(sp)
20002074:	e8dff0ef          	jal	20001f00 <__sfputs_r>
20002078:	29550063          	beq	a0,s5,200022f8 <_vfiprintf_r+0x348>
2000207c:	03412783          	lw	a5,52(sp)
20002080:	00c12683          	lw	a3,12(sp)
20002084:	00d787b3          	add	a5,a5,a3
20002088:	02f12a23          	sw	a5,52(sp)
2000208c:	000c4783          	lbu	a5,0(s8)
20002090:	26078463          	beqz	a5,200022f8 <_vfiprintf_r+0x348>
20002094:	001c0413          	addi	s0,s8,1
20002098:	02012023          	sw	zero,32(sp)
2000209c:	02012623          	sw	zero,44(sp)
200020a0:	03512223          	sw	s5,36(sp)
200020a4:	02012423          	sw	zero,40(sp)
200020a8:	060101a3          	sb	zero,99(sp)
200020ac:	06012c23          	sw	zero,120(sp)
200020b0:	00044583          	lbu	a1,0(s0)
200020b4:	00500613          	li	a2,5
200020b8:	000a0513          	mv	a0,s4
200020bc:	4b0010ef          	jal	2000356c <memchr>
200020c0:	02012783          	lw	a5,32(sp)
200020c4:	00140693          	addi	a3,s0,1
200020c8:	0a051263          	bnez	a0,2000216c <_vfiprintf_r+0x1bc>
200020cc:	0107f713          	andi	a4,a5,16
200020d0:	00070663          	beqz	a4,200020dc <_vfiprintf_r+0x12c>
200020d4:	02000713          	li	a4,32
200020d8:	06e101a3          	sb	a4,99(sp)
200020dc:	0087f713          	andi	a4,a5,8
200020e0:	00070663          	beqz	a4,200020ec <_vfiprintf_r+0x13c>
200020e4:	02b00713          	li	a4,43
200020e8:	06e101a3          	sb	a4,99(sp)
200020ec:	00044603          	lbu	a2,0(s0)
200020f0:	02a00713          	li	a4,42
200020f4:	08e60863          	beq	a2,a4,20002184 <_vfiprintf_r+0x1d4>
200020f8:	02c12783          	lw	a5,44(sp)
200020fc:	00000693          	li	a3,0
20002100:	00900613          	li	a2,9
20002104:	00044703          	lbu	a4,0(s0)
20002108:	fd070713          	addi	a4,a4,-48
2000210c:	0ee67263          	bgeu	a2,a4,200021f0 <_vfiprintf_r+0x240>
20002110:	08068863          	beqz	a3,200021a0 <_vfiprintf_r+0x1f0>
20002114:	02f12623          	sw	a5,44(sp)
20002118:	0880006f          	j	200021a0 <_vfiprintf_r+0x1f0>
2000211c:	00048593          	mv	a1,s1
20002120:	00098513          	mv	a0,s3
20002124:	addff0ef          	jal	20001c00 <__swsetup_r>
20002128:	ee0506e3          	beqz	a0,20002014 <_vfiprintf_r+0x64>
2000212c:	fff00513          	li	a0,-1
20002130:	0ac12083          	lw	ra,172(sp)
20002134:	0a812403          	lw	s0,168(sp)
20002138:	0a412483          	lw	s1,164(sp)
2000213c:	0a012903          	lw	s2,160(sp)
20002140:	09c12983          	lw	s3,156(sp)
20002144:	09812a03          	lw	s4,152(sp)
20002148:	09412a83          	lw	s5,148(sp)
2000214c:	09012b03          	lw	s6,144(sp)
20002150:	08c12b83          	lw	s7,140(sp)
20002154:	08812c03          	lw	s8,136(sp)
20002158:	08412c83          	lw	s9,132(sp)
2000215c:	0b010113          	addi	sp,sp,176
20002160:	00008067          	ret
20002164:	001c0c13          	addi	s8,s8,1
20002168:	eddff06f          	j	20002044 <_vfiprintf_r+0x94>
2000216c:	41450533          	sub	a0,a0,s4
20002170:	00ab9533          	sll	a0,s7,a0
20002174:	00f56533          	or	a0,a0,a5
20002178:	02a12023          	sw	a0,32(sp)
2000217c:	00068413          	mv	s0,a3
20002180:	f31ff06f          	j	200020b0 <_vfiprintf_r+0x100>
20002184:	01c12703          	lw	a4,28(sp)
20002188:	00470613          	addi	a2,a4,4
2000218c:	00072703          	lw	a4,0(a4)
20002190:	00c12e23          	sw	a2,28(sp)
20002194:	04074463          	bltz	a4,200021dc <_vfiprintf_r+0x22c>
20002198:	02e12623          	sw	a4,44(sp)
2000219c:	00068413          	mv	s0,a3
200021a0:	00044703          	lbu	a4,0(s0)
200021a4:	02e00793          	li	a5,46
200021a8:	06f71e63          	bne	a4,a5,20002224 <_vfiprintf_r+0x274>
200021ac:	00144703          	lbu	a4,1(s0)
200021b0:	02a00793          	li	a5,42
200021b4:	04f71863          	bne	a4,a5,20002204 <_vfiprintf_r+0x254>
200021b8:	01c12783          	lw	a5,28(sp)
200021bc:	00240413          	addi	s0,s0,2
200021c0:	00478713          	addi	a4,a5,4
200021c4:	0007a783          	lw	a5,0(a5)
200021c8:	00e12e23          	sw	a4,28(sp)
200021cc:	0007d463          	bgez	a5,200021d4 <_vfiprintf_r+0x224>
200021d0:	fff00793          	li	a5,-1
200021d4:	02f12223          	sw	a5,36(sp)
200021d8:	04c0006f          	j	20002224 <_vfiprintf_r+0x274>
200021dc:	40e00733          	neg	a4,a4
200021e0:	0027e793          	ori	a5,a5,2
200021e4:	02e12623          	sw	a4,44(sp)
200021e8:	02f12023          	sw	a5,32(sp)
200021ec:	fb1ff06f          	j	2000219c <_vfiprintf_r+0x1ec>
200021f0:	036787b3          	mul	a5,a5,s6
200021f4:	00140413          	addi	s0,s0,1
200021f8:	00100693          	li	a3,1
200021fc:	00e787b3          	add	a5,a5,a4
20002200:	f05ff06f          	j	20002104 <_vfiprintf_r+0x154>
20002204:	00140413          	addi	s0,s0,1
20002208:	02012223          	sw	zero,36(sp)
2000220c:	00000793          	li	a5,0
20002210:	00900693          	li	a3,9
20002214:	00044703          	lbu	a4,0(s0)
20002218:	fd070713          	addi	a4,a4,-48
2000221c:	08e6f863          	bgeu	a3,a4,200022ac <_vfiprintf_r+0x2fc>
20002220:	fa0c9ae3          	bnez	s9,200021d4 <_vfiprintf_r+0x224>
20002224:	00044583          	lbu	a1,0(s0)
20002228:	20004c37          	lui	s8,0x20004
2000222c:	00300613          	li	a2,3
20002230:	bdcc0513          	addi	a0,s8,-1060 # 20003bdc <__clz_tab+0x108>
20002234:	338010ef          	jal	2000356c <memchr>
20002238:	02050263          	beqz	a0,2000225c <_vfiprintf_r+0x2ac>
2000223c:	02012783          	lw	a5,32(sp)
20002240:	bdcc0c13          	addi	s8,s8,-1060
20002244:	41850533          	sub	a0,a0,s8
20002248:	04000713          	li	a4,64
2000224c:	00a71733          	sll	a4,a4,a0
20002250:	00e7e7b3          	or	a5,a5,a4
20002254:	00140413          	addi	s0,s0,1
20002258:	02f12023          	sw	a5,32(sp)
2000225c:	00044583          	lbu	a1,0(s0)
20002260:	20004537          	lui	a0,0x20004
20002264:	00600613          	li	a2,6
20002268:	be050513          	addi	a0,a0,-1056 # 20003be0 <__clz_tab+0x10c>
2000226c:	02b10c23          	sb	a1,56(sp)
20002270:	2fc010ef          	jal	2000356c <memchr>
20002274:	08050c63          	beqz	a0,2000230c <_vfiprintf_r+0x35c>
20002278:	00000793          	li	a5,0
2000227c:	04079a63          	bnez	a5,200022d0 <_vfiprintf_r+0x320>
20002280:	02012703          	lw	a4,32(sp)
20002284:	01c12783          	lw	a5,28(sp)
20002288:	10077713          	andi	a4,a4,256
2000228c:	02070a63          	beqz	a4,200022c0 <_vfiprintf_r+0x310>
20002290:	00478793          	addi	a5,a5,4
20002294:	00f12e23          	sw	a5,28(sp)
20002298:	03412783          	lw	a5,52(sp)
2000229c:	00140413          	addi	s0,s0,1
200022a0:	012787b3          	add	a5,a5,s2
200022a4:	02f12a23          	sw	a5,52(sp)
200022a8:	d99ff06f          	j	20002040 <_vfiprintf_r+0x90>
200022ac:	036787b3          	mul	a5,a5,s6
200022b0:	00140413          	addi	s0,s0,1
200022b4:	00100c93          	li	s9,1
200022b8:	00e787b3          	add	a5,a5,a4
200022bc:	f59ff06f          	j	20002214 <_vfiprintf_r+0x264>
200022c0:	00778793          	addi	a5,a5,7
200022c4:	ff87f793          	andi	a5,a5,-8
200022c8:	00878793          	addi	a5,a5,8
200022cc:	fc9ff06f          	j	20002294 <_vfiprintf_r+0x2e4>
200022d0:	200026b7          	lui	a3,0x20002
200022d4:	01c10713          	addi	a4,sp,28
200022d8:	f0068693          	addi	a3,a3,-256 # 20001f00 <__sfputs_r>
200022dc:	00048613          	mv	a2,s1
200022e0:	02010593          	addi	a1,sp,32
200022e4:	00098513          	mv	a0,s3
200022e8:	00000097          	auipc	ra,0x0
200022ec:	000000e7          	jalr	zero # 0 <_start-0x20000000>
200022f0:	00050913          	mv	s2,a0
200022f4:	fb5512e3          	bne	a0,s5,20002298 <_vfiprintf_r+0x2e8>
200022f8:	00c4d783          	lhu	a5,12(s1)
200022fc:	0407f793          	andi	a5,a5,64
20002300:	e20796e3          	bnez	a5,2000212c <_vfiprintf_r+0x17c>
20002304:	03412503          	lw	a0,52(sp)
20002308:	e29ff06f          	j	20002130 <_vfiprintf_r+0x180>
2000230c:	200026b7          	lui	a3,0x20002
20002310:	01c10713          	addi	a4,sp,28
20002314:	f0068693          	addi	a3,a3,-256 # 20001f00 <__sfputs_r>
20002318:	00048613          	mv	a2,s1
2000231c:	02010593          	addi	a1,sp,32
20002320:	00098513          	mv	a0,s3
20002324:	1d4000ef          	jal	200024f8 <_printf_i>
20002328:	fc9ff06f          	j	200022f0 <_vfiprintf_r+0x340>

2000232c <vfiprintf>:
2000232c:	200047b7          	lui	a5,0x20004
20002330:	00060693          	mv	a3,a2
20002334:	00058613          	mv	a2,a1
20002338:	00050593          	mv	a1,a0
2000233c:	d407a503          	lw	a0,-704(a5) # 20003d40 <_impure_ptr>
20002340:	c71ff06f          	j	20001fb0 <_vfiprintf_r>

20002344 <_printf_common>:
20002344:	fd010113          	addi	sp,sp,-48
20002348:	01312e23          	sw	s3,28(sp)
2000234c:	0105a783          	lw	a5,16(a1)
20002350:	00070993          	mv	s3,a4
20002354:	0085a703          	lw	a4,8(a1)
20002358:	02812423          	sw	s0,40(sp)
2000235c:	03212023          	sw	s2,32(sp)
20002360:	01612823          	sw	s6,16(sp)
20002364:	01712623          	sw	s7,12(sp)
20002368:	02112623          	sw	ra,44(sp)
2000236c:	02912223          	sw	s1,36(sp)
20002370:	01412c23          	sw	s4,24(sp)
20002374:	01512a23          	sw	s5,20(sp)
20002378:	00050b13          	mv	s6,a0
2000237c:	00058413          	mv	s0,a1
20002380:	00060913          	mv	s2,a2
20002384:	00068b93          	mv	s7,a3
20002388:	00e7d463          	bge	a5,a4,20002390 <_printf_common+0x4c>
2000238c:	00070793          	mv	a5,a4
20002390:	00f92023          	sw	a5,0(s2)
20002394:	04344703          	lbu	a4,67(s0)
20002398:	00070663          	beqz	a4,200023a4 <_printf_common+0x60>
2000239c:	00178793          	addi	a5,a5,1
200023a0:	00f92023          	sw	a5,0(s2)
200023a4:	00042783          	lw	a5,0(s0)
200023a8:	0207f793          	andi	a5,a5,32
200023ac:	00078863          	beqz	a5,200023bc <_printf_common+0x78>
200023b0:	00092783          	lw	a5,0(s2)
200023b4:	00278793          	addi	a5,a5,2
200023b8:	00f92023          	sw	a5,0(s2)
200023bc:	00042483          	lw	s1,0(s0)
200023c0:	0064f493          	andi	s1,s1,6
200023c4:	00049e63          	bnez	s1,200023e0 <_printf_common+0x9c>
200023c8:	01940a13          	addi	s4,s0,25
200023cc:	fff00a93          	li	s5,-1
200023d0:	00c42783          	lw	a5,12(s0)
200023d4:	00092703          	lw	a4,0(s2)
200023d8:	40e787b3          	sub	a5,a5,a4
200023dc:	08f4c463          	blt	s1,a5,20002464 <_printf_common+0x120>
200023e0:	00042783          	lw	a5,0(s0)
200023e4:	04344683          	lbu	a3,67(s0)
200023e8:	0207f793          	andi	a5,a5,32
200023ec:	00d036b3          	snez	a3,a3
200023f0:	0c079263          	bnez	a5,200024b4 <_printf_common+0x170>
200023f4:	04340613          	addi	a2,s0,67
200023f8:	000b8593          	mv	a1,s7
200023fc:	000b0513          	mv	a0,s6
20002400:	000980e7          	jalr	s3
20002404:	fff00793          	li	a5,-1
20002408:	06f50a63          	beq	a0,a5,2000247c <_printf_common+0x138>
2000240c:	00042783          	lw	a5,0(s0)
20002410:	00400713          	li	a4,4
20002414:	00000493          	li	s1,0
20002418:	0067f793          	andi	a5,a5,6
2000241c:	00e79e63          	bne	a5,a4,20002438 <_printf_common+0xf4>
20002420:	00092783          	lw	a5,0(s2)
20002424:	00c42483          	lw	s1,12(s0)
20002428:	40f484b3          	sub	s1,s1,a5
2000242c:	fff4c793          	not	a5,s1
20002430:	41f7d793          	srai	a5,a5,0x1f
20002434:	00f4f4b3          	and	s1,s1,a5
20002438:	00842783          	lw	a5,8(s0)
2000243c:	01042703          	lw	a4,16(s0)
20002440:	00f75663          	bge	a4,a5,2000244c <_printf_common+0x108>
20002444:	40e787b3          	sub	a5,a5,a4
20002448:	00f484b3          	add	s1,s1,a5
2000244c:	00000913          	li	s2,0
20002450:	01a40413          	addi	s0,s0,26
20002454:	fff00a13          	li	s4,-1
20002458:	09249063          	bne	s1,s2,200024d8 <_printf_common+0x194>
2000245c:	00000513          	li	a0,0
20002460:	0200006f          	j	20002480 <_printf_common+0x13c>
20002464:	00100693          	li	a3,1
20002468:	000a0613          	mv	a2,s4
2000246c:	000b8593          	mv	a1,s7
20002470:	000b0513          	mv	a0,s6
20002474:	000980e7          	jalr	s3
20002478:	03551a63          	bne	a0,s5,200024ac <_printf_common+0x168>
2000247c:	fff00513          	li	a0,-1
20002480:	02c12083          	lw	ra,44(sp)
20002484:	02812403          	lw	s0,40(sp)
20002488:	02412483          	lw	s1,36(sp)
2000248c:	02012903          	lw	s2,32(sp)
20002490:	01c12983          	lw	s3,28(sp)
20002494:	01812a03          	lw	s4,24(sp)
20002498:	01412a83          	lw	s5,20(sp)
2000249c:	01012b03          	lw	s6,16(sp)
200024a0:	00c12b83          	lw	s7,12(sp)
200024a4:	03010113          	addi	sp,sp,48
200024a8:	00008067          	ret
200024ac:	00148493          	addi	s1,s1,1
200024b0:	f21ff06f          	j	200023d0 <_printf_common+0x8c>
200024b4:	00d40733          	add	a4,s0,a3
200024b8:	03000613          	li	a2,48
200024bc:	04c701a3          	sb	a2,67(a4)
200024c0:	04544703          	lbu	a4,69(s0)
200024c4:	00168793          	addi	a5,a3,1
200024c8:	00f407b3          	add	a5,s0,a5
200024cc:	00268693          	addi	a3,a3,2
200024d0:	04e781a3          	sb	a4,67(a5)
200024d4:	f21ff06f          	j	200023f4 <_printf_common+0xb0>
200024d8:	00100693          	li	a3,1
200024dc:	00040613          	mv	a2,s0
200024e0:	000b8593          	mv	a1,s7
200024e4:	000b0513          	mv	a0,s6
200024e8:	000980e7          	jalr	s3
200024ec:	f94508e3          	beq	a0,s4,2000247c <_printf_common+0x138>
200024f0:	00190913          	addi	s2,s2,1
200024f4:	f65ff06f          	j	20002458 <_printf_common+0x114>

200024f8 <_printf_i>:
200024f8:	fc010113          	addi	sp,sp,-64
200024fc:	02812c23          	sw	s0,56(sp)
20002500:	02912a23          	sw	s1,52(sp)
20002504:	03412423          	sw	s4,40(sp)
20002508:	03512223          	sw	s5,36(sp)
2000250c:	02112e23          	sw	ra,60(sp)
20002510:	03212823          	sw	s2,48(sp)
20002514:	03312623          	sw	s3,44(sp)
20002518:	0185c783          	lbu	a5,24(a1)
2000251c:	00068493          	mv	s1,a3
20002520:	07800693          	li	a3,120
20002524:	00050a13          	mv	s4,a0
20002528:	00058413          	mv	s0,a1
2000252c:	00060a93          	mv	s5,a2
20002530:	00f6ee63          	bltu	a3,a5,2000254c <_printf_i+0x54>
20002534:	06200693          	li	a3,98
20002538:	04358613          	addi	a2,a1,67
2000253c:	00f6ec63          	bltu	a3,a5,20002554 <_printf_i+0x5c>
20002540:	28078263          	beqz	a5,200027c4 <_printf_i+0x2cc>
20002544:	05800693          	li	a3,88
20002548:	20d78e63          	beq	a5,a3,20002764 <_printf_i+0x26c>
2000254c:	04240913          	addi	s2,s0,66
20002550:	0400006f          	j	20002590 <_printf_i+0x98>
20002554:	f9d78693          	addi	a3,a5,-99
20002558:	0ff6f693          	zext.b	a3,a3
2000255c:	01500593          	li	a1,21
20002560:	fed5e6e3          	bltu	a1,a3,2000254c <_printf_i+0x54>
20002564:	200045b7          	lui	a1,0x20004
20002568:	00269693          	slli	a3,a3,0x2
2000256c:	c1058593          	addi	a1,a1,-1008 # 20003c10 <__clz_tab+0x13c>
20002570:	00b686b3          	add	a3,a3,a1
20002574:	0006a683          	lw	a3,0(a3)
20002578:	00068067          	jr	a3
2000257c:	00072783          	lw	a5,0(a4)
20002580:	04240913          	addi	s2,s0,66
20002584:	00478693          	addi	a3,a5,4
20002588:	0007a783          	lw	a5,0(a5)
2000258c:	00d72023          	sw	a3,0(a4)
20002590:	04f40123          	sb	a5,66(s0)
20002594:	00100793          	li	a5,1
20002598:	2680006f          	j	20002800 <_printf_i+0x308>
2000259c:	00042783          	lw	a5,0(s0)
200025a0:	00072503          	lw	a0,0(a4)
200025a4:	0807f693          	andi	a3,a5,128
200025a8:	00450593          	addi	a1,a0,4
200025ac:	02068663          	beqz	a3,200025d8 <_printf_i+0xe0>
200025b0:	00052783          	lw	a5,0(a0)
200025b4:	00b72023          	sw	a1,0(a4)
200025b8:	200046b7          	lui	a3,0x20004
200025bc:	0007d863          	bgez	a5,200025cc <_printf_i+0xd4>
200025c0:	02d00713          	li	a4,45
200025c4:	40f007b3          	neg	a5,a5
200025c8:	04e401a3          	sb	a4,67(s0)
200025cc:	be868693          	addi	a3,a3,-1048 # 20003be8 <__clz_tab+0x114>
200025d0:	00a00713          	li	a4,10
200025d4:	0680006f          	j	2000263c <_printf_i+0x144>
200025d8:	0407f693          	andi	a3,a5,64
200025dc:	00052783          	lw	a5,0(a0)
200025e0:	00b72023          	sw	a1,0(a4)
200025e4:	fc068ae3          	beqz	a3,200025b8 <_printf_i+0xc0>
200025e8:	01079793          	slli	a5,a5,0x10
200025ec:	4107d793          	srai	a5,a5,0x10
200025f0:	fc9ff06f          	j	200025b8 <_printf_i+0xc0>
200025f4:	00042583          	lw	a1,0(s0)
200025f8:	00072683          	lw	a3,0(a4)
200025fc:	0805f513          	andi	a0,a1,128
20002600:	0006a783          	lw	a5,0(a3)
20002604:	00468693          	addi	a3,a3,4
20002608:	00051a63          	bnez	a0,2000261c <_printf_i+0x124>
2000260c:	0405f593          	andi	a1,a1,64
20002610:	00058663          	beqz	a1,2000261c <_printf_i+0x124>
20002614:	01079793          	slli	a5,a5,0x10
20002618:	0107d793          	srli	a5,a5,0x10
2000261c:	00d72023          	sw	a3,0(a4)
20002620:	01844583          	lbu	a1,24(s0)
20002624:	200046b7          	lui	a3,0x20004
20002628:	06f00713          	li	a4,111
2000262c:	be868693          	addi	a3,a3,-1048 # 20003be8 <__clz_tab+0x114>
20002630:	14e59863          	bne	a1,a4,20002780 <_printf_i+0x288>
20002634:	00800713          	li	a4,8
20002638:	040401a3          	sb	zero,67(s0)
2000263c:	00442583          	lw	a1,4(s0)
20002640:	00b42423          	sw	a1,8(s0)
20002644:	0005ce63          	bltz	a1,20002660 <_printf_i+0x168>
20002648:	00042503          	lw	a0,0(s0)
2000264c:	00b7e5b3          	or	a1,a5,a1
20002650:	00060913          	mv	s2,a2
20002654:	ffb57513          	andi	a0,a0,-5
20002658:	00a42023          	sw	a0,0(s0)
2000265c:	02058463          	beqz	a1,20002684 <_printf_i+0x18c>
20002660:	00060913          	mv	s2,a2
20002664:	02e7f5b3          	remu	a1,a5,a4
20002668:	fff90913          	addi	s2,s2,-1
2000266c:	00b685b3          	add	a1,a3,a1
20002670:	0005c583          	lbu	a1,0(a1)
20002674:	00b90023          	sb	a1,0(s2)
20002678:	00078593          	mv	a1,a5
2000267c:	02e7d7b3          	divu	a5,a5,a4
20002680:	fee5f2e3          	bgeu	a1,a4,20002664 <_printf_i+0x16c>
20002684:	00800793          	li	a5,8
20002688:	02f71463          	bne	a4,a5,200026b0 <_printf_i+0x1b8>
2000268c:	00042783          	lw	a5,0(s0)
20002690:	0017f793          	andi	a5,a5,1
20002694:	00078e63          	beqz	a5,200026b0 <_printf_i+0x1b8>
20002698:	00442703          	lw	a4,4(s0)
2000269c:	01042783          	lw	a5,16(s0)
200026a0:	00e7c863          	blt	a5,a4,200026b0 <_printf_i+0x1b8>
200026a4:	03000793          	li	a5,48
200026a8:	fef90fa3          	sb	a5,-1(s2)
200026ac:	fff90913          	addi	s2,s2,-1
200026b0:	41260633          	sub	a2,a2,s2
200026b4:	00c42823          	sw	a2,16(s0)
200026b8:	00048713          	mv	a4,s1
200026bc:	000a8693          	mv	a3,s5
200026c0:	01c10613          	addi	a2,sp,28
200026c4:	00040593          	mv	a1,s0
200026c8:	000a0513          	mv	a0,s4
200026cc:	c79ff0ef          	jal	20002344 <_printf_common>
200026d0:	fff00993          	li	s3,-1
200026d4:	13351c63          	bne	a0,s3,2000280c <_printf_i+0x314>
200026d8:	fff00513          	li	a0,-1
200026dc:	03c12083          	lw	ra,60(sp)
200026e0:	03812403          	lw	s0,56(sp)
200026e4:	03412483          	lw	s1,52(sp)
200026e8:	03012903          	lw	s2,48(sp)
200026ec:	02c12983          	lw	s3,44(sp)
200026f0:	02812a03          	lw	s4,40(sp)
200026f4:	02412a83          	lw	s5,36(sp)
200026f8:	04010113          	addi	sp,sp,64
200026fc:	00008067          	ret
20002700:	00042783          	lw	a5,0(s0)
20002704:	0207e793          	ori	a5,a5,32
20002708:	00f42023          	sw	a5,0(s0)
2000270c:	200046b7          	lui	a3,0x20004
20002710:	07800793          	li	a5,120
20002714:	bfc68693          	addi	a3,a3,-1028 # 20003bfc <__clz_tab+0x128>
20002718:	04f402a3          	sb	a5,69(s0)
2000271c:	00042583          	lw	a1,0(s0)
20002720:	00072503          	lw	a0,0(a4)
20002724:	0805f813          	andi	a6,a1,128
20002728:	00052783          	lw	a5,0(a0)
2000272c:	00450513          	addi	a0,a0,4
20002730:	00081a63          	bnez	a6,20002744 <_printf_i+0x24c>
20002734:	0405f813          	andi	a6,a1,64
20002738:	00080663          	beqz	a6,20002744 <_printf_i+0x24c>
2000273c:	01079793          	slli	a5,a5,0x10
20002740:	0107d793          	srli	a5,a5,0x10
20002744:	00a72023          	sw	a0,0(a4)
20002748:	0015f713          	andi	a4,a1,1
2000274c:	00070663          	beqz	a4,20002758 <_printf_i+0x260>
20002750:	0205e593          	ori	a1,a1,32
20002754:	00b42023          	sw	a1,0(s0)
20002758:	00078c63          	beqz	a5,20002770 <_printf_i+0x278>
2000275c:	01000713          	li	a4,16
20002760:	ed9ff06f          	j	20002638 <_printf_i+0x140>
20002764:	200046b7          	lui	a3,0x20004
20002768:	be868693          	addi	a3,a3,-1048 # 20003be8 <__clz_tab+0x114>
2000276c:	fadff06f          	j	20002718 <_printf_i+0x220>
20002770:	00042703          	lw	a4,0(s0)
20002774:	fdf77713          	andi	a4,a4,-33
20002778:	00e42023          	sw	a4,0(s0)
2000277c:	fe1ff06f          	j	2000275c <_printf_i+0x264>
20002780:	00a00713          	li	a4,10
20002784:	eb5ff06f          	j	20002638 <_printf_i+0x140>
20002788:	00042683          	lw	a3,0(s0)
2000278c:	00072783          	lw	a5,0(a4)
20002790:	01442583          	lw	a1,20(s0)
20002794:	0806f813          	andi	a6,a3,128
20002798:	00478513          	addi	a0,a5,4
2000279c:	00080a63          	beqz	a6,200027b0 <_printf_i+0x2b8>
200027a0:	00a72023          	sw	a0,0(a4)
200027a4:	0007a783          	lw	a5,0(a5)
200027a8:	00b7a023          	sw	a1,0(a5)
200027ac:	0180006f          	j	200027c4 <_printf_i+0x2cc>
200027b0:	00a72023          	sw	a0,0(a4)
200027b4:	0406f693          	andi	a3,a3,64
200027b8:	0007a783          	lw	a5,0(a5)
200027bc:	fe0686e3          	beqz	a3,200027a8 <_printf_i+0x2b0>
200027c0:	00b79023          	sh	a1,0(a5)
200027c4:	00042823          	sw	zero,16(s0)
200027c8:	00060913          	mv	s2,a2
200027cc:	eedff06f          	j	200026b8 <_printf_i+0x1c0>
200027d0:	00072783          	lw	a5,0(a4)
200027d4:	00442603          	lw	a2,4(s0)
200027d8:	00000593          	li	a1,0
200027dc:	00478693          	addi	a3,a5,4
200027e0:	00d72023          	sw	a3,0(a4)
200027e4:	0007a903          	lw	s2,0(a5)
200027e8:	00090513          	mv	a0,s2
200027ec:	581000ef          	jal	2000356c <memchr>
200027f0:	00050663          	beqz	a0,200027fc <_printf_i+0x304>
200027f4:	41250533          	sub	a0,a0,s2
200027f8:	00a42223          	sw	a0,4(s0)
200027fc:	00442783          	lw	a5,4(s0)
20002800:	00f42823          	sw	a5,16(s0)
20002804:	040401a3          	sb	zero,67(s0)
20002808:	eb1ff06f          	j	200026b8 <_printf_i+0x1c0>
2000280c:	01042683          	lw	a3,16(s0)
20002810:	00090613          	mv	a2,s2
20002814:	000a8593          	mv	a1,s5
20002818:	000a0513          	mv	a0,s4
2000281c:	000480e7          	jalr	s1
20002820:	eb350ce3          	beq	a0,s3,200026d8 <_printf_i+0x1e0>
20002824:	00042783          	lw	a5,0(s0)
20002828:	0027f793          	andi	a5,a5,2
2000282c:	04079663          	bnez	a5,20002878 <_printf_i+0x380>
20002830:	01c12783          	lw	a5,28(sp)
20002834:	00c42503          	lw	a0,12(s0)
20002838:	eaf552e3          	bge	a0,a5,200026dc <_printf_i+0x1e4>
2000283c:	00078513          	mv	a0,a5
20002840:	e9dff06f          	j	200026dc <_printf_i+0x1e4>
20002844:	00100693          	li	a3,1
20002848:	000a8593          	mv	a1,s5
2000284c:	000a0513          	mv	a0,s4
20002850:	00c12623          	sw	a2,12(sp)
20002854:	000480e7          	jalr	s1
20002858:	e93500e3          	beq	a0,s3,200026d8 <_printf_i+0x1e0>
2000285c:	00c12603          	lw	a2,12(sp)
20002860:	00190913          	addi	s2,s2,1
20002864:	00c42783          	lw	a5,12(s0)
20002868:	01c12703          	lw	a4,28(sp)
2000286c:	40e787b3          	sub	a5,a5,a4
20002870:	fcf94ae3          	blt	s2,a5,20002844 <_printf_i+0x34c>
20002874:	fbdff06f          	j	20002830 <_printf_i+0x338>
20002878:	00000913          	li	s2,0
2000287c:	01940613          	addi	a2,s0,25
20002880:	fe5ff06f          	j	20002864 <_printf_i+0x36c>

20002884 <__sflush_r>:
20002884:	00c59783          	lh	a5,12(a1)
20002888:	fe010113          	addi	sp,sp,-32
2000288c:	00812c23          	sw	s0,24(sp)
20002890:	00912a23          	sw	s1,20(sp)
20002894:	00112e23          	sw	ra,28(sp)
20002898:	01212823          	sw	s2,16(sp)
2000289c:	0087f713          	andi	a4,a5,8
200028a0:	00050493          	mv	s1,a0
200028a4:	00058413          	mv	s0,a1
200028a8:	12071263          	bnez	a4,200029cc <__sflush_r+0x148>
200028ac:	0045a703          	lw	a4,4(a1)
200028b0:	00e04663          	bgtz	a4,200028bc <__sflush_r+0x38>
200028b4:	0405a703          	lw	a4,64(a1)
200028b8:	10e05663          	blez	a4,200029c4 <__sflush_r+0x140>
200028bc:	02c42703          	lw	a4,44(s0)
200028c0:	10070263          	beqz	a4,200029c4 <__sflush_r+0x140>
200028c4:	0004a903          	lw	s2,0(s1)
200028c8:	01379693          	slli	a3,a5,0x13
200028cc:	0004a023          	sw	zero,0(s1)
200028d0:	0a06dc63          	bgez	a3,20002988 <__sflush_r+0x104>
200028d4:	05442603          	lw	a2,84(s0)
200028d8:	00c45783          	lhu	a5,12(s0)
200028dc:	0047f793          	andi	a5,a5,4
200028e0:	00078e63          	beqz	a5,200028fc <__sflush_r+0x78>
200028e4:	00442783          	lw	a5,4(s0)
200028e8:	40f60633          	sub	a2,a2,a5
200028ec:	03442783          	lw	a5,52(s0)
200028f0:	00078663          	beqz	a5,200028fc <__sflush_r+0x78>
200028f4:	04042783          	lw	a5,64(s0)
200028f8:	40f60633          	sub	a2,a2,a5
200028fc:	02c42783          	lw	a5,44(s0)
20002900:	02042583          	lw	a1,32(s0)
20002904:	00000693          	li	a3,0
20002908:	00048513          	mv	a0,s1
2000290c:	000780e7          	jalr	a5
20002910:	fff00713          	li	a4,-1
20002914:	00c41783          	lh	a5,12(s0)
20002918:	02e51263          	bne	a0,a4,2000293c <__sflush_r+0xb8>
2000291c:	0004a683          	lw	a3,0(s1)
20002920:	01d00713          	li	a4,29
20002924:	0ed76c63          	bltu	a4,a3,20002a1c <__sflush_r+0x198>
20002928:	20400737          	lui	a4,0x20400
2000292c:	00170713          	addi	a4,a4,1 # 20400001 <__stack_top+0x3fb565>
20002930:	00d75733          	srl	a4,a4,a3
20002934:	00177713          	andi	a4,a4,1
20002938:	0e070263          	beqz	a4,20002a1c <__sflush_r+0x198>
2000293c:	01042703          	lw	a4,16(s0)
20002940:	00042223          	sw	zero,4(s0)
20002944:	00e42023          	sw	a4,0(s0)
20002948:	01379713          	slli	a4,a5,0x13
2000294c:	00075c63          	bgez	a4,20002964 <__sflush_r+0xe0>
20002950:	fff00793          	li	a5,-1
20002954:	00f51663          	bne	a0,a5,20002960 <__sflush_r+0xdc>
20002958:	0004a783          	lw	a5,0(s1)
2000295c:	00079463          	bnez	a5,20002964 <__sflush_r+0xe0>
20002960:	04a42a23          	sw	a0,84(s0)
20002964:	03442583          	lw	a1,52(s0)
20002968:	0124a023          	sw	s2,0(s1)
2000296c:	04058c63          	beqz	a1,200029c4 <__sflush_r+0x140>
20002970:	04440793          	addi	a5,s0,68
20002974:	00f58663          	beq	a1,a5,20002980 <__sflush_r+0xfc>
20002978:	00048513          	mv	a0,s1
2000297c:	c4cff0ef          	jal	20001dc8 <_free_r>
20002980:	02042a23          	sw	zero,52(s0)
20002984:	0400006f          	j	200029c4 <__sflush_r+0x140>
20002988:	02042583          	lw	a1,32(s0)
2000298c:	00000613          	li	a2,0
20002990:	00100693          	li	a3,1
20002994:	00048513          	mv	a0,s1
20002998:	000700e7          	jalr	a4
2000299c:	fff00793          	li	a5,-1
200029a0:	00050613          	mv	a2,a0
200029a4:	f2f51ae3          	bne	a0,a5,200028d8 <__sflush_r+0x54>
200029a8:	0004a783          	lw	a5,0(s1)
200029ac:	f20786e3          	beqz	a5,200028d8 <__sflush_r+0x54>
200029b0:	fe378713          	addi	a4,a5,-29
200029b4:	00070663          	beqz	a4,200029c0 <__sflush_r+0x13c>
200029b8:	fea78793          	addi	a5,a5,-22
200029bc:	04079e63          	bnez	a5,20002a18 <__sflush_r+0x194>
200029c0:	0124a023          	sw	s2,0(s1)
200029c4:	00000513          	li	a0,0
200029c8:	0600006f          	j	20002a28 <__sflush_r+0x1a4>
200029cc:	0105a603          	lw	a2,16(a1)
200029d0:	fe060ae3          	beqz	a2,200029c4 <__sflush_r+0x140>
200029d4:	0005a683          	lw	a3,0(a1)
200029d8:	0037f793          	andi	a5,a5,3
200029dc:	00c5a023          	sw	a2,0(a1)
200029e0:	40c68933          	sub	s2,a3,a2
200029e4:	00000713          	li	a4,0
200029e8:	00079463          	bnez	a5,200029f0 <__sflush_r+0x16c>
200029ec:	0145a703          	lw	a4,20(a1)
200029f0:	00e42423          	sw	a4,8(s0)
200029f4:	fd2058e3          	blez	s2,200029c4 <__sflush_r+0x140>
200029f8:	02842783          	lw	a5,40(s0)
200029fc:	02042583          	lw	a1,32(s0)
20002a00:	00090693          	mv	a3,s2
20002a04:	00048513          	mv	a0,s1
20002a08:	00c12623          	sw	a2,12(sp)
20002a0c:	000780e7          	jalr	a5
20002a10:	00c12603          	lw	a2,12(sp)
20002a14:	02a04663          	bgtz	a0,20002a40 <__sflush_r+0x1bc>
20002a18:	00c45783          	lhu	a5,12(s0)
20002a1c:	0407e793          	ori	a5,a5,64
20002a20:	00f41623          	sh	a5,12(s0)
20002a24:	fff00513          	li	a0,-1
20002a28:	01c12083          	lw	ra,28(sp)
20002a2c:	01812403          	lw	s0,24(sp)
20002a30:	01412483          	lw	s1,20(sp)
20002a34:	01012903          	lw	s2,16(sp)
20002a38:	02010113          	addi	sp,sp,32
20002a3c:	00008067          	ret
20002a40:	00a60633          	add	a2,a2,a0
20002a44:	40a90933          	sub	s2,s2,a0
20002a48:	fadff06f          	j	200029f4 <__sflush_r+0x170>

20002a4c <_fflush_r>:
20002a4c:	0105a783          	lw	a5,16(a1)
20002a50:	04078e63          	beqz	a5,20002aac <_fflush_r+0x60>
20002a54:	fe010113          	addi	sp,sp,-32
20002a58:	00812c23          	sw	s0,24(sp)
20002a5c:	00112e23          	sw	ra,28(sp)
20002a60:	00050413          	mv	s0,a0
20002a64:	00050c63          	beqz	a0,20002a7c <_fflush_r+0x30>
20002a68:	02052783          	lw	a5,32(a0)
20002a6c:	00079863          	bnez	a5,20002a7c <_fflush_r+0x30>
20002a70:	00b12623          	sw	a1,12(sp)
20002a74:	2fc000ef          	jal	20002d70 <__sinit>
20002a78:	00c12583          	lw	a1,12(sp)
20002a7c:	00c59783          	lh	a5,12(a1)
20002a80:	00078c63          	beqz	a5,20002a98 <_fflush_r+0x4c>
20002a84:	00040513          	mv	a0,s0
20002a88:	01812403          	lw	s0,24(sp)
20002a8c:	01c12083          	lw	ra,28(sp)
20002a90:	02010113          	addi	sp,sp,32
20002a94:	df1ff06f          	j	20002884 <__sflush_r>
20002a98:	01c12083          	lw	ra,28(sp)
20002a9c:	01812403          	lw	s0,24(sp)
20002aa0:	00000513          	li	a0,0
20002aa4:	02010113          	addi	sp,sp,32
20002aa8:	00008067          	ret
20002aac:	00000513          	li	a0,0
20002ab0:	00008067          	ret

20002ab4 <fflush>:
20002ab4:	00050593          	mv	a1,a0
20002ab8:	02051063          	bnez	a0,20002ad8 <fflush+0x24>
20002abc:	20004637          	lui	a2,0x20004
20002ac0:	200035b7          	lui	a1,0x20003
20002ac4:	20004537          	lui	a0,0x20004
20002ac8:	d3460613          	addi	a2,a2,-716 # 20003d34 <__sglue>
20002acc:	a4c58593          	addi	a1,a1,-1460 # 20002a4c <_fflush_r>
20002ad0:	ce850513          	addi	a0,a0,-792 # 20003ce8 <_impure_data>
20002ad4:	75c0006f          	j	20003230 <_fwalk_sglue>
20002ad8:	200047b7          	lui	a5,0x20004
20002adc:	d407a503          	lw	a0,-704(a5) # 20003d40 <_impure_ptr>
20002ae0:	f6dff06f          	j	20002a4c <_fflush_r>

20002ae4 <__fp_lock>:
20002ae4:	00000513          	li	a0,0
20002ae8:	00008067          	ret

20002aec <std>:
20002aec:	ff010113          	addi	sp,sp,-16
20002af0:	00812423          	sw	s0,8(sp)
20002af4:	00112623          	sw	ra,12(sp)
20002af8:	00050413          	mv	s0,a0
20002afc:	00b51623          	sh	a1,12(a0)
20002b00:	00c51723          	sh	a2,14(a0)
20002b04:	00052023          	sw	zero,0(a0)
20002b08:	00052223          	sw	zero,4(a0)
20002b0c:	00052423          	sw	zero,8(a0)
20002b10:	06052223          	sw	zero,100(a0)
20002b14:	00052823          	sw	zero,16(a0)
20002b18:	00052a23          	sw	zero,20(a0)
20002b1c:	00052c23          	sw	zero,24(a0)
20002b20:	00800613          	li	a2,8
20002b24:	00000593          	li	a1,0
20002b28:	05c50513          	addi	a0,a0,92
20002b2c:	601000ef          	jal	2000392c <memset>
20002b30:	200037b7          	lui	a5,0x20003
20002b34:	43078793          	addi	a5,a5,1072 # 20003430 <__sread>
20002b38:	02f42223          	sw	a5,36(s0)
20002b3c:	200037b7          	lui	a5,0x20003
20002b40:	48878793          	addi	a5,a5,1160 # 20003488 <__swrite>
20002b44:	02f42423          	sw	a5,40(s0)
20002b48:	200037b7          	lui	a5,0x20003
20002b4c:	50c78793          	addi	a5,a5,1292 # 2000350c <__sseek>
20002b50:	02f42623          	sw	a5,44(s0)
20002b54:	200037b7          	lui	a5,0x20003
20002b58:	56478793          	addi	a5,a5,1380 # 20003564 <__sclose>
20002b5c:	00c12083          	lw	ra,12(sp)
20002b60:	02842023          	sw	s0,32(s0)
20002b64:	02f42823          	sw	a5,48(s0)
20002b68:	00812403          	lw	s0,8(sp)
20002b6c:	01010113          	addi	sp,sp,16
20002b70:	00008067          	ret

20002b74 <stdio_exit_handler>:
20002b74:	20004637          	lui	a2,0x20004
20002b78:	200035b7          	lui	a1,0x20003
20002b7c:	20004537          	lui	a0,0x20004
20002b80:	d3460613          	addi	a2,a2,-716 # 20003d34 <__sglue>
20002b84:	a4c58593          	addi	a1,a1,-1460 # 20002a4c <_fflush_r>
20002b88:	ce850513          	addi	a0,a0,-792 # 20003ce8 <_impure_data>
20002b8c:	6a40006f          	j	20003230 <_fwalk_sglue>

20002b90 <cleanup_stdio>:
20002b90:	00452583          	lw	a1,4(a0)
20002b94:	ff010113          	addi	sp,sp,-16
20002b98:	200047b7          	lui	a5,0x20004
20002b9c:	00812423          	sw	s0,8(sp)
20002ba0:	00112623          	sw	ra,12(sp)
20002ba4:	d5478793          	addi	a5,a5,-684 # 20003d54 <__sf>
20002ba8:	00050413          	mv	s0,a0
20002bac:	00f58463          	beq	a1,a5,20002bb4 <cleanup_stdio+0x24>
20002bb0:	e9dff0ef          	jal	20002a4c <_fflush_r>
20002bb4:	00842583          	lw	a1,8(s0)
20002bb8:	200047b7          	lui	a5,0x20004
20002bbc:	dbc78793          	addi	a5,a5,-580 # 20003dbc <__sf+0x68>
20002bc0:	00f58663          	beq	a1,a5,20002bcc <cleanup_stdio+0x3c>
20002bc4:	00040513          	mv	a0,s0
20002bc8:	e85ff0ef          	jal	20002a4c <_fflush_r>
20002bcc:	00c42583          	lw	a1,12(s0)
20002bd0:	200047b7          	lui	a5,0x20004
20002bd4:	e2478793          	addi	a5,a5,-476 # 20003e24 <__sf+0xd0>
20002bd8:	00f58c63          	beq	a1,a5,20002bf0 <cleanup_stdio+0x60>
20002bdc:	00040513          	mv	a0,s0
20002be0:	00812403          	lw	s0,8(sp)
20002be4:	00c12083          	lw	ra,12(sp)
20002be8:	01010113          	addi	sp,sp,16
20002bec:	e61ff06f          	j	20002a4c <_fflush_r>
20002bf0:	00c12083          	lw	ra,12(sp)
20002bf4:	00812403          	lw	s0,8(sp)
20002bf8:	01010113          	addi	sp,sp,16
20002bfc:	00008067          	ret

20002c00 <global_stdio_init.part.0>:
20002c00:	200037b7          	lui	a5,0x20003
20002c04:	20004537          	lui	a0,0x20004
20002c08:	ff010113          	addi	sp,sp,-16
20002c0c:	20004737          	lui	a4,0x20004
20002c10:	b7478793          	addi	a5,a5,-1164 # 20002b74 <stdio_exit_handler>
20002c14:	00000613          	li	a2,0
20002c18:	00400593          	li	a1,4
20002c1c:	d5450513          	addi	a0,a0,-684 # 20003d54 <__sf>
20002c20:	00112623          	sw	ra,12(sp)
20002c24:	e8f72a23          	sw	a5,-364(a4) # 20003e94 <__stdio_exit_handler>
20002c28:	ec5ff0ef          	jal	20002aec <std>
20002c2c:	20004537          	lui	a0,0x20004
20002c30:	00100613          	li	a2,1
20002c34:	00900593          	li	a1,9
20002c38:	dbc50513          	addi	a0,a0,-580 # 20003dbc <__sf+0x68>
20002c3c:	eb1ff0ef          	jal	20002aec <std>
20002c40:	00c12083          	lw	ra,12(sp)
20002c44:	20004537          	lui	a0,0x20004
20002c48:	00200613          	li	a2,2
20002c4c:	01200593          	li	a1,18
20002c50:	e2450513          	addi	a0,a0,-476 # 20003e24 <__sf+0xd0>
20002c54:	01010113          	addi	sp,sp,16
20002c58:	e95ff06f          	j	20002aec <std>

20002c5c <__fp_unlock>:
20002c5c:	00000513          	li	a0,0
20002c60:	00008067          	ret

20002c64 <__sfp>:
20002c64:	200047b7          	lui	a5,0x20004
20002c68:	e947a783          	lw	a5,-364(a5) # 20003e94 <__stdio_exit_handler>
20002c6c:	ff010113          	addi	sp,sp,-16
20002c70:	01212023          	sw	s2,0(sp)
20002c74:	00112623          	sw	ra,12(sp)
20002c78:	00812423          	sw	s0,8(sp)
20002c7c:	00912223          	sw	s1,4(sp)
20002c80:	00050913          	mv	s2,a0
20002c84:	00079463          	bnez	a5,20002c8c <__sfp+0x28>
20002c88:	f79ff0ef          	jal	20002c00 <global_stdio_init.part.0>
20002c8c:	200044b7          	lui	s1,0x20004
20002c90:	d3448493          	addi	s1,s1,-716 # 20003d34 <__sglue>
20002c94:	0084a403          	lw	s0,8(s1)
20002c98:	0044a783          	lw	a5,4(s1)
20002c9c:	fff78793          	addi	a5,a5,-1
20002ca0:	0207d863          	bgez	a5,20002cd0 <__sfp+0x6c>
20002ca4:	0004a403          	lw	s0,0(s1)
20002ca8:	0c041063          	bnez	s0,20002d68 <__sfp+0x104>
20002cac:	1ac00593          	li	a1,428
20002cb0:	00090513          	mv	a0,s2
20002cb4:	8d9fe0ef          	jal	2000158c <_malloc_r>
20002cb8:	00050413          	mv	s0,a0
20002cbc:	08051463          	bnez	a0,20002d44 <__sfp+0xe0>
20002cc0:	0004a023          	sw	zero,0(s1)
20002cc4:	00c00793          	li	a5,12
20002cc8:	00f92023          	sw	a5,0(s2)
20002ccc:	0540006f          	j	20002d20 <__sfp+0xbc>
20002cd0:	00c41703          	lh	a4,12(s0)
20002cd4:	06071463          	bnez	a4,20002d3c <__sfp+0xd8>
20002cd8:	ffff07b7          	lui	a5,0xffff0
20002cdc:	00178793          	addi	a5,a5,1 # ffff0001 <__stack_top+0xdffeb565>
20002ce0:	06042223          	sw	zero,100(s0)
20002ce4:	00042023          	sw	zero,0(s0)
20002ce8:	00042223          	sw	zero,4(s0)
20002cec:	00042423          	sw	zero,8(s0)
20002cf0:	00f42623          	sw	a5,12(s0)
20002cf4:	00042823          	sw	zero,16(s0)
20002cf8:	00042a23          	sw	zero,20(s0)
20002cfc:	00042c23          	sw	zero,24(s0)
20002d00:	00800613          	li	a2,8
20002d04:	00000593          	li	a1,0
20002d08:	05c40513          	addi	a0,s0,92
20002d0c:	421000ef          	jal	2000392c <memset>
20002d10:	02042a23          	sw	zero,52(s0)
20002d14:	02042c23          	sw	zero,56(s0)
20002d18:	04042423          	sw	zero,72(s0)
20002d1c:	04042623          	sw	zero,76(s0)
20002d20:	00c12083          	lw	ra,12(sp)
20002d24:	00040513          	mv	a0,s0
20002d28:	00812403          	lw	s0,8(sp)
20002d2c:	00412483          	lw	s1,4(sp)
20002d30:	00012903          	lw	s2,0(sp)
20002d34:	01010113          	addi	sp,sp,16
20002d38:	00008067          	ret
20002d3c:	06840413          	addi	s0,s0,104
20002d40:	f5dff06f          	j	20002c9c <__sfp+0x38>
20002d44:	00400793          	li	a5,4
20002d48:	00052023          	sw	zero,0(a0)
20002d4c:	00f52223          	sw	a5,4(a0)
20002d50:	00c50513          	addi	a0,a0,12
20002d54:	00a42423          	sw	a0,8(s0)
20002d58:	1a000613          	li	a2,416
20002d5c:	00000593          	li	a1,0
20002d60:	3cd000ef          	jal	2000392c <memset>
20002d64:	0084a023          	sw	s0,0(s1)
20002d68:	00040493          	mv	s1,s0
20002d6c:	f29ff06f          	j	20002c94 <__sfp+0x30>

20002d70 <__sinit>:
20002d70:	02052783          	lw	a5,32(a0)
20002d74:	02079063          	bnez	a5,20002d94 <__sinit+0x24>
20002d78:	200037b7          	lui	a5,0x20003
20002d7c:	b9078793          	addi	a5,a5,-1136 # 20002b90 <cleanup_stdio>
20002d80:	02f52023          	sw	a5,32(a0)
20002d84:	200047b7          	lui	a5,0x20004
20002d88:	e947a783          	lw	a5,-364(a5) # 20003e94 <__stdio_exit_handler>
20002d8c:	00079463          	bnez	a5,20002d94 <__sinit+0x24>
20002d90:	e71ff06f          	j	20002c00 <global_stdio_init.part.0>
20002d94:	00008067          	ret

20002d98 <__sfp_lock_acquire>:
20002d98:	00008067          	ret

20002d9c <__sfp_lock_release>:
20002d9c:	00008067          	ret

20002da0 <__fp_lock_all>:
20002da0:	20004637          	lui	a2,0x20004
20002da4:	200035b7          	lui	a1,0x20003
20002da8:	d3460613          	addi	a2,a2,-716 # 20003d34 <__sglue>
20002dac:	ae458593          	addi	a1,a1,-1308 # 20002ae4 <__fp_lock>
20002db0:	00000513          	li	a0,0
20002db4:	47c0006f          	j	20003230 <_fwalk_sglue>

20002db8 <__fp_unlock_all>:
20002db8:	20004637          	lui	a2,0x20004
20002dbc:	200035b7          	lui	a1,0x20003
20002dc0:	d3460613          	addi	a2,a2,-716 # 20003d34 <__sglue>
20002dc4:	c5c58593          	addi	a1,a1,-932 # 20002c5c <__fp_unlock>
20002dc8:	00000513          	li	a0,0
20002dcc:	4640006f          	j	20003230 <_fwalk_sglue>

20002dd0 <__sfvwrite_r>:
20002dd0:	00862783          	lw	a5,8(a2)
20002dd4:	04079663          	bnez	a5,20002e20 <__sfvwrite_r+0x50>
20002dd8:	00000513          	li	a0,0
20002ddc:	00008067          	ret
20002de0:	00000513          	li	a0,0
20002de4:	03c12083          	lw	ra,60(sp)
20002de8:	03812403          	lw	s0,56(sp)
20002dec:	03412483          	lw	s1,52(sp)
20002df0:	03012903          	lw	s2,48(sp)
20002df4:	02c12983          	lw	s3,44(sp)
20002df8:	02812a03          	lw	s4,40(sp)
20002dfc:	02412a83          	lw	s5,36(sp)
20002e00:	02012b03          	lw	s6,32(sp)
20002e04:	01c12b83          	lw	s7,28(sp)
20002e08:	01812c03          	lw	s8,24(sp)
20002e0c:	01412c83          	lw	s9,20(sp)
20002e10:	01012d03          	lw	s10,16(sp)
20002e14:	00c12d83          	lw	s11,12(sp)
20002e18:	04010113          	addi	sp,sp,64
20002e1c:	00008067          	ret
20002e20:	00c5d783          	lhu	a5,12(a1)
20002e24:	fc010113          	addi	sp,sp,-64
20002e28:	02812c23          	sw	s0,56(sp)
20002e2c:	03312623          	sw	s3,44(sp)
20002e30:	03512223          	sw	s5,36(sp)
20002e34:	02112e23          	sw	ra,60(sp)
20002e38:	02912a23          	sw	s1,52(sp)
20002e3c:	03212823          	sw	s2,48(sp)
20002e40:	03412423          	sw	s4,40(sp)
20002e44:	03612023          	sw	s6,32(sp)
20002e48:	01712e23          	sw	s7,28(sp)
20002e4c:	01812c23          	sw	s8,24(sp)
20002e50:	01912a23          	sw	s9,20(sp)
20002e54:	01a12823          	sw	s10,16(sp)
20002e58:	01b12623          	sw	s11,12(sp)
20002e5c:	0087f793          	andi	a5,a5,8
20002e60:	00060a93          	mv	s5,a2
20002e64:	00058413          	mv	s0,a1
20002e68:	00050993          	mv	s3,a0
20002e6c:	0e078263          	beqz	a5,20002f50 <__sfvwrite_r+0x180>
20002e70:	0105a783          	lw	a5,16(a1)
20002e74:	0c078e63          	beqz	a5,20002f50 <__sfvwrite_r+0x180>
20002e78:	00c41783          	lh	a5,12(s0)
20002e7c:	000aaa03          	lw	s4,0(s5)
20002e80:	0027f713          	andi	a4,a5,2
20002e84:	12071c63          	bnez	a4,20002fbc <__sfvwrite_r+0x1ec>
20002e88:	0017f793          	andi	a5,a5,1
20002e8c:	1c078c63          	beqz	a5,20003064 <__sfvwrite_r+0x294>
20002e90:	00000b93          	li	s7,0
20002e94:	00000513          	li	a0,0
20002e98:	00000b13          	li	s6,0
20002e9c:	00000913          	li	s2,0
20002ea0:	32090663          	beqz	s2,200031cc <__sfvwrite_r+0x3fc>
20002ea4:	02051263          	bnez	a0,20002ec8 <__sfvwrite_r+0xf8>
20002ea8:	00090613          	mv	a2,s2
20002eac:	00a00593          	li	a1,10
20002eb0:	000b0513          	mv	a0,s6
20002eb4:	6b8000ef          	jal	2000356c <memchr>
20002eb8:	00190b93          	addi	s7,s2,1
20002ebc:	00050663          	beqz	a0,20002ec8 <__sfvwrite_r+0xf8>
20002ec0:	00150513          	addi	a0,a0,1
20002ec4:	41650bb3          	sub	s7,a0,s6
20002ec8:	000b8c13          	mv	s8,s7
20002ecc:	01797463          	bgeu	s2,s7,20002ed4 <__sfvwrite_r+0x104>
20002ed0:	00090c13          	mv	s8,s2
20002ed4:	01442683          	lw	a3,20(s0)
20002ed8:	00842483          	lw	s1,8(s0)
20002edc:	00042503          	lw	a0,0(s0)
20002ee0:	01042783          	lw	a5,16(s0)
20002ee4:	009684b3          	add	s1,a3,s1
20002ee8:	2ea7fc63          	bgeu	a5,a0,200031e0 <__sfvwrite_r+0x410>
20002eec:	2f84da63          	bge	s1,s8,200031e0 <__sfvwrite_r+0x410>
20002ef0:	000b0593          	mv	a1,s6
20002ef4:	00048613          	mv	a2,s1
20002ef8:	1f9000ef          	jal	200038f0 <memmove>
20002efc:	00042783          	lw	a5,0(s0)
20002f00:	00040593          	mv	a1,s0
20002f04:	00098513          	mv	a0,s3
20002f08:	009787b3          	add	a5,a5,s1
20002f0c:	00f42023          	sw	a5,0(s0)
20002f10:	b3dff0ef          	jal	20002a4c <_fflush_r>
20002f14:	14051063          	bnez	a0,20003054 <__sfvwrite_r+0x284>
20002f18:	409b8bb3          	sub	s7,s7,s1
20002f1c:	00100513          	li	a0,1
20002f20:	000b9a63          	bnez	s7,20002f34 <__sfvwrite_r+0x164>
20002f24:	00040593          	mv	a1,s0
20002f28:	00098513          	mv	a0,s3
20002f2c:	b21ff0ef          	jal	20002a4c <_fflush_r>
20002f30:	12051263          	bnez	a0,20003054 <__sfvwrite_r+0x284>
20002f34:	008aa783          	lw	a5,8(s5)
20002f38:	409787b3          	sub	a5,a5,s1
20002f3c:	00faa423          	sw	a5,8(s5)
20002f40:	ea0780e3          	beqz	a5,20002de0 <__sfvwrite_r+0x10>
20002f44:	009b0b33          	add	s6,s6,s1
20002f48:	40990933          	sub	s2,s2,s1
20002f4c:	f55ff06f          	j	20002ea0 <__sfvwrite_r+0xd0>
20002f50:	00040593          	mv	a1,s0
20002f54:	00098513          	mv	a0,s3
20002f58:	ca9fe0ef          	jal	20001c00 <__swsetup_r>
20002f5c:	f0050ee3          	beqz	a0,20002e78 <__sfvwrite_r+0xa8>
20002f60:	fff00513          	li	a0,-1
20002f64:	e81ff06f          	j	20002de4 <__sfvwrite_r+0x14>
20002f68:	000a2903          	lw	s2,0(s4)
20002f6c:	004a2483          	lw	s1,4(s4)
20002f70:	008a0a13          	addi	s4,s4,8
20002f74:	fe048ae3          	beqz	s1,20002f68 <__sfvwrite_r+0x198>
20002f78:	00048693          	mv	a3,s1
20002f7c:	009b7663          	bgeu	s6,s1,20002f88 <__sfvwrite_r+0x1b8>
20002f80:	800006b7          	lui	a3,0x80000
20002f84:	c0068693          	addi	a3,a3,-1024 # 7ffffc00 <__stack_top+0x5fffb164>
20002f88:	02842783          	lw	a5,40(s0)
20002f8c:	02042583          	lw	a1,32(s0)
20002f90:	00090613          	mv	a2,s2
20002f94:	00098513          	mv	a0,s3
20002f98:	000780e7          	jalr	a5
20002f9c:	0aa05c63          	blez	a0,20003054 <__sfvwrite_r+0x284>
20002fa0:	008aa783          	lw	a5,8(s5)
20002fa4:	40a787b3          	sub	a5,a5,a0
20002fa8:	00faa423          	sw	a5,8(s5)
20002fac:	e2078ae3          	beqz	a5,20002de0 <__sfvwrite_r+0x10>
20002fb0:	00a90933          	add	s2,s2,a0
20002fb4:	40a484b3          	sub	s1,s1,a0
20002fb8:	fbdff06f          	j	20002f74 <__sfvwrite_r+0x1a4>
20002fbc:	80000b37          	lui	s6,0x80000
20002fc0:	00000913          	li	s2,0
20002fc4:	00000493          	li	s1,0
20002fc8:	c00b0b13          	addi	s6,s6,-1024 # 7ffffc00 <__stack_top+0x5fffb164>
20002fcc:	fa9ff06f          	j	20002f74 <__sfvwrite_r+0x1a4>
20002fd0:	000a2b03          	lw	s6,0(s4)
20002fd4:	004a2483          	lw	s1,4(s4)
20002fd8:	008a0a13          	addi	s4,s4,8
20002fdc:	fe048ae3          	beqz	s1,20002fd0 <__sfvwrite_r+0x200>
20002fe0:	00c41783          	lh	a5,12(s0)
20002fe4:	00842d03          	lw	s10,8(s0)
20002fe8:	00042503          	lw	a0,0(s0)
20002fec:	2007f713          	andi	a4,a5,512
20002ff0:	14070863          	beqz	a4,20003140 <__sfvwrite_r+0x370>
20002ff4:	000d0d93          	mv	s11,s10
20002ff8:	13a4ec63          	bltu	s1,s10,20003130 <__sfvwrite_r+0x360>
20002ffc:	4807f713          	andi	a4,a5,1152
20003000:	12070c63          	beqz	a4,20003138 <__sfvwrite_r+0x368>
20003004:	01442903          	lw	s2,20(s0)
20003008:	01042583          	lw	a1,16(s0)
2000300c:	03890933          	mul	s2,s2,s8
20003010:	40b50db3          	sub	s11,a0,a1
20003014:	001d8713          	addi	a4,s11,1
20003018:	00970733          	add	a4,a4,s1
2000301c:	03994933          	div	s2,s2,s9
20003020:	00090613          	mv	a2,s2
20003024:	00e97663          	bgeu	s2,a4,20003030 <__sfvwrite_r+0x260>
20003028:	00070913          	mv	s2,a4
2000302c:	00070613          	mv	a2,a4
20003030:	4007f793          	andi	a5,a5,1024
20003034:	0c078863          	beqz	a5,20003104 <__sfvwrite_r+0x334>
20003038:	00060593          	mv	a1,a2
2000303c:	00098513          	mv	a0,s3
20003040:	d4cfe0ef          	jal	2000158c <_malloc_r>
20003044:	00050d13          	mv	s10,a0
20003048:	02051c63          	bnez	a0,20003080 <__sfvwrite_r+0x2b0>
2000304c:	00c00793          	li	a5,12
20003050:	00f9a023          	sw	a5,0(s3)
20003054:	00c45783          	lhu	a5,12(s0)
20003058:	0407e793          	ori	a5,a5,64
2000305c:	00f41623          	sh	a5,12(s0)
20003060:	f01ff06f          	j	20002f60 <__sfvwrite_r+0x190>
20003064:	80000bb7          	lui	s7,0x80000
20003068:	00000b13          	li	s6,0
2000306c:	00000493          	li	s1,0
20003070:	fffb8b93          	addi	s7,s7,-1 # 7fffffff <__stack_top+0x5fffb563>
20003074:	00300c13          	li	s8,3
20003078:	00200c93          	li	s9,2
2000307c:	f61ff06f          	j	20002fdc <__sfvwrite_r+0x20c>
20003080:	01042583          	lw	a1,16(s0)
20003084:	000d8613          	mv	a2,s11
20003088:	d1dfe0ef          	jal	20001da4 <memcpy>
2000308c:	00c45783          	lhu	a5,12(s0)
20003090:	b7f7f793          	andi	a5,a5,-1153
20003094:	0807e793          	ori	a5,a5,128
20003098:	00f41623          	sh	a5,12(s0)
2000309c:	01a42823          	sw	s10,16(s0)
200030a0:	01242a23          	sw	s2,20(s0)
200030a4:	01bd0d33          	add	s10,s10,s11
200030a8:	41b90933          	sub	s2,s2,s11
200030ac:	01a42023          	sw	s10,0(s0)
200030b0:	01242423          	sw	s2,8(s0)
200030b4:	00048d13          	mv	s10,s1
200030b8:	00048913          	mv	s2,s1
200030bc:	00048d93          	mv	s11,s1
200030c0:	00042503          	lw	a0,0(s0)
200030c4:	000d8613          	mv	a2,s11
200030c8:	000b0593          	mv	a1,s6
200030cc:	025000ef          	jal	200038f0 <memmove>
200030d0:	00842783          	lw	a5,8(s0)
200030d4:	41a787b3          	sub	a5,a5,s10
200030d8:	00f42423          	sw	a5,8(s0)
200030dc:	00042783          	lw	a5,0(s0)
200030e0:	01b787b3          	add	a5,a5,s11
200030e4:	00f42023          	sw	a5,0(s0)
200030e8:	008aa783          	lw	a5,8(s5)
200030ec:	412787b3          	sub	a5,a5,s2
200030f0:	00faa423          	sw	a5,8(s5)
200030f4:	ce0786e3          	beqz	a5,20002de0 <__sfvwrite_r+0x10>
200030f8:	012b0b33          	add	s6,s6,s2
200030fc:	412484b3          	sub	s1,s1,s2
20003100:	eddff06f          	j	20002fdc <__sfvwrite_r+0x20c>
20003104:	00098513          	mv	a0,s3
20003108:	041000ef          	jal	20003948 <_realloc_r>
2000310c:	00050d13          	mv	s10,a0
20003110:	f80516e3          	bnez	a0,2000309c <__sfvwrite_r+0x2cc>
20003114:	01042583          	lw	a1,16(s0)
20003118:	00098513          	mv	a0,s3
2000311c:	cadfe0ef          	jal	20001dc8 <_free_r>
20003120:	00c45783          	lhu	a5,12(s0)
20003124:	f7f7f793          	andi	a5,a5,-129
20003128:	00f41623          	sh	a5,12(s0)
2000312c:	f21ff06f          	j	2000304c <__sfvwrite_r+0x27c>
20003130:	00048d13          	mv	s10,s1
20003134:	f85ff06f          	j	200030b8 <__sfvwrite_r+0x2e8>
20003138:	00048913          	mv	s2,s1
2000313c:	f85ff06f          	j	200030c0 <__sfvwrite_r+0x2f0>
20003140:	01042783          	lw	a5,16(s0)
20003144:	00a7e663          	bltu	a5,a0,20003150 <__sfvwrite_r+0x380>
20003148:	01442683          	lw	a3,20(s0)
2000314c:	04d4f663          	bgeu	s1,a3,20003198 <__sfvwrite_r+0x3c8>
20003150:	000d0913          	mv	s2,s10
20003154:	01a4f463          	bgeu	s1,s10,2000315c <__sfvwrite_r+0x38c>
20003158:	00048913          	mv	s2,s1
2000315c:	00090613          	mv	a2,s2
20003160:	000b0593          	mv	a1,s6
20003164:	78c000ef          	jal	200038f0 <memmove>
20003168:	00842783          	lw	a5,8(s0)
2000316c:	00042703          	lw	a4,0(s0)
20003170:	412787b3          	sub	a5,a5,s2
20003174:	01270733          	add	a4,a4,s2
20003178:	00f42423          	sw	a5,8(s0)
2000317c:	00e42023          	sw	a4,0(s0)
20003180:	f60794e3          	bnez	a5,200030e8 <__sfvwrite_r+0x318>
20003184:	00040593          	mv	a1,s0
20003188:	00098513          	mv	a0,s3
2000318c:	8c1ff0ef          	jal	20002a4c <_fflush_r>
20003190:	f4050ce3          	beqz	a0,200030e8 <__sfvwrite_r+0x318>
20003194:	ec1ff06f          	j	20003054 <__sfvwrite_r+0x284>
20003198:	00048793          	mv	a5,s1
2000319c:	009bf463          	bgeu	s7,s1,200031a4 <__sfvwrite_r+0x3d4>
200031a0:	000b8793          	mv	a5,s7
200031a4:	02d7c7b3          	div	a5,a5,a3
200031a8:	02842703          	lw	a4,40(s0)
200031ac:	02042583          	lw	a1,32(s0)
200031b0:	000b0613          	mv	a2,s6
200031b4:	00098513          	mv	a0,s3
200031b8:	02d786b3          	mul	a3,a5,a3
200031bc:	000700e7          	jalr	a4
200031c0:	00050913          	mv	s2,a0
200031c4:	f2a042e3          	bgtz	a0,200030e8 <__sfvwrite_r+0x318>
200031c8:	e8dff06f          	j	20003054 <__sfvwrite_r+0x284>
200031cc:	000a2b03          	lw	s6,0(s4)
200031d0:	004a2903          	lw	s2,4(s4)
200031d4:	00000513          	li	a0,0
200031d8:	008a0a13          	addi	s4,s4,8
200031dc:	cc5ff06f          	j	20002ea0 <__sfvwrite_r+0xd0>
200031e0:	02dc4263          	blt	s8,a3,20003204 <__sfvwrite_r+0x434>
200031e4:	02842783          	lw	a5,40(s0)
200031e8:	02042583          	lw	a1,32(s0)
200031ec:	000b0613          	mv	a2,s6
200031f0:	00098513          	mv	a0,s3
200031f4:	000780e7          	jalr	a5
200031f8:	00050493          	mv	s1,a0
200031fc:	d0a04ee3          	bgtz	a0,20002f18 <__sfvwrite_r+0x148>
20003200:	e55ff06f          	j	20003054 <__sfvwrite_r+0x284>
20003204:	000c0613          	mv	a2,s8
20003208:	000b0593          	mv	a1,s6
2000320c:	6e4000ef          	jal	200038f0 <memmove>
20003210:	00842783          	lw	a5,8(s0)
20003214:	000c0493          	mv	s1,s8
20003218:	418787b3          	sub	a5,a5,s8
2000321c:	00f42423          	sw	a5,8(s0)
20003220:	00042783          	lw	a5,0(s0)
20003224:	018787b3          	add	a5,a5,s8
20003228:	00f42023          	sw	a5,0(s0)
2000322c:	cedff06f          	j	20002f18 <__sfvwrite_r+0x148>

20003230 <_fwalk_sglue>:
20003230:	fd010113          	addi	sp,sp,-48
20003234:	02812423          	sw	s0,40(sp)
20003238:	03212023          	sw	s2,32(sp)
2000323c:	01312e23          	sw	s3,28(sp)
20003240:	01412c23          	sw	s4,24(sp)
20003244:	01512a23          	sw	s5,20(sp)
20003248:	02112623          	sw	ra,44(sp)
2000324c:	02912223          	sw	s1,36(sp)
20003250:	00050a13          	mv	s4,a0
20003254:	00058a93          	mv	s5,a1
20003258:	00000413          	li	s0,0
2000325c:	00100913          	li	s2,1
20003260:	fff00993          	li	s3,-1
20003264:	00862583          	lw	a1,8(a2)
20003268:	00462483          	lw	s1,4(a2)
2000326c:	fff48493          	addi	s1,s1,-1
20003270:	0204da63          	bgez	s1,200032a4 <_fwalk_sglue+0x74>
20003274:	00062603          	lw	a2,0(a2)
20003278:	fe0616e3          	bnez	a2,20003264 <_fwalk_sglue+0x34>
2000327c:	02c12083          	lw	ra,44(sp)
20003280:	00040513          	mv	a0,s0
20003284:	02812403          	lw	s0,40(sp)
20003288:	02412483          	lw	s1,36(sp)
2000328c:	02012903          	lw	s2,32(sp)
20003290:	01c12983          	lw	s3,28(sp)
20003294:	01812a03          	lw	s4,24(sp)
20003298:	01412a83          	lw	s5,20(sp)
2000329c:	03010113          	addi	sp,sp,48
200032a0:	00008067          	ret
200032a4:	00c5d783          	lhu	a5,12(a1)
200032a8:	02f97463          	bgeu	s2,a5,200032d0 <_fwalk_sglue+0xa0>
200032ac:	00e59783          	lh	a5,14(a1)
200032b0:	03378063          	beq	a5,s3,200032d0 <_fwalk_sglue+0xa0>
200032b4:	000a0513          	mv	a0,s4
200032b8:	00c12623          	sw	a2,12(sp)
200032bc:	00b12423          	sw	a1,8(sp)
200032c0:	000a80e7          	jalr	s5
200032c4:	00c12603          	lw	a2,12(sp)
200032c8:	00812583          	lw	a1,8(sp)
200032cc:	00a46433          	or	s0,s0,a0
200032d0:	06858593          	addi	a1,a1,104
200032d4:	f99ff06f          	j	2000326c <_fwalk_sglue+0x3c>

200032d8 <__swhatbuf_r>:
200032d8:	f8010113          	addi	sp,sp,-128
200032dc:	06812c23          	sw	s0,120(sp)
200032e0:	00058413          	mv	s0,a1
200032e4:	00e59583          	lh	a1,14(a1)
200032e8:	06912a23          	sw	s1,116(sp)
200032ec:	06112e23          	sw	ra,124(sp)
200032f0:	00060493          	mv	s1,a2
200032f4:	0205da63          	bgez	a1,20003328 <__swhatbuf_r+0x50>
200032f8:	00c45783          	lhu	a5,12(s0)
200032fc:	0807f793          	andi	a5,a5,128
20003300:	04079c63          	bnez	a5,20003358 <__swhatbuf_r+0x80>
20003304:	40000713          	li	a4,1024
20003308:	07c12083          	lw	ra,124(sp)
2000330c:	07812403          	lw	s0,120(sp)
20003310:	00f6a023          	sw	a5,0(a3)
20003314:	00e4a023          	sw	a4,0(s1)
20003318:	00000513          	li	a0,0
2000331c:	07412483          	lw	s1,116(sp)
20003320:	08010113          	addi	sp,sp,128
20003324:	00008067          	ret
20003328:	01810613          	addi	a2,sp,24
2000332c:	00d12623          	sw	a3,12(sp)
20003330:	428000ef          	jal	20003758 <_fstat_r>
20003334:	00c12683          	lw	a3,12(sp)
20003338:	fc0540e3          	bltz	a0,200032f8 <__swhatbuf_r+0x20>
2000333c:	01c12783          	lw	a5,28(sp)
20003340:	0000f737          	lui	a4,0xf
20003344:	00e7f7b3          	and	a5,a5,a4
20003348:	ffffe737          	lui	a4,0xffffe
2000334c:	00e787b3          	add	a5,a5,a4
20003350:	0017b793          	seqz	a5,a5
20003354:	fb1ff06f          	j	20003304 <__swhatbuf_r+0x2c>
20003358:	00000793          	li	a5,0
2000335c:	04000713          	li	a4,64
20003360:	fa9ff06f          	j	20003308 <__swhatbuf_r+0x30>

20003364 <__smakebuf_r>:
20003364:	00c5d703          	lhu	a4,12(a1)
20003368:	fd010113          	addi	sp,sp,-48
2000336c:	02812423          	sw	s0,40(sp)
20003370:	02112623          	sw	ra,44(sp)
20003374:	02912223          	sw	s1,36(sp)
20003378:	00277713          	andi	a4,a4,2
2000337c:	00058413          	mv	s0,a1
20003380:	02070663          	beqz	a4,200033ac <__smakebuf_r+0x48>
20003384:	04740793          	addi	a5,s0,71
20003388:	00f42023          	sw	a5,0(s0)
2000338c:	00f42823          	sw	a5,16(s0)
20003390:	00100793          	li	a5,1
20003394:	00f42a23          	sw	a5,20(s0)
20003398:	02c12083          	lw	ra,44(sp)
2000339c:	02812403          	lw	s0,40(sp)
200033a0:	02412483          	lw	s1,36(sp)
200033a4:	03010113          	addi	sp,sp,48
200033a8:	00008067          	ret
200033ac:	01c10693          	addi	a3,sp,28
200033b0:	01810613          	addi	a2,sp,24
200033b4:	00050493          	mv	s1,a0
200033b8:	f21ff0ef          	jal	200032d8 <__swhatbuf_r>
200033bc:	01812583          	lw	a1,24(sp)
200033c0:	00048513          	mv	a0,s1
200033c4:	00b12623          	sw	a1,12(sp)
200033c8:	9c4fe0ef          	jal	2000158c <_malloc_r>
200033cc:	00c41783          	lh	a5,12(s0)
200033d0:	00c12583          	lw	a1,12(sp)
200033d4:	00051e63          	bnez	a0,200033f0 <__smakebuf_r+0x8c>
200033d8:	2007f713          	andi	a4,a5,512
200033dc:	fa071ee3          	bnez	a4,20003398 <__smakebuf_r+0x34>
200033e0:	ffc7f793          	andi	a5,a5,-4
200033e4:	0027e793          	ori	a5,a5,2
200033e8:	00f41623          	sh	a5,12(s0)
200033ec:	f99ff06f          	j	20003384 <__smakebuf_r+0x20>
200033f0:	0807e793          	ori	a5,a5,128
200033f4:	00f41623          	sh	a5,12(s0)
200033f8:	01c12783          	lw	a5,28(sp)
200033fc:	00a42023          	sw	a0,0(s0)
20003400:	00a42823          	sw	a0,16(s0)
20003404:	00b42a23          	sw	a1,20(s0)
20003408:	f80788e3          	beqz	a5,20003398 <__smakebuf_r+0x34>
2000340c:	00e41583          	lh	a1,14(s0)
20003410:	00048513          	mv	a0,s1
20003414:	394000ef          	jal	200037a8 <_isatty_r>
20003418:	f80500e3          	beqz	a0,20003398 <__smakebuf_r+0x34>
2000341c:	00c45783          	lhu	a5,12(s0)
20003420:	ffc7f793          	andi	a5,a5,-4
20003424:	0017e793          	ori	a5,a5,1
20003428:	00f41623          	sh	a5,12(s0)
2000342c:	f6dff06f          	j	20003398 <__smakebuf_r+0x34>

20003430 <__sread>:
20003430:	ff010113          	addi	sp,sp,-16
20003434:	00812423          	sw	s0,8(sp)
20003438:	00058413          	mv	s0,a1
2000343c:	00e59583          	lh	a1,14(a1)
20003440:	00112623          	sw	ra,12(sp)
20003444:	404000ef          	jal	20003848 <_read_r>
20003448:	02054063          	bltz	a0,20003468 <__sread+0x38>
2000344c:	05442783          	lw	a5,84(s0)
20003450:	00a787b3          	add	a5,a5,a0
20003454:	04f42a23          	sw	a5,84(s0)
20003458:	00c12083          	lw	ra,12(sp)
2000345c:	00812403          	lw	s0,8(sp)
20003460:	01010113          	addi	sp,sp,16
20003464:	00008067          	ret
20003468:	00c45783          	lhu	a5,12(s0)
2000346c:	fffff737          	lui	a4,0xfffff
20003470:	fff70713          	addi	a4,a4,-1 # ffffefff <__stack_top+0xdfffa563>
20003474:	00e7f7b3          	and	a5,a5,a4
20003478:	00f41623          	sh	a5,12(s0)
2000347c:	fddff06f          	j	20003458 <__sread+0x28>

20003480 <__seofread>:
20003480:	00000513          	li	a0,0
20003484:	00008067          	ret

20003488 <__swrite>:
20003488:	00c5d783          	lhu	a5,12(a1)
2000348c:	fe010113          	addi	sp,sp,-32
20003490:	00812c23          	sw	s0,24(sp)
20003494:	00912a23          	sw	s1,20(sp)
20003498:	01212823          	sw	s2,16(sp)
2000349c:	01312623          	sw	s3,12(sp)
200034a0:	00112e23          	sw	ra,28(sp)
200034a4:	1007f793          	andi	a5,a5,256
200034a8:	00050493          	mv	s1,a0
200034ac:	00058413          	mv	s0,a1
200034b0:	00060913          	mv	s2,a2
200034b4:	00068993          	mv	s3,a3
200034b8:	00078a63          	beqz	a5,200034cc <__swrite+0x44>
200034bc:	00e59583          	lh	a1,14(a1)
200034c0:	00200693          	li	a3,2
200034c4:	00000613          	li	a2,0
200034c8:	32c000ef          	jal	200037f4 <_lseek_r>
200034cc:	00c45783          	lhu	a5,12(s0)
200034d0:	fffff737          	lui	a4,0xfffff
200034d4:	fff70713          	addi	a4,a4,-1 # ffffefff <__stack_top+0xdfffa563>
200034d8:	00e7f7b3          	and	a5,a5,a4
200034dc:	00e41583          	lh	a1,14(s0)
200034e0:	00f41623          	sh	a5,12(s0)
200034e4:	01812403          	lw	s0,24(sp)
200034e8:	01c12083          	lw	ra,28(sp)
200034ec:	00098693          	mv	a3,s3
200034f0:	00090613          	mv	a2,s2
200034f4:	00c12983          	lw	s3,12(sp)
200034f8:	01012903          	lw	s2,16(sp)
200034fc:	00048513          	mv	a0,s1
20003500:	01412483          	lw	s1,20(sp)
20003504:	02010113          	addi	sp,sp,32
20003508:	3940006f          	j	2000389c <_write_r>

2000350c <__sseek>:
2000350c:	ff010113          	addi	sp,sp,-16
20003510:	00812423          	sw	s0,8(sp)
20003514:	00058413          	mv	s0,a1
20003518:	00e59583          	lh	a1,14(a1)
2000351c:	00112623          	sw	ra,12(sp)
20003520:	2d4000ef          	jal	200037f4 <_lseek_r>
20003524:	fff00713          	li	a4,-1
20003528:	00c41783          	lh	a5,12(s0)
2000352c:	02e51263          	bne	a0,a4,20003550 <__sseek+0x44>
20003530:	80050713          	addi	a4,a0,-2048
20003534:	80070713          	addi	a4,a4,-2048
20003538:	00e7f7b3          	and	a5,a5,a4
2000353c:	00f41623          	sh	a5,12(s0)
20003540:	00c12083          	lw	ra,12(sp)
20003544:	00812403          	lw	s0,8(sp)
20003548:	01010113          	addi	sp,sp,16
2000354c:	00008067          	ret
20003550:	00001737          	lui	a4,0x1
20003554:	00e7e7b3          	or	a5,a5,a4
20003558:	00f41623          	sh	a5,12(s0)
2000355c:	04a42a23          	sw	a0,84(s0)
20003560:	fe1ff06f          	j	20003540 <__sseek+0x34>

20003564 <__sclose>:
20003564:	00e59583          	lh	a1,14(a1)
20003568:	0280006f          	j	20003590 <_close_r>

2000356c <memchr>:
2000356c:	0ff5f593          	zext.b	a1,a1
20003570:	00c50633          	add	a2,a0,a2
20003574:	00c51663          	bne	a0,a2,20003580 <memchr+0x14>
20003578:	00000513          	li	a0,0
2000357c:	00008067          	ret
20003580:	00054783          	lbu	a5,0(a0)
20003584:	feb78ce3          	beq	a5,a1,2000357c <memchr+0x10>
20003588:	00150513          	addi	a0,a0,1
2000358c:	fe9ff06f          	j	20003574 <memchr+0x8>

20003590 <_close_r>:
20003590:	ff010113          	addi	sp,sp,-16
20003594:	00812423          	sw	s0,8(sp)
20003598:	00912223          	sw	s1,4(sp)
2000359c:	20004437          	lui	s0,0x20004
200035a0:	00050493          	mv	s1,a0
200035a4:	00058513          	mv	a0,a1
200035a8:	00112623          	sw	ra,12(sp)
200035ac:	e8042c23          	sw	zero,-360(s0) # 20003e98 <errno>
200035b0:	cf8fd0ef          	jal	20000aa8 <_close>
200035b4:	fff00793          	li	a5,-1
200035b8:	00f51863          	bne	a0,a5,200035c8 <_close_r+0x38>
200035bc:	e9842783          	lw	a5,-360(s0)
200035c0:	00078463          	beqz	a5,200035c8 <_close_r+0x38>
200035c4:	00f4a023          	sw	a5,0(s1)
200035c8:	00c12083          	lw	ra,12(sp)
200035cc:	00812403          	lw	s0,8(sp)
200035d0:	00412483          	lw	s1,4(sp)
200035d4:	01010113          	addi	sp,sp,16
200035d8:	00008067          	ret

200035dc <_reclaim_reent>:
200035dc:	200047b7          	lui	a5,0x20004
200035e0:	d407a783          	lw	a5,-704(a5) # 20003d40 <_impure_ptr>
200035e4:	16a78863          	beq	a5,a0,20003754 <_reclaim_reent+0x178>
200035e8:	01c52783          	lw	a5,28(a0)
200035ec:	fe010113          	addi	sp,sp,-32
200035f0:	00812c23          	sw	s0,24(sp)
200035f4:	00112e23          	sw	ra,28(sp)
200035f8:	00912a23          	sw	s1,20(sp)
200035fc:	01212823          	sw	s2,16(sp)
20003600:	01312623          	sw	s3,12(sp)
20003604:	00050413          	mv	s0,a0
20003608:	08078463          	beqz	a5,20003690 <_reclaim_reent+0xb4>
2000360c:	00c7a783          	lw	a5,12(a5)
20003610:	02078c63          	beqz	a5,20003648 <_reclaim_reent+0x6c>
20003614:	00000493          	li	s1,0
20003618:	08000913          	li	s2,128
2000361c:	01c42783          	lw	a5,28(s0)
20003620:	00c7a783          	lw	a5,12(a5)
20003624:	009787b3          	add	a5,a5,s1
20003628:	0007a583          	lw	a1,0(a5)
2000362c:	04059863          	bnez	a1,2000367c <_reclaim_reent+0xa0>
20003630:	00448493          	addi	s1,s1,4
20003634:	ff2494e3          	bne	s1,s2,2000361c <_reclaim_reent+0x40>
20003638:	01c42783          	lw	a5,28(s0)
2000363c:	00040513          	mv	a0,s0
20003640:	00c7a583          	lw	a1,12(a5)
20003644:	f84fe0ef          	jal	20001dc8 <_free_r>
20003648:	01c42783          	lw	a5,28(s0)
2000364c:	0007a583          	lw	a1,0(a5)
20003650:	00058663          	beqz	a1,2000365c <_reclaim_reent+0x80>
20003654:	00040513          	mv	a0,s0
20003658:	f70fe0ef          	jal	20001dc8 <_free_r>
2000365c:	01c42783          	lw	a5,28(s0)
20003660:	0087a483          	lw	s1,8(a5)
20003664:	02048663          	beqz	s1,20003690 <_reclaim_reent+0xb4>
20003668:	00048593          	mv	a1,s1
2000366c:	00040513          	mv	a0,s0
20003670:	0004a483          	lw	s1,0(s1)
20003674:	f54fe0ef          	jal	20001dc8 <_free_r>
20003678:	fedff06f          	j	20003664 <_reclaim_reent+0x88>
2000367c:	0005a983          	lw	s3,0(a1)
20003680:	00040513          	mv	a0,s0
20003684:	f44fe0ef          	jal	20001dc8 <_free_r>
20003688:	00098593          	mv	a1,s3
2000368c:	fa1ff06f          	j	2000362c <_reclaim_reent+0x50>
20003690:	01442583          	lw	a1,20(s0)
20003694:	00058663          	beqz	a1,200036a0 <_reclaim_reent+0xc4>
20003698:	00040513          	mv	a0,s0
2000369c:	f2cfe0ef          	jal	20001dc8 <_free_r>
200036a0:	01c42583          	lw	a1,28(s0)
200036a4:	00058663          	beqz	a1,200036b0 <_reclaim_reent+0xd4>
200036a8:	00040513          	mv	a0,s0
200036ac:	f1cfe0ef          	jal	20001dc8 <_free_r>
200036b0:	03042583          	lw	a1,48(s0)
200036b4:	00058663          	beqz	a1,200036c0 <_reclaim_reent+0xe4>
200036b8:	00040513          	mv	a0,s0
200036bc:	f0cfe0ef          	jal	20001dc8 <_free_r>
200036c0:	03442583          	lw	a1,52(s0)
200036c4:	00058663          	beqz	a1,200036d0 <_reclaim_reent+0xf4>
200036c8:	00040513          	mv	a0,s0
200036cc:	efcfe0ef          	jal	20001dc8 <_free_r>
200036d0:	03842583          	lw	a1,56(s0)
200036d4:	00058663          	beqz	a1,200036e0 <_reclaim_reent+0x104>
200036d8:	00040513          	mv	a0,s0
200036dc:	eecfe0ef          	jal	20001dc8 <_free_r>
200036e0:	04842583          	lw	a1,72(s0)
200036e4:	00058663          	beqz	a1,200036f0 <_reclaim_reent+0x114>
200036e8:	00040513          	mv	a0,s0
200036ec:	edcfe0ef          	jal	20001dc8 <_free_r>
200036f0:	04442583          	lw	a1,68(s0)
200036f4:	00058663          	beqz	a1,20003700 <_reclaim_reent+0x124>
200036f8:	00040513          	mv	a0,s0
200036fc:	eccfe0ef          	jal	20001dc8 <_free_r>
20003700:	02c42583          	lw	a1,44(s0)
20003704:	00058663          	beqz	a1,20003710 <_reclaim_reent+0x134>
20003708:	00040513          	mv	a0,s0
2000370c:	ebcfe0ef          	jal	20001dc8 <_free_r>
20003710:	02042783          	lw	a5,32(s0)
20003714:	02078263          	beqz	a5,20003738 <_reclaim_reent+0x15c>
20003718:	00040513          	mv	a0,s0
2000371c:	01812403          	lw	s0,24(sp)
20003720:	01c12083          	lw	ra,28(sp)
20003724:	01412483          	lw	s1,20(sp)
20003728:	01012903          	lw	s2,16(sp)
2000372c:	00c12983          	lw	s3,12(sp)
20003730:	02010113          	addi	sp,sp,32
20003734:	00078067          	jr	a5
20003738:	01c12083          	lw	ra,28(sp)
2000373c:	01812403          	lw	s0,24(sp)
20003740:	01412483          	lw	s1,20(sp)
20003744:	01012903          	lw	s2,16(sp)
20003748:	00c12983          	lw	s3,12(sp)
2000374c:	02010113          	addi	sp,sp,32
20003750:	00008067          	ret
20003754:	00008067          	ret

20003758 <_fstat_r>:
20003758:	ff010113          	addi	sp,sp,-16
2000375c:	00812423          	sw	s0,8(sp)
20003760:	00912223          	sw	s1,4(sp)
20003764:	20004437          	lui	s0,0x20004
20003768:	00050493          	mv	s1,a0
2000376c:	00058513          	mv	a0,a1
20003770:	00060593          	mv	a1,a2
20003774:	00112623          	sw	ra,12(sp)
20003778:	e8042c23          	sw	zero,-360(s0) # 20003e98 <errno>
2000377c:	b8cfd0ef          	jal	20000b08 <_fstat>
20003780:	fff00793          	li	a5,-1
20003784:	00f51863          	bne	a0,a5,20003794 <_fstat_r+0x3c>
20003788:	e9842783          	lw	a5,-360(s0)
2000378c:	00078463          	beqz	a5,20003794 <_fstat_r+0x3c>
20003790:	00f4a023          	sw	a5,0(s1)
20003794:	00c12083          	lw	ra,12(sp)
20003798:	00812403          	lw	s0,8(sp)
2000379c:	00412483          	lw	s1,4(sp)
200037a0:	01010113          	addi	sp,sp,16
200037a4:	00008067          	ret

200037a8 <_isatty_r>:
200037a8:	ff010113          	addi	sp,sp,-16
200037ac:	00812423          	sw	s0,8(sp)
200037b0:	00912223          	sw	s1,4(sp)
200037b4:	20004437          	lui	s0,0x20004
200037b8:	00050493          	mv	s1,a0
200037bc:	00058513          	mv	a0,a1
200037c0:	00112623          	sw	ra,12(sp)
200037c4:	e8042c23          	sw	zero,-360(s0) # 20003e98 <errno>
200037c8:	bb0fd0ef          	jal	20000b78 <_isatty>
200037cc:	fff00793          	li	a5,-1
200037d0:	00f51863          	bne	a0,a5,200037e0 <_isatty_r+0x38>
200037d4:	e9842783          	lw	a5,-360(s0)
200037d8:	00078463          	beqz	a5,200037e0 <_isatty_r+0x38>
200037dc:	00f4a023          	sw	a5,0(s1)
200037e0:	00c12083          	lw	ra,12(sp)
200037e4:	00812403          	lw	s0,8(sp)
200037e8:	00412483          	lw	s1,4(sp)
200037ec:	01010113          	addi	sp,sp,16
200037f0:	00008067          	ret

200037f4 <_lseek_r>:
200037f4:	ff010113          	addi	sp,sp,-16
200037f8:	00812423          	sw	s0,8(sp)
200037fc:	00912223          	sw	s1,4(sp)
20003800:	20004437          	lui	s0,0x20004
20003804:	00050493          	mv	s1,a0
20003808:	00058513          	mv	a0,a1
2000380c:	00060593          	mv	a1,a2
20003810:	00068613          	mv	a2,a3
20003814:	00112623          	sw	ra,12(sp)
20003818:	e8042c23          	sw	zero,-360(s0) # 20003e98 <errno>
2000381c:	b28fd0ef          	jal	20000b44 <_lseek>
20003820:	fff00793          	li	a5,-1
20003824:	00f51863          	bne	a0,a5,20003834 <_lseek_r+0x40>
20003828:	e9842783          	lw	a5,-360(s0)
2000382c:	00078463          	beqz	a5,20003834 <_lseek_r+0x40>
20003830:	00f4a023          	sw	a5,0(s1)
20003834:	00c12083          	lw	ra,12(sp)
20003838:	00812403          	lw	s0,8(sp)
2000383c:	00412483          	lw	s1,4(sp)
20003840:	01010113          	addi	sp,sp,16
20003844:	00008067          	ret

20003848 <_read_r>:
20003848:	ff010113          	addi	sp,sp,-16
2000384c:	00812423          	sw	s0,8(sp)
20003850:	00912223          	sw	s1,4(sp)
20003854:	20004437          	lui	s0,0x20004
20003858:	00050493          	mv	s1,a0
2000385c:	00058513          	mv	a0,a1
20003860:	00060593          	mv	a1,a2
20003864:	00068613          	mv	a2,a3
20003868:	00112623          	sw	ra,12(sp)
2000386c:	e8042c23          	sw	zero,-360(s0) # 20003e98 <errno>
20003870:	b9cfd0ef          	jal	20000c0c <_read>
20003874:	fff00793          	li	a5,-1
20003878:	00f51863          	bne	a0,a5,20003888 <_read_r+0x40>
2000387c:	e9842783          	lw	a5,-360(s0)
20003880:	00078463          	beqz	a5,20003888 <_read_r+0x40>
20003884:	00f4a023          	sw	a5,0(s1)
20003888:	00c12083          	lw	ra,12(sp)
2000388c:	00812403          	lw	s0,8(sp)
20003890:	00412483          	lw	s1,4(sp)
20003894:	01010113          	addi	sp,sp,16
20003898:	00008067          	ret

2000389c <_write_r>:
2000389c:	ff010113          	addi	sp,sp,-16
200038a0:	00812423          	sw	s0,8(sp)
200038a4:	00912223          	sw	s1,4(sp)
200038a8:	20004437          	lui	s0,0x20004
200038ac:	00050493          	mv	s1,a0
200038b0:	00058513          	mv	a0,a1
200038b4:	00060593          	mv	a1,a2
200038b8:	00068613          	mv	a2,a3
200038bc:	00112623          	sw	ra,12(sp)
200038c0:	e8042c23          	sw	zero,-360(s0) # 20003e98 <errno>
200038c4:	ae0fd0ef          	jal	20000ba4 <_write>
200038c8:	fff00793          	li	a5,-1
200038cc:	00f51863          	bne	a0,a5,200038dc <_write_r+0x40>
200038d0:	e9842783          	lw	a5,-360(s0)
200038d4:	00078463          	beqz	a5,200038dc <_write_r+0x40>
200038d8:	00f4a023          	sw	a5,0(s1)
200038dc:	00c12083          	lw	ra,12(sp)
200038e0:	00812403          	lw	s0,8(sp)
200038e4:	00412483          	lw	s1,4(sp)
200038e8:	01010113          	addi	sp,sp,16
200038ec:	00008067          	ret

200038f0 <memmove>:
200038f0:	02060c63          	beqz	a2,20003928 <memmove+0x38>
200038f4:	00050313          	mv	t1,a0
200038f8:	00100693          	li	a3,1
200038fc:	00b56a63          	bltu	a0,a1,20003910 <memmove+0x20>
20003900:	fff00693          	li	a3,-1
20003904:	fff60713          	addi	a4,a2,-1
20003908:	00e30333          	add	t1,t1,a4
2000390c:	00e585b3          	add	a1,a1,a4
20003910:	00058383          	lb	t2,0(a1)
20003914:	00730023          	sb	t2,0(t1)
20003918:	fff60613          	addi	a2,a2,-1
2000391c:	00d30333          	add	t1,t1,a3
20003920:	00d585b3          	add	a1,a1,a3
20003924:	fe0616e3          	bnez	a2,20003910 <memmove+0x20>
20003928:	00008067          	ret

2000392c <memset>:
2000392c:	00050313          	mv	t1,a0
20003930:	00060a63          	beqz	a2,20003944 <memset+0x18>
20003934:	00b30023          	sb	a1,0(t1)
20003938:	fff60613          	addi	a2,a2,-1
2000393c:	00130313          	addi	t1,t1,1
20003940:	fe061ae3          	bnez	a2,20003934 <memset+0x8>
20003944:	00008067          	ret

20003948 <_realloc_r>:
20003948:	00059663          	bnez	a1,20003954 <_realloc_r+0xc>
2000394c:	00060593          	mv	a1,a2
20003950:	c3dfd06f          	j	2000158c <_malloc_r>
20003954:	fe010113          	addi	sp,sp,-32
20003958:	00812c23          	sw	s0,24(sp)
2000395c:	01412423          	sw	s4,8(sp)
20003960:	00112e23          	sw	ra,28(sp)
20003964:	00912a23          	sw	s1,20(sp)
20003968:	01212823          	sw	s2,16(sp)
2000396c:	01312623          	sw	s3,12(sp)
20003970:	00060413          	mv	s0,a2
20003974:	00050a13          	mv	s4,a0
20003978:	02061863          	bnez	a2,200039a8 <_realloc_r+0x60>
2000397c:	c4cfe0ef          	jal	20001dc8 <_free_r>
20003980:	00000493          	li	s1,0
20003984:	01c12083          	lw	ra,28(sp)
20003988:	01812403          	lw	s0,24(sp)
2000398c:	01012903          	lw	s2,16(sp)
20003990:	00c12983          	lw	s3,12(sp)
20003994:	00812a03          	lw	s4,8(sp)
20003998:	00048513          	mv	a0,s1
2000399c:	01412483          	lw	s1,20(sp)
200039a0:	02010113          	addi	sp,sp,32
200039a4:	00008067          	ret
200039a8:	00058493          	mv	s1,a1
200039ac:	058000ef          	jal	20003a04 <_malloc_usable_size_r>
200039b0:	00050913          	mv	s2,a0
200039b4:	00856663          	bltu	a0,s0,200039c0 <_realloc_r+0x78>
200039b8:	00155793          	srli	a5,a0,0x1
200039bc:	fc87e4e3          	bltu	a5,s0,20003984 <_realloc_r+0x3c>
200039c0:	00040593          	mv	a1,s0
200039c4:	000a0513          	mv	a0,s4
200039c8:	bc5fd0ef          	jal	2000158c <_malloc_r>
200039cc:	00050993          	mv	s3,a0
200039d0:	00051663          	bnez	a0,200039dc <_realloc_r+0x94>
200039d4:	00098493          	mv	s1,s3
200039d8:	fadff06f          	j	20003984 <_realloc_r+0x3c>
200039dc:	00040613          	mv	a2,s0
200039e0:	00897463          	bgeu	s2,s0,200039e8 <_realloc_r+0xa0>
200039e4:	00090613          	mv	a2,s2
200039e8:	00048593          	mv	a1,s1
200039ec:	00098513          	mv	a0,s3
200039f0:	bb4fe0ef          	jal	20001da4 <memcpy>
200039f4:	00048593          	mv	a1,s1
200039f8:	000a0513          	mv	a0,s4
200039fc:	bccfe0ef          	jal	20001dc8 <_free_r>
20003a00:	fd5ff06f          	j	200039d4 <_realloc_r+0x8c>

20003a04 <_malloc_usable_size_r>:
20003a04:	ffc5a783          	lw	a5,-4(a1)
20003a08:	ffc78513          	addi	a0,a5,-4
20003a0c:	0007d863          	bgez	a5,20003a1c <_malloc_usable_size_r+0x18>
20003a10:	00a585b3          	add	a1,a1,a0
20003a14:	0005a783          	lw	a5,0(a1)
20003a18:	00f50533          	add	a0,a0,a5
20003a1c:	00008067          	ret
20003a20:	6942                	.insn	2, 0x6942
20003a22:	7472                	.insn	2, 0x7472
20003a24:	2061                	.insn	2, 0x2061
20003a26:	6945                	.insn	2, 0x6945
20003a28:	6972                	.insn	2, 0x6972
20003a2a:	6f64736b          	.insn	4, 0x6f64736b
20003a2e:	7474                	.insn	2, 0x7474
20003a30:	7269                	.insn	2, 0x7269
20003a32:	0000                	.insn	2, 0x0000
20003a34:	aa3d                	.insn	2, 0xaa3d
20003a36:	4426                	.insn	2, 0x4426
20003a38:	47ae147b          	.insn	4, 0x47ae147b
20003a3c:	7ae1                	.insn	2, 0x7ae1
20003a3e:	4004                	.insn	2, 0x4004
20003a40:	6554                	.insn	2, 0x6554
20003a42:	6e697473          	csrrci	s0,0x6e6,18
20003a46:	73612067          	.insn	4, 0x73612067
20003a4a:	6e676973          	csrrsi	s2,0x6e6,14
20003a4e:	656d                	.insn	2, 0x656d
20003a50:	746e                	.insn	2, 0x746e
20003a52:	3120                	.insn	2, 0x3120
20003a54:	2e2e                	.insn	2, 0x2e2e
20003a56:	002e                	.insn	2, 0x002e
20003a58:	4150                	.insn	2, 0x4150
20003a5a:	44455353          	.insn	4, 0x44455353
20003a5e:	0a21                	.insn	2, 0x0a21
20003a60:	0000                	.insn	2, 0x0000
20003a62:	0000                	.insn	2, 0x0000
20003a64:	6e6f7257          	.insn	4, 0x6e6f7257
20003a68:	64612067          	.insn	4, 0x64612067
20003a6c:	7264                	.insn	2, 0x7264
20003a6e:	7365                	.insn	2, 0x7365
20003a70:	73692073          	csrs	mhpmevent22h,s2
20003a74:	7220                	.insn	2, 0x7220
20003a76:	7465                	.insn	2, 0x7465
20003a78:	7275                	.insn	2, 0x7275
20003a7a:	656e                	.insn	2, 0x656e
20003a7c:	2e64                	.insn	2, 0x2e64
20003a7e:	2e2e                	.insn	2, 0x2e2e
20003a80:	0000                	.insn	2, 0x0000
20003a82:	0000                	.insn	2, 0x0000
20003a84:	4146                	.insn	2, 0x4146
20003a86:	4c49                	.insn	2, 0x4c49
20003a88:	4445                	.insn	2, 0x4445
20003a8a:	0a21                	.insn	2, 0x0a21
20003a8c:	0000                	.insn	2, 0x0000
20003a8e:	0000                	.insn	2, 0x0000
20003a90:	6e6f7257          	.insn	4, 0x6e6f7257
20003a94:	656d2067          	.insn	4, 0x656d2067
20003a98:	6f6d                	.insn	2, 0x6f6d
20003a9a:	7972                	.insn	2, 0x7972
20003a9c:	6320                	.insn	2, 0x6320
20003a9e:	65746e6f          	jal	t3,2004a8f4 <__stack_top+0x45e58>
20003aa2:	746e                	.insn	2, 0x746e
20003aa4:	6920                	.insn	2, 0x6920
20003aa6:	65722073          	csrs	hviprio2h,tp
20003aaa:	7574                	.insn	2, 0x7574
20003aac:	6e72                	.insn	2, 0x6e72
20003aae:	6465                	.insn	2, 0x6465
20003ab0:	2e2e                	.insn	2, 0x2e2e
20003ab2:	002e                	.insn	2, 0x002e
20003ab4:	500a                	.insn	2, 0x500a
20003ab6:	6f72                	.insn	2, 0x6f72
20003ab8:	6d617267          	.insn	4, 0x6d617267
20003abc:	6520                	.insn	2, 0x6520
20003abe:	6978                	.insn	2, 0x6978
20003ac0:	6574                	.insn	2, 0x6574
20003ac2:	2064                	.insn	2, 0x2064
20003ac4:	68746977          	.insn	4, 0x68746977
20003ac8:	6320                	.insn	2, 0x6320
20003aca:	2065646f          	jal	s0,20059cd0 <__stack_top+0x55234>
20003ace:	6425                	.insn	2, 0x6425
20003ad0:	000a                	.insn	2, 0x000a
	...

20003ad4 <__clz_tab>:
20003ad4:	0100 0202 0303 0303 0404 0404 0404 0404     ................
20003ae4:	0505 0505 0505 0505 0505 0505 0505 0505     ................
20003af4:	0606 0606 0606 0606 0606 0606 0606 0606     ................
20003b04:	0606 0606 0606 0606 0606 0606 0606 0606     ................
20003b14:	0707 0707 0707 0707 0707 0707 0707 0707     ................
20003b24:	0707 0707 0707 0707 0707 0707 0707 0707     ................
20003b34:	0707 0707 0707 0707 0707 0707 0707 0707     ................
20003b44:	0707 0707 0707 0707 0707 0707 0707 0707     ................
20003b54:	0808 0808 0808 0808 0808 0808 0808 0808     ................
20003b64:	0808 0808 0808 0808 0808 0808 0808 0808     ................
20003b74:	0808 0808 0808 0808 0808 0808 0808 0808     ................
20003b84:	0808 0808 0808 0808 0808 0808 0808 0808     ................
20003b94:	0808 0808 0808 0808 0808 0808 0808 0808     ................
20003ba4:	0808 0808 0808 0808 0808 0808 0808 0808     ................
20003bb4:	0808 0808 0808 0808 0808 0808 0808 0808     ................
20003bc4:	0808 0808 0808 0808 0808 0808 0808 0808     ................
20003bd4:	2d23 2b30 0020 0000 6c68 004c 6665 4567     #-0+ ...hlL.efgE
20003be4:	4746 0000 3130 3332 3534 3736 3938 4241     FG..0123456789AB
20003bf4:	4443 4645 0000 0000 3130 3332 3534 3736     CDEF....01234567
20003c04:	3938 6261 6463 6665 0000 0000 257c 2000     89abcdef....|%. 
20003c14:	259c 2000 254c 2000 254c 2000 254c 2000     .%. L%. L%. L%. 
20003c24:	254c 2000 259c 2000 254c 2000 254c 2000     L%. .%. L%. L%. 
20003c34:	254c 2000 254c 2000 2788 2000 25f4 2000     L%. L%. .'. .%. 
20003c44:	2700 2000 254c 2000 254c 2000 27d0 2000     .'. L%. L%. .'. 
20003c54:	254c 2000 25f4 2000 254c 2000 254c 2000     L%. .%. L%. L%. 
20003c64:	270c 2000                                   .'. 
