
build/exercise01.elf:     file format elf32-littleriscv


Disassembly of section .text:

20000000 <_start>:
20000000:	2001c137          	lui	sp,0x2001c
20000004:	25c010ef          	jal	20001260 <_crt_init>
20000008:	00000297          	auipc	t0,0x0
2000000c:	30428293          	addi	t0,t0,772 # 2000030c <main>
20000010:	00000097          	auipc	ra,0x0
20000014:	02008093          	addi	ra,ra,32 # 20000030 <exit>
20000018:	34129073          	csrw	mepc,t0
2000001c:	00002337          	lui	t1,0x2
20000020:	80030313          	addi	t1,t1,-2048 # 1800 <_start-0x1fffe800>
20000024:	08036313          	ori	t1,t1,128
20000028:	30031073          	csrw	mstatus,t1
2000002c:	30200073          	mret

20000030 <exit>:
20000030:	478010ef          	jal	200014a8 <_crt_deinit>
20000034:	0000006f          	j	20000034 <exit+0x4>

20000038 <swap>:
// Assignment 1: When the function returns, the value originally pointed to 
//               by `a` should be stored in the location pointed to by `b` and
//               vice versa. Implement the body of the function to achieve this.
///////////////////////////////////////////////////////////////////////////////
void swap(int32_t *a, int32_t *b)
{
20000038:	fd010113          	addi	sp,sp,-48 # 2001bfd0 <__stack_top+0x1686c>
2000003c:	02112623          	sw	ra,44(sp)
20000040:	02812423          	sw	s0,40(sp)
20000044:	03010413          	addi	s0,sp,48
20000048:	fca42e23          	sw	a0,-36(s0)
2000004c:	fcb42c23          	sw	a1,-40(s0)
    // Your code here
#if SOLUTION
    int32_t temp = *a;
20000050:	fdc42783          	lw	a5,-36(s0)
20000054:	0007a783          	lw	a5,0(a5)
20000058:	fef42623          	sw	a5,-20(s0)
    *a = *b;
2000005c:	fd842783          	lw	a5,-40(s0)
20000060:	0007a703          	lw	a4,0(a5)
20000064:	fdc42783          	lw	a5,-36(s0)
20000068:	00e7a023          	sw	a4,0(a5)
    *b = temp;
2000006c:	fd842783          	lw	a5,-40(s0)
20000070:	fec42703          	lw	a4,-20(s0)
20000074:	00e7a023          	sw	a4,0(a5)
#endif    
}
20000078:	00000013          	nop
2000007c:	02c12083          	lw	ra,44(sp)
20000080:	02812403          	lw	s0,40(sp)
20000084:	03010113          	addi	sp,sp,48
20000088:	00008067          	ret

2000008c <swap2>:
//               address `address_to_a` should be stored at the address
//               `address_to_b` and vice versa. Implement the body of the
//               function to achieve this.
///////////////////////////////////////////////////////////////////////////////
void swap2(int32_t address_to_a, int32_t address_to_b)
{
2000008c:	fd010113          	addi	sp,sp,-48
20000090:	02112623          	sw	ra,44(sp)
20000094:	02812423          	sw	s0,40(sp)
20000098:	03010413          	addi	s0,sp,48
2000009c:	fca42e23          	sw	a0,-36(s0)
200000a0:	fcb42c23          	sw	a1,-40(s0)
    // Your code here
#if SOLUTION
    int32_t temp = *(int32_t *)address_to_a;
200000a4:	fdc42783          	lw	a5,-36(s0)
200000a8:	0007a783          	lw	a5,0(a5)
200000ac:	fef42623          	sw	a5,-20(s0)
    *(int32_t *)address_to_a = *(int32_t *)address_to_b;
200000b0:	fd842703          	lw	a4,-40(s0)
200000b4:	fdc42783          	lw	a5,-36(s0)
200000b8:	00072703          	lw	a4,0(a4)
200000bc:	00e7a023          	sw	a4,0(a5)
    *(int32_t *)address_to_b = temp;
200000c0:	fd842783          	lw	a5,-40(s0)
200000c4:	fec42703          	lw	a4,-20(s0)
200000c8:	00e7a023          	sw	a4,0(a5)
#endif    
}
200000cc:	00000013          	nop
200000d0:	02c12083          	lw	ra,44(sp)
200000d4:	02812403          	lw	s0,40(sp)
200000d8:	03010113          	addi	sp,sp,48
200000dc:	00008067          	ret

200000e0 <swap_arrays>:
//               length `length`. When the function returns, the contents of
//               the two arrays should be swapped. Implement the body of the
//               function to achieve this.
///////////////////////////////////////////////////////////////////////////////
void swap_arrays(int32_t *a, int32_t *b, int32_t length)
{
200000e0:	fd010113          	addi	sp,sp,-48
200000e4:	02112623          	sw	ra,44(sp)
200000e8:	02812423          	sw	s0,40(sp)
200000ec:	03010413          	addi	s0,sp,48
200000f0:	fca42e23          	sw	a0,-36(s0)
200000f4:	fcb42c23          	sw	a1,-40(s0)
200000f8:	fcc42a23          	sw	a2,-44(s0)
    // Your code here   
#if SOLUTION
    for (int32_t i = 0; i < length; i++)
200000fc:	fe042623          	sw	zero,-20(s0)
20000100:	0680006f          	j	20000168 <swap_arrays+0x88>
    {
        int32_t temp = a[i];
20000104:	fec42783          	lw	a5,-20(s0)
20000108:	00279793          	slli	a5,a5,0x2
2000010c:	fdc42703          	lw	a4,-36(s0)
20000110:	00f707b3          	add	a5,a4,a5
20000114:	0007a783          	lw	a5,0(a5)
20000118:	fef42423          	sw	a5,-24(s0)
        a[i] = b[i];
2000011c:	fec42783          	lw	a5,-20(s0)
20000120:	00279793          	slli	a5,a5,0x2
20000124:	fd842703          	lw	a4,-40(s0)
20000128:	00f70733          	add	a4,a4,a5
2000012c:	fec42783          	lw	a5,-20(s0)
20000130:	00279793          	slli	a5,a5,0x2
20000134:	fdc42683          	lw	a3,-36(s0)
20000138:	00f687b3          	add	a5,a3,a5
2000013c:	00072703          	lw	a4,0(a4)
20000140:	00e7a023          	sw	a4,0(a5)
        b[i] = temp;
20000144:	fec42783          	lw	a5,-20(s0)
20000148:	00279793          	slli	a5,a5,0x2
2000014c:	fd842703          	lw	a4,-40(s0)
20000150:	00f707b3          	add	a5,a4,a5
20000154:	fe842703          	lw	a4,-24(s0)
20000158:	00e7a023          	sw	a4,0(a5)
    for (int32_t i = 0; i < length; i++)
2000015c:	fec42783          	lw	a5,-20(s0)
20000160:	00178793          	addi	a5,a5,1
20000164:	fef42623          	sw	a5,-20(s0)
20000168:	fec42703          	lw	a4,-20(s0)
2000016c:	fd442783          	lw	a5,-44(s0)
20000170:	f8f74ae3          	blt	a4,a5,20000104 <swap_arrays+0x24>
    }   
#endif 
}   
20000174:	00000013          	nop
20000178:	00000013          	nop
2000017c:	02c12083          	lw	ra,44(sp)
20000180:	02812403          	lw	s0,40(sp)
20000184:	03010113          	addi	sp,sp,48
20000188:	00008067          	ret

2000018c <filter_array>:
//               by `num_copied`. Implement the body of the function to achieve
//               this.
///////////////////////////////////////////////////////////////////////////////
void filter_array(const uint32_t *a, int32_t length, 
                  uint8_t *b, int32_t *num_copied)
{
2000018c:	fd010113          	addi	sp,sp,-48
20000190:	02112623          	sw	ra,44(sp)
20000194:	02812423          	sw	s0,40(sp)
20000198:	03010413          	addi	s0,sp,48
2000019c:	fca42e23          	sw	a0,-36(s0)
200001a0:	fcb42c23          	sw	a1,-40(s0)
200001a4:	fcc42a23          	sw	a2,-44(s0)
200001a8:	fcd42823          	sw	a3,-48(s0)
    // Your code here
#if SOLUTION
    int32_t count = 0;
200001ac:	fe042623          	sw	zero,-20(s0)
    for (int32_t i = 0; i < length; i++)
200001b0:	fe042423          	sw	zero,-24(s0)
200001b4:	0600006f          	j	20000214 <filter_array+0x88>
    {
        if (a[i] < 0xFF)
200001b8:	fe842783          	lw	a5,-24(s0)
200001bc:	00279793          	slli	a5,a5,0x2
200001c0:	fdc42703          	lw	a4,-36(s0)
200001c4:	00f707b3          	add	a5,a4,a5
200001c8:	0007a703          	lw	a4,0(a5)
200001cc:	0fe00793          	li	a5,254
200001d0:	02e7ec63          	bltu	a5,a4,20000208 <filter_array+0x7c>
        {
            b[count] = (uint8_t)a[i];
200001d4:	fe842783          	lw	a5,-24(s0)
200001d8:	00279793          	slli	a5,a5,0x2
200001dc:	fdc42703          	lw	a4,-36(s0)
200001e0:	00f707b3          	add	a5,a4,a5
200001e4:	0007a683          	lw	a3,0(a5)
200001e8:	fec42783          	lw	a5,-20(s0)
200001ec:	fd442703          	lw	a4,-44(s0)
200001f0:	00f707b3          	add	a5,a4,a5
200001f4:	0ff6f713          	zext.b	a4,a3
200001f8:	00e78023          	sb	a4,0(a5)
            count++;
200001fc:	fec42783          	lw	a5,-20(s0)
20000200:	00178793          	addi	a5,a5,1
20000204:	fef42623          	sw	a5,-20(s0)
    for (int32_t i = 0; i < length; i++)
20000208:	fe842783          	lw	a5,-24(s0)
2000020c:	00178793          	addi	a5,a5,1
20000210:	fef42423          	sw	a5,-24(s0)
20000214:	fe842703          	lw	a4,-24(s0)
20000218:	fd842783          	lw	a5,-40(s0)
2000021c:	f8f74ee3          	blt	a4,a5,200001b8 <filter_array+0x2c>
        }
    }
    *num_copied = count;
20000220:	fd042783          	lw	a5,-48(s0)
20000224:	fec42703          	lw	a4,-20(s0)
20000228:	00e7a023          	sw	a4,0(a5)
#endif    
}   
2000022c:	00000013          	nop
20000230:	02c12083          	lw	ra,44(sp)
20000234:	02812403          	lw	s0,40(sp)
20000238:	03010113          	addi	sp,sp,48
2000023c:	00008067          	ret

20000240 <set_first_element>:
//                `ptr_to_slightly_before_a` points to an address 6 bytes
//                before a variable a of type unsigned int. Change the value
//                of `a` to 0xDEADBEEF.
///////////////////////////////////////////////////////////////////////////////
void set_first_element(short *fifth_element, short *ptr_to_slightly_before_a)
{
20000240:	fd010113          	addi	sp,sp,-48
20000244:	02112623          	sw	ra,44(sp)
20000248:	02812423          	sw	s0,40(sp)
2000024c:	03010413          	addi	s0,sp,48
20000250:	fca42e23          	sw	a0,-36(s0)
20000254:	fcb42c23          	sw	a1,-40(s0)
    // Your code here
#if SOLUTION
    // This actually works, but I doubt they will do this. 
    // Either way they will hopefully learn something about
    // pointer arithmetic.
    fifth_element[-4] = 42;
20000258:	fdc42783          	lw	a5,-36(s0)
2000025c:	ff878793          	addi	a5,a5,-8
20000260:	02a00713          	li	a4,42
20000264:	00e79023          	sh	a4,0(a5)
    unsigned int *a = (unsigned int *)(ptr_to_slightly_before_a + 3);
20000268:	fd842783          	lw	a5,-40(s0)
2000026c:	00678793          	addi	a5,a5,6
20000270:	fef42623          	sw	a5,-20(s0)
    *a = 0xDEADBEEF;
20000274:	fec42783          	lw	a5,-20(s0)
20000278:	deadc737          	lui	a4,0xdeadc
2000027c:	eef70713          	addi	a4,a4,-273 # deadbeef <__stack_top+0xbead678b>
20000280:	00e7a023          	sw	a4,0(a5)
#endif
}
20000284:	00000013          	nop
20000288:	02c12083          	lw	ra,44(sp)
2000028c:	02812403          	lw	s0,40(sp)
20000290:	03010113          	addi	sp,sp,48
20000294:	00008067          	ret

20000298 <swap_globals>:

short global_a = 42;
short global_b = 43; 

void swap_globals(short ** ptr_to_ptr_to_a, short ** ptr_to_ptr_to_b)
{
20000298:	fd010113          	addi	sp,sp,-48
2000029c:	02112623          	sw	ra,44(sp)
200002a0:	02812423          	sw	s0,40(sp)
200002a4:	03010413          	addi	s0,sp,48
200002a8:	fca42e23          	sw	a0,-36(s0)
200002ac:	fcb42c23          	sw	a1,-40(s0)
    // Your code here
#if SOLUTION
    short temp = global_a;  
200002b0:	200057b7          	lui	a5,0x20005
200002b4:	a047d783          	lhu	a5,-1532(a5) # 20004a04 <global_a>
200002b8:	fef41723          	sh	a5,-18(s0)
    global_a = global_b;
200002bc:	200057b7          	lui	a5,0x20005
200002c0:	a0679703          	lh	a4,-1530(a5) # 20004a06 <global_b>
200002c4:	200057b7          	lui	a5,0x20005
200002c8:	a0e79223          	sh	a4,-1532(a5) # 20004a04 <global_a>
    global_b = temp;
200002cc:	200057b7          	lui	a5,0x20005
200002d0:	fee45703          	lhu	a4,-18(s0)
200002d4:	a0e79323          	sh	a4,-1530(a5) # 20004a06 <global_b>
    *ptr_to_ptr_to_a = &global_a;
200002d8:	fdc42783          	lw	a5,-36(s0)
200002dc:	20005737          	lui	a4,0x20005
200002e0:	a0470713          	addi	a4,a4,-1532 # 20004a04 <global_a>
200002e4:	00e7a023          	sw	a4,0(a5)
    *ptr_to_ptr_to_b = &global_b;
200002e8:	fd842783          	lw	a5,-40(s0)
200002ec:	20005737          	lui	a4,0x20005
200002f0:	a0670713          	addi	a4,a4,-1530 # 20004a06 <global_b>
200002f4:	00e7a023          	sw	a4,0(a5)
#endif
}
200002f8:	00000013          	nop
200002fc:	02c12083          	lw	ra,44(sp)
20000300:	02812403          	lw	s0,40(sp)
20000304:	03010113          	addi	sp,sp,48
20000308:	00008067          	ret

2000030c <main>:
2000030c:	ee010113          	addi	sp,sp,-288
20000310:	10112e23          	sw	ra,284(sp)
20000314:	10812c23          	sw	s0,280(sp)
20000318:	10912a23          	sw	s1,276(sp)
2000031c:	11212823          	sw	s2,272(sp)
20000320:	11312623          	sw	s3,268(sp)
20000324:	11412423          	sw	s4,264(sp)
20000328:	11512223          	sw	s5,260(sp)
2000032c:	11612023          	sw	s6,256(sp)
20000330:	0f712e23          	sw	s7,252(sp)
20000334:	0f812c23          	sw	s8,248(sp)
20000338:	0f912a23          	sw	s9,244(sp)
2000033c:	12010413          	addi	s0,sp,288
20000340:	00010793          	mv	a5,sp
20000344:	00078493          	mv	s1,a5
20000348:	200047b7          	lui	a5,0x20004
2000034c:	51478513          	addi	a0,a5,1300 # 20004514 <_malloc_usable_size_r+0x1c>
20000350:	5b1010ef          	jal	20002100 <puts>
20000354:	00a00793          	li	a5,10
20000358:	f8f42023          	sw	a5,-128(s0)
2000035c:	01400793          	li	a5,20
20000360:	f6f42e23          	sw	a5,-132(s0)
20000364:	f8042783          	lw	a5,-128(s0)
20000368:	faf42423          	sw	a5,-88(s0)
2000036c:	f7c42783          	lw	a5,-132(s0)
20000370:	faf42223          	sw	a5,-92(s0)
20000374:	f8042783          	lw	a5,-128(s0)
20000378:	f7c42703          	lw	a4,-132(s0)
2000037c:	00070613          	mv	a2,a4
20000380:	00078593          	mv	a1,a5
20000384:	200047b7          	lui	a5,0x20004
20000388:	52c78513          	addi	a0,a5,1324 # 2000452c <_malloc_usable_size_r+0x34>
2000038c:	401010ef          	jal	20001f8c <iprintf>
20000390:	f7c40713          	addi	a4,s0,-132
20000394:	f8040793          	addi	a5,s0,-128
20000398:	00070593          	mv	a1,a4
2000039c:	00078513          	mv	a0,a5
200003a0:	c99ff0ef          	jal	20000038 <swap>
200003a4:	f8042783          	lw	a5,-128(s0)
200003a8:	f7c42703          	lw	a4,-132(s0)
200003ac:	00070613          	mv	a2,a4
200003b0:	00078593          	mv	a1,a5
200003b4:	200047b7          	lui	a5,0x20004
200003b8:	54c78513          	addi	a0,a5,1356 # 2000454c <_malloc_usable_size_r+0x54>
200003bc:	3d1010ef          	jal	20001f8c <iprintf>
200003c0:	f8042783          	lw	a5,-128(s0)
200003c4:	fa442703          	lw	a4,-92(s0)
200003c8:	02f71063          	bne	a4,a5,200003e8 <main+0xdc>
200003cc:	f7c42783          	lw	a5,-132(s0)
200003d0:	fa842703          	lw	a4,-88(s0)
200003d4:	00f71a63          	bne	a4,a5,200003e8 <main+0xdc>
200003d8:	200047b7          	lui	a5,0x20004
200003dc:	56878513          	addi	a0,a5,1384 # 20004568 <_malloc_usable_size_r+0x70>
200003e0:	521010ef          	jal	20002100 <puts>
200003e4:	0100006f          	j	200003f4 <main+0xe8>
200003e8:	200047b7          	lui	a5,0x20004
200003ec:	57478513          	addi	a0,a5,1396 # 20004574 <_malloc_usable_size_r+0x7c>
200003f0:	511010ef          	jal	20002100 <puts>
200003f4:	200047b7          	lui	a5,0x20004
200003f8:	58078513          	addi	a0,a5,1408 # 20004580 <_malloc_usable_size_r+0x88>
200003fc:	505010ef          	jal	20002100 <puts>
20000400:	01e00793          	li	a5,30
20000404:	f8f42023          	sw	a5,-128(s0)
20000408:	02800793          	li	a5,40
2000040c:	f6f42e23          	sw	a5,-132(s0)
20000410:	f8042783          	lw	a5,-128(s0)
20000414:	faf42423          	sw	a5,-88(s0)
20000418:	f7c42783          	lw	a5,-132(s0)
2000041c:	faf42223          	sw	a5,-92(s0)
20000420:	f8042783          	lw	a5,-128(s0)
20000424:	f7c42703          	lw	a4,-132(s0)
20000428:	00070613          	mv	a2,a4
2000042c:	00078593          	mv	a1,a5
20000430:	200047b7          	lui	a5,0x20004
20000434:	59878513          	addi	a0,a5,1432 # 20004598 <_malloc_usable_size_r+0xa0>
20000438:	355010ef          	jal	20001f8c <iprintf>
2000043c:	f8040793          	addi	a5,s0,-128
20000440:	f7c40713          	addi	a4,s0,-132
20000444:	00070593          	mv	a1,a4
20000448:	00078513          	mv	a0,a5
2000044c:	c41ff0ef          	jal	2000008c <swap2>
20000450:	f8042783          	lw	a5,-128(s0)
20000454:	f7c42703          	lw	a4,-132(s0)
20000458:	00070613          	mv	a2,a4
2000045c:	00078593          	mv	a1,a5
20000460:	200047b7          	lui	a5,0x20004
20000464:	5b878513          	addi	a0,a5,1464 # 200045b8 <_malloc_usable_size_r+0xc0>
20000468:	325010ef          	jal	20001f8c <iprintf>
2000046c:	f8042783          	lw	a5,-128(s0)
20000470:	fa442703          	lw	a4,-92(s0)
20000474:	02f71063          	bne	a4,a5,20000494 <main+0x188>
20000478:	f7c42783          	lw	a5,-132(s0)
2000047c:	fa842703          	lw	a4,-88(s0)
20000480:	00f71a63          	bne	a4,a5,20000494 <main+0x188>
20000484:	200047b7          	lui	a5,0x20004
20000488:	56878513          	addi	a0,a5,1384 # 20004568 <_malloc_usable_size_r+0x70>
2000048c:	475010ef          	jal	20002100 <puts>
20000490:	0100006f          	j	200004a0 <main+0x194>
20000494:	200047b7          	lui	a5,0x20004
20000498:	57478513          	addi	a0,a5,1396 # 20004574 <_malloc_usable_size_r+0x7c>
2000049c:	465010ef          	jal	20002100 <puts>
200004a0:	200047b7          	lui	a5,0x20004
200004a4:	5d878513          	addi	a0,a5,1496 # 200045d8 <_malloc_usable_size_r+0xe0>
200004a8:	459010ef          	jal	20002100 <puts>
200004ac:	200047b7          	lui	a5,0x20004
200004b0:	76078793          	addi	a5,a5,1888 # 20004760 <_malloc_usable_size_r+0x268>
200004b4:	0007a583          	lw	a1,0(a5)
200004b8:	0047a603          	lw	a2,4(a5)
200004bc:	0087a683          	lw	a3,8(a5)
200004c0:	00c7a703          	lw	a4,12(a5)
200004c4:	f6b42423          	sw	a1,-152(s0)
200004c8:	f6c42623          	sw	a2,-148(s0)
200004cc:	f6d42823          	sw	a3,-144(s0)
200004d0:	f6e42a23          	sw	a4,-140(s0)
200004d4:	0107a783          	lw	a5,16(a5)
200004d8:	f6f42c23          	sw	a5,-136(s0)
200004dc:	200047b7          	lui	a5,0x20004
200004e0:	77478793          	addi	a5,a5,1908 # 20004774 <_malloc_usable_size_r+0x27c>
200004e4:	0007a583          	lw	a1,0(a5)
200004e8:	0047a603          	lw	a2,4(a5)
200004ec:	0087a683          	lw	a3,8(a5)
200004f0:	00c7a703          	lw	a4,12(a5)
200004f4:	f4b42a23          	sw	a1,-172(s0)
200004f8:	f4c42c23          	sw	a2,-168(s0)
200004fc:	f4d42e23          	sw	a3,-164(s0)
20000500:	f6e42023          	sw	a4,-160(s0)
20000504:	0107a783          	lw	a5,16(a5)
20000508:	f6f42223          	sw	a5,-156(s0)
2000050c:	200047b7          	lui	a5,0x20004
20000510:	76078793          	addi	a5,a5,1888 # 20004760 <_malloc_usable_size_r+0x268>
20000514:	0007a583          	lw	a1,0(a5)
20000518:	0047a603          	lw	a2,4(a5)
2000051c:	0087a683          	lw	a3,8(a5)
20000520:	00c7a703          	lw	a4,12(a5)
20000524:	f4b42023          	sw	a1,-192(s0)
20000528:	f4c42223          	sw	a2,-188(s0)
2000052c:	f4d42423          	sw	a3,-184(s0)
20000530:	f4e42623          	sw	a4,-180(s0)
20000534:	0107a783          	lw	a5,16(a5)
20000538:	f4f42823          	sw	a5,-176(s0)
2000053c:	200047b7          	lui	a5,0x20004
20000540:	77478793          	addi	a5,a5,1908 # 20004774 <_malloc_usable_size_r+0x27c>
20000544:	0007a583          	lw	a1,0(a5)
20000548:	0047a603          	lw	a2,4(a5)
2000054c:	0087a683          	lw	a3,8(a5)
20000550:	00c7a703          	lw	a4,12(a5)
20000554:	f2b42623          	sw	a1,-212(s0)
20000558:	f2c42823          	sw	a2,-208(s0)
2000055c:	f2d42a23          	sw	a3,-204(s0)
20000560:	f2e42c23          	sw	a4,-200(s0)
20000564:	0107a783          	lw	a5,16(a5)
20000568:	f2f42e23          	sw	a5,-196(s0)
2000056c:	200047b7          	lui	a5,0x20004
20000570:	5f078513          	addi	a0,a5,1520 # 200045f0 <_malloc_usable_size_r+0xf8>
20000574:	38d010ef          	jal	20002100 <puts>
20000578:	200047b7          	lui	a5,0x20004
2000057c:	60478513          	addi	a0,a5,1540 # 20004604 <_malloc_usable_size_r+0x10c>
20000580:	20d010ef          	jal	20001f8c <iprintf>
20000584:	fc042623          	sw	zero,-52(s0)
20000588:	0340006f          	j	200005bc <main+0x2b0>
2000058c:	fcc42703          	lw	a4,-52(s0)
20000590:	f6840793          	addi	a5,s0,-152
20000594:	00271713          	slli	a4,a4,0x2
20000598:	00f707b3          	add	a5,a4,a5
2000059c:	0007a783          	lw	a5,0(a5)
200005a0:	00078593          	mv	a1,a5
200005a4:	200047b7          	lui	a5,0x20004
200005a8:	60c78513          	addi	a0,a5,1548 # 2000460c <_malloc_usable_size_r+0x114>
200005ac:	1e1010ef          	jal	20001f8c <iprintf>
200005b0:	fcc42783          	lw	a5,-52(s0)
200005b4:	00178793          	addi	a5,a5,1
200005b8:	fcf42623          	sw	a5,-52(s0)
200005bc:	fcc42703          	lw	a4,-52(s0)
200005c0:	00400793          	li	a5,4
200005c4:	fce7d4e3          	bge	a5,a4,2000058c <main+0x280>
200005c8:	200047b7          	lui	a5,0x20004
200005cc:	61078513          	addi	a0,a5,1552 # 20004610 <_malloc_usable_size_r+0x118>
200005d0:	1bd010ef          	jal	20001f8c <iprintf>
200005d4:	fc042423          	sw	zero,-56(s0)
200005d8:	0340006f          	j	2000060c <main+0x300>
200005dc:	fc842703          	lw	a4,-56(s0)
200005e0:	f5440793          	addi	a5,s0,-172
200005e4:	00271713          	slli	a4,a4,0x2
200005e8:	00f707b3          	add	a5,a4,a5
200005ec:	0007a783          	lw	a5,0(a5)
200005f0:	00078593          	mv	a1,a5
200005f4:	200047b7          	lui	a5,0x20004
200005f8:	60c78513          	addi	a0,a5,1548 # 2000460c <_malloc_usable_size_r+0x114>
200005fc:	191010ef          	jal	20001f8c <iprintf>
20000600:	fc842783          	lw	a5,-56(s0)
20000604:	00178793          	addi	a5,a5,1
20000608:	fcf42423          	sw	a5,-56(s0)
2000060c:	fc842703          	lw	a4,-56(s0)
20000610:	00400793          	li	a5,4
20000614:	fce7d4e3          	bge	a5,a4,200005dc <main+0x2d0>
20000618:	00a00513          	li	a0,10
2000061c:	1c9010ef          	jal	20001fe4 <putchar>
20000620:	f5440713          	addi	a4,s0,-172
20000624:	f6840793          	addi	a5,s0,-152
20000628:	00500613          	li	a2,5
2000062c:	00070593          	mv	a1,a4
20000630:	00078513          	mv	a0,a5
20000634:	aadff0ef          	jal	200000e0 <swap_arrays>
20000638:	200047b7          	lui	a5,0x20004
2000063c:	61878513          	addi	a0,a5,1560 # 20004618 <_malloc_usable_size_r+0x120>
20000640:	2c1010ef          	jal	20002100 <puts>
20000644:	200047b7          	lui	a5,0x20004
20000648:	60478513          	addi	a0,a5,1540 # 20004604 <_malloc_usable_size_r+0x10c>
2000064c:	141010ef          	jal	20001f8c <iprintf>
20000650:	fc042223          	sw	zero,-60(s0)
20000654:	0340006f          	j	20000688 <main+0x37c>
20000658:	fc442703          	lw	a4,-60(s0)
2000065c:	f6840793          	addi	a5,s0,-152
20000660:	00271713          	slli	a4,a4,0x2
20000664:	00f707b3          	add	a5,a4,a5
20000668:	0007a783          	lw	a5,0(a5)
2000066c:	00078593          	mv	a1,a5
20000670:	200047b7          	lui	a5,0x20004
20000674:	60c78513          	addi	a0,a5,1548 # 2000460c <_malloc_usable_size_r+0x114>
20000678:	115010ef          	jal	20001f8c <iprintf>
2000067c:	fc442783          	lw	a5,-60(s0)
20000680:	00178793          	addi	a5,a5,1
20000684:	fcf42223          	sw	a5,-60(s0)
20000688:	fc442703          	lw	a4,-60(s0)
2000068c:	00400793          	li	a5,4
20000690:	fce7d4e3          	bge	a5,a4,20000658 <main+0x34c>
20000694:	200047b7          	lui	a5,0x20004
20000698:	61078513          	addi	a0,a5,1552 # 20004610 <_malloc_usable_size_r+0x118>
2000069c:	0f1010ef          	jal	20001f8c <iprintf>
200006a0:	fc042023          	sw	zero,-64(s0)
200006a4:	0340006f          	j	200006d8 <main+0x3cc>
200006a8:	fc042703          	lw	a4,-64(s0)
200006ac:	f5440793          	addi	a5,s0,-172
200006b0:	00271713          	slli	a4,a4,0x2
200006b4:	00f707b3          	add	a5,a4,a5
200006b8:	0007a783          	lw	a5,0(a5)
200006bc:	00078593          	mv	a1,a5
200006c0:	200047b7          	lui	a5,0x20004
200006c4:	60c78513          	addi	a0,a5,1548 # 2000460c <_malloc_usable_size_r+0x114>
200006c8:	0c5010ef          	jal	20001f8c <iprintf>
200006cc:	fc042783          	lw	a5,-64(s0)
200006d0:	00178793          	addi	a5,a5,1
200006d4:	fcf42023          	sw	a5,-64(s0)
200006d8:	fc042703          	lw	a4,-64(s0)
200006dc:	00400793          	li	a5,4
200006e0:	fce7d4e3          	bge	a5,a4,200006a8 <main+0x39c>
200006e4:	00a00513          	li	a0,10
200006e8:	0fd010ef          	jal	20001fe4 <putchar>
200006ec:	00100793          	li	a5,1
200006f0:	faf42e23          	sw	a5,-68(s0)
200006f4:	fa042c23          	sw	zero,-72(s0)
200006f8:	06c0006f          	j	20000764 <main+0x458>
200006fc:	fb842703          	lw	a4,-72(s0)
20000700:	f6840793          	addi	a5,s0,-152
20000704:	00271713          	slli	a4,a4,0x2
20000708:	00f707b3          	add	a5,a4,a5
2000070c:	0007a703          	lw	a4,0(a5)
20000710:	fb842683          	lw	a3,-72(s0)
20000714:	f2c40793          	addi	a5,s0,-212
20000718:	00269693          	slli	a3,a3,0x2
2000071c:	00f687b3          	add	a5,a3,a5
20000720:	0007a783          	lw	a5,0(a5)
20000724:	02f71863          	bne	a4,a5,20000754 <main+0x448>
20000728:	fb842703          	lw	a4,-72(s0)
2000072c:	f5440793          	addi	a5,s0,-172
20000730:	00271713          	slli	a4,a4,0x2
20000734:	00f707b3          	add	a5,a4,a5
20000738:	0007a703          	lw	a4,0(a5)
2000073c:	fb842683          	lw	a3,-72(s0)
20000740:	f4040793          	addi	a5,s0,-192
20000744:	00269693          	slli	a3,a3,0x2
20000748:	00f687b3          	add	a5,a3,a5
2000074c:	0007a783          	lw	a5,0(a5)
20000750:	00f70463          	beq	a4,a5,20000758 <main+0x44c>
20000754:	fa042e23          	sw	zero,-68(s0)
20000758:	fb842783          	lw	a5,-72(s0)
2000075c:	00178793          	addi	a5,a5,1
20000760:	faf42c23          	sw	a5,-72(s0)
20000764:	fb842703          	lw	a4,-72(s0)
20000768:	00400793          	li	a5,4
2000076c:	f8e7d8e3          	bge	a5,a4,200006fc <main+0x3f0>
20000770:	fbc42783          	lw	a5,-68(s0)
20000774:	00078a63          	beqz	a5,20000788 <main+0x47c>
20000778:	200047b7          	lui	a5,0x20004
2000077c:	56878513          	addi	a0,a5,1384 # 20004568 <_malloc_usable_size_r+0x70>
20000780:	181010ef          	jal	20002100 <puts>
20000784:	0100006f          	j	20000794 <main+0x488>
20000788:	200047b7          	lui	a5,0x20004
2000078c:	57478513          	addi	a0,a5,1396 # 20004574 <_malloc_usable_size_r+0x7c>
20000790:	171010ef          	jal	20002100 <puts>
20000794:	200047b7          	lui	a5,0x20004
20000798:	62c78513          	addi	a0,a5,1580 # 2000462c <_malloc_usable_size_r+0x134>
2000079c:	165010ef          	jal	20002100 <puts>
200007a0:	200047b7          	lui	a5,0x20004
200007a4:	78878793          	addi	a5,a5,1928 # 20004788 <_malloc_usable_size_r+0x290>
200007a8:	0007a883          	lw	a7,0(a5)
200007ac:	0047a803          	lw	a6,4(a5)
200007b0:	0087a503          	lw	a0,8(a5)
200007b4:	00c7a583          	lw	a1,12(a5)
200007b8:	0107a603          	lw	a2,16(a5)
200007bc:	0147a683          	lw	a3,20(a5)
200007c0:	0187a703          	lw	a4,24(a5)
200007c4:	f1142623          	sw	a7,-244(s0)
200007c8:	f1042823          	sw	a6,-240(s0)
200007cc:	f0a42a23          	sw	a0,-236(s0)
200007d0:	f0b42c23          	sw	a1,-232(s0)
200007d4:	f0c42e23          	sw	a2,-228(s0)
200007d8:	f2d42023          	sw	a3,-224(s0)
200007dc:	f2e42223          	sw	a4,-220(s0)
200007e0:	01c7a783          	lw	a5,28(a5)
200007e4:	f2f42423          	sw	a5,-216(s0)
200007e8:	00800793          	li	a5,8
200007ec:	faf42023          	sw	a5,-96(s0)
200007f0:	fa042783          	lw	a5,-96(s0)
200007f4:	fff78713          	addi	a4,a5,-1
200007f8:	f8e42e23          	sw	a4,-100(s0)
200007fc:	00078713          	mv	a4,a5
20000800:	00070c13          	mv	s8,a4
20000804:	00000c93          	li	s9,0
20000808:	01dc5713          	srli	a4,s8,0x1d
2000080c:	003c9a93          	slli	s5,s9,0x3
20000810:	01570ab3          	add	s5,a4,s5
20000814:	003c1a13          	slli	s4,s8,0x3
20000818:	00078713          	mv	a4,a5
2000081c:	00070b13          	mv	s6,a4
20000820:	00000b93          	li	s7,0
20000824:	01db5713          	srli	a4,s6,0x1d
20000828:	003b9993          	slli	s3,s7,0x3
2000082c:	013709b3          	add	s3,a4,s3
20000830:	003b1913          	slli	s2,s6,0x3
20000834:	00f78793          	addi	a5,a5,15
20000838:	0047d793          	srli	a5,a5,0x4
2000083c:	00479793          	slli	a5,a5,0x4
20000840:	40f10133          	sub	sp,sp,a5
20000844:	00010793          	mv	a5,sp
20000848:	f8f42c23          	sw	a5,-104(s0)
2000084c:	f0042423          	sw	zero,-248(s0)
20000850:	00400793          	li	a5,4
20000854:	f8f42a23          	sw	a5,-108(s0)
20000858:	80c837b7          	lui	a5,0x80c83
2000085c:	26478793          	addi	a5,a5,612 # 80c83264 <__stack_top+0x60c7db00>
20000860:	f0f42223          	sw	a5,-252(s0)
20000864:	200047b7          	lui	a5,0x20004
20000868:	64478513          	addi	a0,a5,1604 # 20004644 <_malloc_usable_size_r+0x14c>
2000086c:	720010ef          	jal	20001f8c <iprintf>
20000870:	fa042a23          	sw	zero,-76(s0)
20000874:	0340006f          	j	200008a8 <main+0x59c>
20000878:	fb442703          	lw	a4,-76(s0)
2000087c:	f0c40793          	addi	a5,s0,-244
20000880:	00271713          	slli	a4,a4,0x2
20000884:	00f707b3          	add	a5,a4,a5
20000888:	0007a783          	lw	a5,0(a5)
2000088c:	00078593          	mv	a1,a5
20000890:	200047b7          	lui	a5,0x20004
20000894:	60c78513          	addi	a0,a5,1548 # 2000460c <_malloc_usable_size_r+0x114>
20000898:	6f4010ef          	jal	20001f8c <iprintf>
2000089c:	fb442783          	lw	a5,-76(s0)
200008a0:	00178793          	addi	a5,a5,1
200008a4:	faf42a23          	sw	a5,-76(s0)
200008a8:	fb442703          	lw	a4,-76(s0)
200008ac:	fa042783          	lw	a5,-96(s0)
200008b0:	fcf744e3          	blt	a4,a5,20000878 <main+0x56c>
200008b4:	00a00513          	li	a0,10
200008b8:	72c010ef          	jal	20001fe4 <putchar>
200008bc:	f0840713          	addi	a4,s0,-248
200008c0:	f0c40793          	addi	a5,s0,-244
200008c4:	00070693          	mv	a3,a4
200008c8:	f9842603          	lw	a2,-104(s0)
200008cc:	fa042583          	lw	a1,-96(s0)
200008d0:	00078513          	mv	a0,a5
200008d4:	8b9ff0ef          	jal	2000018c <filter_array>
200008d8:	200047b7          	lui	a5,0x20004
200008dc:	65478513          	addi	a0,a5,1620 # 20004654 <_malloc_usable_size_r+0x15c>
200008e0:	6ac010ef          	jal	20001f8c <iprintf>
200008e4:	fa042823          	sw	zero,-80(s0)
200008e8:	0300006f          	j	20000918 <main+0x60c>
200008ec:	f9842703          	lw	a4,-104(s0)
200008f0:	fb042783          	lw	a5,-80(s0)
200008f4:	00f707b3          	add	a5,a4,a5
200008f8:	0007c783          	lbu	a5,0(a5)
200008fc:	00078593          	mv	a1,a5
20000900:	200047b7          	lui	a5,0x20004
20000904:	60c78513          	addi	a0,a5,1548 # 2000460c <_malloc_usable_size_r+0x114>
20000908:	684010ef          	jal	20001f8c <iprintf>
2000090c:	fb042783          	lw	a5,-80(s0)
20000910:	00178793          	addi	a5,a5,1
20000914:	faf42823          	sw	a5,-80(s0)
20000918:	fb042703          	lw	a4,-80(s0)
2000091c:	f9442783          	lw	a5,-108(s0)
20000920:	fcf746e3          	blt	a4,a5,200008ec <main+0x5e0>
20000924:	f0842783          	lw	a5,-248(s0)
20000928:	00078593          	mv	a1,a5
2000092c:	200047b7          	lui	a5,0x20004
20000930:	66478513          	addi	a0,a5,1636 # 20004664 <_malloc_usable_size_r+0x16c>
20000934:	658010ef          	jal	20001f8c <iprintf>
20000938:	00100793          	li	a5,1
2000093c:	faf42e23          	sw	a5,-68(s0)
20000940:	f0842783          	lw	a5,-248(s0)
20000944:	f9442703          	lw	a4,-108(s0)
20000948:	00f70463          	beq	a4,a5,20000950 <main+0x644>
2000094c:	fa042e23          	sw	zero,-68(s0)
20000950:	fa042623          	sw	zero,-84(s0)
20000954:	0380006f          	j	2000098c <main+0x680>
20000958:	f9842703          	lw	a4,-104(s0)
2000095c:	fac42783          	lw	a5,-84(s0)
20000960:	00f707b3          	add	a5,a4,a5
20000964:	0007c703          	lbu	a4,0(a5)
20000968:	fac42783          	lw	a5,-84(s0)
2000096c:	fd078793          	addi	a5,a5,-48
20000970:	008787b3          	add	a5,a5,s0
20000974:	f347c783          	lbu	a5,-204(a5)
20000978:	00f70463          	beq	a4,a5,20000980 <main+0x674>
2000097c:	fa042e23          	sw	zero,-68(s0)
20000980:	fac42783          	lw	a5,-84(s0)
20000984:	00178793          	addi	a5,a5,1
20000988:	faf42623          	sw	a5,-84(s0)
2000098c:	fac42703          	lw	a4,-84(s0)
20000990:	f9442783          	lw	a5,-108(s0)
20000994:	fcf742e3          	blt	a4,a5,20000958 <main+0x64c>
20000998:	fbc42783          	lw	a5,-68(s0)
2000099c:	00078a63          	beqz	a5,200009b0 <main+0x6a4>
200009a0:	200047b7          	lui	a5,0x20004
200009a4:	56878513          	addi	a0,a5,1384 # 20004568 <_malloc_usable_size_r+0x70>
200009a8:	758010ef          	jal	20002100 <puts>
200009ac:	0100006f          	j	200009bc <main+0x6b0>
200009b0:	200047b7          	lui	a5,0x20004
200009b4:	57478513          	addi	a0,a5,1396 # 20004574 <_malloc_usable_size_r+0x7c>
200009b8:	748010ef          	jal	20002100 <puts>
200009bc:	200047b7          	lui	a5,0x20004
200009c0:	68478513          	addi	a0,a5,1668 # 20004684 <_malloc_usable_size_r+0x18c>
200009c4:	73c010ef          	jal	20002100 <puts>
200009c8:	200047b7          	lui	a5,0x20004
200009cc:	7a878793          	addi	a5,a5,1960 # 200047a8 <_malloc_usable_size_r+0x2b0>
200009d0:	0007a583          	lw	a1,0(a5)
200009d4:	0047a603          	lw	a2,4(a5)
200009d8:	0087a683          	lw	a3,8(a5)
200009dc:	00c7a703          	lw	a4,12(a5)
200009e0:	eeb42823          	sw	a1,-272(s0)
200009e4:	eec42a23          	sw	a2,-268(s0)
200009e8:	eed42c23          	sw	a3,-264(s0)
200009ec:	eee42e23          	sw	a4,-260(s0)
200009f0:	0107a783          	lw	a5,16(a5)
200009f4:	f0f42023          	sw	a5,-256(s0)
200009f8:	ee042623          	sw	zero,-276(s0)
200009fc:	ef040793          	addi	a5,s0,-272
20000a00:	00878793          	addi	a5,a5,8
20000a04:	f8f42823          	sw	a5,-112(s0)
20000a08:	eec40793          	addi	a5,s0,-276
20000a0c:	ffa78793          	addi	a5,a5,-6
20000a10:	f8f42623          	sw	a5,-116(s0)
20000a14:	200047b7          	lui	a5,0x20004
20000a18:	69c78513          	addi	a0,a5,1692 # 2000469c <_malloc_usable_size_r+0x1a4>
20000a1c:	6e4010ef          	jal	20002100 <puts>
20000a20:	ef041783          	lh	a5,-272(s0)
20000a24:	00078593          	mv	a1,a5
20000a28:	200047b7          	lui	a5,0x20004
20000a2c:	6b878513          	addi	a0,a5,1720 # 200046b8 <_malloc_usable_size_r+0x1c0>
20000a30:	55c010ef          	jal	20001f8c <iprintf>
20000a34:	eec42783          	lw	a5,-276(s0)
20000a38:	00078593          	mv	a1,a5
20000a3c:	200047b7          	lui	a5,0x20004
20000a40:	6c878513          	addi	a0,a5,1736 # 200046c8 <_malloc_usable_size_r+0x1d0>
20000a44:	548010ef          	jal	20001f8c <iprintf>
20000a48:	f8c42583          	lw	a1,-116(s0)
20000a4c:	f9042503          	lw	a0,-112(s0)
20000a50:	ff0ff0ef          	jal	20000240 <set_first_element>
20000a54:	200047b7          	lui	a5,0x20004
20000a58:	6d878513          	addi	a0,a5,1752 # 200046d8 <_malloc_usable_size_r+0x1e0>
20000a5c:	6a4010ef          	jal	20002100 <puts>
20000a60:	ef041783          	lh	a5,-272(s0)
20000a64:	00078593          	mv	a1,a5
20000a68:	200047b7          	lui	a5,0x20004
20000a6c:	6b878513          	addi	a0,a5,1720 # 200046b8 <_malloc_usable_size_r+0x1c0>
20000a70:	51c010ef          	jal	20001f8c <iprintf>
20000a74:	eec42783          	lw	a5,-276(s0)
20000a78:	00078593          	mv	a1,a5
20000a7c:	200047b7          	lui	a5,0x20004
20000a80:	6c878513          	addi	a0,a5,1736 # 200046c8 <_malloc_usable_size_r+0x1d0>
20000a84:	508010ef          	jal	20001f8c <iprintf>
20000a88:	ef041703          	lh	a4,-272(s0)
20000a8c:	02a00793          	li	a5,42
20000a90:	02f71263          	bne	a4,a5,20000ab4 <main+0x7a8>
20000a94:	eec42703          	lw	a4,-276(s0)
20000a98:	deadc7b7          	lui	a5,0xdeadc
20000a9c:	eef78793          	addi	a5,a5,-273 # deadbeef <__stack_top+0xbead678b>
20000aa0:	00f71a63          	bne	a4,a5,20000ab4 <main+0x7a8>
20000aa4:	200047b7          	lui	a5,0x20004
20000aa8:	56878513          	addi	a0,a5,1384 # 20004568 <_malloc_usable_size_r+0x70>
20000aac:	654010ef          	jal	20002100 <puts>
20000ab0:	0100006f          	j	20000ac0 <main+0x7b4>
20000ab4:	200047b7          	lui	a5,0x20004
20000ab8:	57478513          	addi	a0,a5,1396 # 20004574 <_malloc_usable_size_r+0x7c>
20000abc:	644010ef          	jal	20002100 <puts>
20000ac0:	200057b7          	lui	a5,0x20005
20000ac4:	a0479783          	lh	a5,-1532(a5) # 20004a04 <global_a>
20000ac8:	f8f42423          	sw	a5,-120(s0)
20000acc:	200057b7          	lui	a5,0x20005
20000ad0:	a0679783          	lh	a5,-1530(a5) # 20004a06 <global_b>
20000ad4:	f8f42223          	sw	a5,-124(s0)
20000ad8:	200047b7          	lui	a5,0x20004
20000adc:	6f478513          	addi	a0,a5,1780 # 200046f4 <_malloc_usable_size_r+0x1fc>
20000ae0:	620010ef          	jal	20002100 <puts>
20000ae4:	200057b7          	lui	a5,0x20005
20000ae8:	a0479783          	lh	a5,-1532(a5) # 20004a04 <global_a>
20000aec:	00078593          	mv	a1,a5
20000af0:	200047b7          	lui	a5,0x20004
20000af4:	70c78513          	addi	a0,a5,1804 # 2000470c <_malloc_usable_size_r+0x214>
20000af8:	494010ef          	jal	20001f8c <iprintf>
20000afc:	200057b7          	lui	a5,0x20005
20000b00:	a0679783          	lh	a5,-1530(a5) # 20004a06 <global_b>
20000b04:	00078593          	mv	a1,a5
20000b08:	200047b7          	lui	a5,0x20004
20000b0c:	71c78513          	addi	a0,a5,1820 # 2000471c <_malloc_usable_size_r+0x224>
20000b10:	47c010ef          	jal	20001f8c <iprintf>
20000b14:	200047b7          	lui	a5,0x20004
20000b18:	72c78513          	addi	a0,a5,1836 # 2000472c <_malloc_usable_size_r+0x234>
20000b1c:	5e4010ef          	jal	20002100 <puts>
20000b20:	ee042423          	sw	zero,-280(s0)
20000b24:	ee042223          	sw	zero,-284(s0)
20000b28:	ee440713          	addi	a4,s0,-284
20000b2c:	ee840793          	addi	a5,s0,-280
20000b30:	00070593          	mv	a1,a4
20000b34:	00078513          	mv	a0,a5
20000b38:	f60ff0ef          	jal	20000298 <swap_globals>
20000b3c:	200047b7          	lui	a5,0x20004
20000b40:	74878513          	addi	a0,a5,1864 # 20004748 <_malloc_usable_size_r+0x250>
20000b44:	5bc010ef          	jal	20002100 <puts>
20000b48:	200057b7          	lui	a5,0x20005
20000b4c:	a0479783          	lh	a5,-1532(a5) # 20004a04 <global_a>
20000b50:	00078593          	mv	a1,a5
20000b54:	200047b7          	lui	a5,0x20004
20000b58:	70c78513          	addi	a0,a5,1804 # 2000470c <_malloc_usable_size_r+0x214>
20000b5c:	430010ef          	jal	20001f8c <iprintf>
20000b60:	200057b7          	lui	a5,0x20005
20000b64:	a0679783          	lh	a5,-1530(a5) # 20004a06 <global_b>
20000b68:	00078593          	mv	a1,a5
20000b6c:	200047b7          	lui	a5,0x20004
20000b70:	71c78513          	addi	a0,a5,1820 # 2000471c <_malloc_usable_size_r+0x224>
20000b74:	418010ef          	jal	20001f8c <iprintf>
20000b78:	200057b7          	lui	a5,0x20005
20000b7c:	a0479783          	lh	a5,-1532(a5) # 20004a04 <global_a>
20000b80:	00078713          	mv	a4,a5
20000b84:	f8442783          	lw	a5,-124(s0)
20000b88:	02e79463          	bne	a5,a4,20000bb0 <main+0x8a4>
20000b8c:	200057b7          	lui	a5,0x20005
20000b90:	a0679783          	lh	a5,-1530(a5) # 20004a06 <global_b>
20000b94:	00078713          	mv	a4,a5
20000b98:	f8842783          	lw	a5,-120(s0)
20000b9c:	00e79a63          	bne	a5,a4,20000bb0 <main+0x8a4>
20000ba0:	200047b7          	lui	a5,0x20004
20000ba4:	56878513          	addi	a0,a5,1384 # 20004568 <_malloc_usable_size_r+0x70>
20000ba8:	558010ef          	jal	20002100 <puts>
20000bac:	0100006f          	j	20000bbc <main+0x8b0>
20000bb0:	200047b7          	lui	a5,0x20004
20000bb4:	57478513          	addi	a0,a5,1396 # 20004574 <_malloc_usable_size_r+0x7c>
20000bb8:	548010ef          	jal	20002100 <puts>
20000bbc:	00048113          	mv	sp,s1
20000bc0:	00000793          	li	a5,0
20000bc4:	00078513          	mv	a0,a5
20000bc8:	ee040113          	addi	sp,s0,-288
20000bcc:	11c12083          	lw	ra,284(sp)
20000bd0:	11812403          	lw	s0,280(sp)
20000bd4:	11412483          	lw	s1,276(sp)
20000bd8:	11012903          	lw	s2,272(sp)
20000bdc:	10c12983          	lw	s3,268(sp)
20000be0:	10812a03          	lw	s4,264(sp)
20000be4:	10412a83          	lw	s5,260(sp)
20000be8:	10012b03          	lw	s6,256(sp)
20000bec:	0fc12b83          	lw	s7,252(sp)
20000bf0:	0f812c03          	lw	s8,248(sp)
20000bf4:	0f412c83          	lw	s9,244(sp)
20000bf8:	12010113          	addi	sp,sp,288
20000bfc:	00008067          	ret

20000c00 <_pll_init_144>:
static uint64_t current_time;	/* Number of ticks, 10 ms period */

#if defined COLDSTART || defined CUSTOM
/* Setup PLL-clock */
int _pll_init_144(void)
{
20000c00:	fe010113          	addi	sp,sp,-32
20000c04:	00112e23          	sw	ra,28(sp)
20000c08:	00812c23          	sw	s0,24(sp)
20000c0c:	02010413          	addi	s0,sp,32
  /* Sets System clock frequency to 144MHz and configure HCLK, PCLK2 and PCLK1 prescalers. */
  volatile unsigned int StartUpCounter = 0;
20000c10:	fe042623          	sw	zero,-20(s0)
  volatile unsigned int HSEStatus = 0;
20000c14:	fe042423          	sw	zero,-24(s0)
  
  /* Reset pending iniz... */
  *RCC_CTLR |= (uint32_t)0x00000001;
20000c18:	400217b7          	lui	a5,0x40021
20000c1c:	0007a703          	lw	a4,0(a5) # 40021000 <__stack_top+0x2001b89c>
20000c20:	400217b7          	lui	a5,0x40021
20000c24:	00176713          	ori	a4,a4,1
20000c28:	00e7a023          	sw	a4,0(a5) # 40021000 <__stack_top+0x2001b89c>
  *RCC_CFGR0 &= (uint32_t)0xF8FF0000; 
20000c2c:	400217b7          	lui	a5,0x40021
20000c30:	00478793          	addi	a5,a5,4 # 40021004 <__stack_top+0x2001b8a0>
20000c34:	0007a683          	lw	a3,0(a5)
20000c38:	400217b7          	lui	a5,0x40021
20000c3c:	00478793          	addi	a5,a5,4 # 40021004 <__stack_top+0x2001b8a0>
20000c40:	f8ff0737          	lui	a4,0xf8ff0
20000c44:	00e6f733          	and	a4,a3,a4
20000c48:	00e7a023          	sw	a4,0(a5)
  *RCC_CTLR &= (uint32_t)0xFEF6FFFF; /* Turn off PLL:s ? */
20000c4c:	400217b7          	lui	a5,0x40021
20000c50:	0007a683          	lw	a3,0(a5) # 40021000 <__stack_top+0x2001b89c>
20000c54:	400217b7          	lui	a5,0x40021
20000c58:	fef70737          	lui	a4,0xfef70
20000c5c:	fff70713          	addi	a4,a4,-1 # fef6ffff <__stack_top+0xdef6a89b>
20000c60:	00e6f733          	and	a4,a3,a4
20000c64:	00e7a023          	sw	a4,0(a5) # 40021000 <__stack_top+0x2001b89c>
  *RCC_CTLR &= (uint32_t)0xFFFBFFFF;
20000c68:	400217b7          	lui	a5,0x40021
20000c6c:	0007a683          	lw	a3,0(a5) # 40021000 <__stack_top+0x2001b89c>
20000c70:	400217b7          	lui	a5,0x40021
20000c74:	fffc0737          	lui	a4,0xfffc0
20000c78:	fff70713          	addi	a4,a4,-1 # fffbffff <__stack_top+0xdffba89b>
20000c7c:	00e6f733          	and	a4,a3,a4
20000c80:	00e7a023          	sw	a4,0(a5) # 40021000 <__stack_top+0x2001b89c>
  *RCC_CFGR0 &= (uint32_t)0xFF80FFFF;
20000c84:	400217b7          	lui	a5,0x40021
20000c88:	00478793          	addi	a5,a5,4 # 40021004 <__stack_top+0x2001b8a0>
20000c8c:	0007a683          	lw	a3,0(a5)
20000c90:	400217b7          	lui	a5,0x40021
20000c94:	00478793          	addi	a5,a5,4 # 40021004 <__stack_top+0x2001b8a0>
20000c98:	ff810737          	lui	a4,0xff810
20000c9c:	fff70713          	addi	a4,a4,-1 # ff80ffff <__stack_top+0xdf80a89b>
20000ca0:	00e6f733          	and	a4,a3,a4
20000ca4:	00e7a023          	sw	a4,0(a5)
  *RCC_CTLR &= (uint32_t)0xEBFFFFFF;
20000ca8:	400217b7          	lui	a5,0x40021
20000cac:	0007a683          	lw	a3,0(a5) # 40021000 <__stack_top+0x2001b89c>
20000cb0:	400217b7          	lui	a5,0x40021
20000cb4:	ec000737          	lui	a4,0xec000
20000cb8:	fff70713          	addi	a4,a4,-1 # ebffffff <__stack_top+0xcbffa89b>
20000cbc:	00e6f733          	and	a4,a3,a4
20000cc0:	00e7a023          	sw	a4,0(a5) # 40021000 <__stack_top+0x2001b89c>
  *RCC_INTR = 0x00FF0000; /* Clear all interrupt flags */
20000cc4:	400217b7          	lui	a5,0x40021
20000cc8:	00878793          	addi	a5,a5,8 # 40021008 <__stack_top+0x2001b8a4>
20000ccc:	00ff0737          	lui	a4,0xff0
20000cd0:	00e7a023          	sw	a4,0(a5)
  *RCC_CFGR2 = 0x00000000;
20000cd4:	400217b7          	lui	a5,0x40021
20000cd8:	02c78793          	addi	a5,a5,44 # 4002102c <__stack_top+0x2001b8c8>
20000cdc:	0007a023          	sw	zero,0(a5)
	
  *RCC_CTLR |= ((uint32_t)RCC_HSEON);
20000ce0:	400217b7          	lui	a5,0x40021
20000ce4:	0007a683          	lw	a3,0(a5) # 40021000 <__stack_top+0x2001b89c>
20000ce8:	400217b7          	lui	a5,0x40021
20000cec:	00010737          	lui	a4,0x10
20000cf0:	00e6e733          	or	a4,a3,a4
20000cf4:	00e7a023          	sw	a4,0(a5) # 40021000 <__stack_top+0x2001b89c>
  /* Wait till HSE is ready or time out. */
  do {
    HSEStatus = *RCC_CTLR & RCC_HSERDY;
20000cf8:	400217b7          	lui	a5,0x40021
20000cfc:	0007a703          	lw	a4,0(a5) # 40021000 <__stack_top+0x2001b89c>
20000d00:	000207b7          	lui	a5,0x20
20000d04:	00f777b3          	and	a5,a4,a5
20000d08:	fef42423          	sw	a5,-24(s0)
    StartUpCounter++;
20000d0c:	fec42783          	lw	a5,-20(s0)
20000d10:	00178793          	addi	a5,a5,1 # 20001 <_start-0x1ffdffff>
20000d14:	fef42623          	sw	a5,-20(s0)
  } while((HSEStatus == 0) && (StartUpCounter != HSE_STARTUP_TIMEOUT));
20000d18:	fe842783          	lw	a5,-24(s0)
20000d1c:	00079863          	bnez	a5,20000d2c <_pll_init_144+0x12c>
20000d20:	fec42703          	lw	a4,-20(s0)
20000d24:	1f400793          	li	a5,500
20000d28:	fcf718e3          	bne	a4,a5,20000cf8 <_pll_init_144+0xf8>

  if ( (*RCC_CTLR & RCC_HSERDY) == 0 )
20000d2c:	400217b7          	lui	a5,0x40021
20000d30:	0007a703          	lw	a4,0(a5) # 40021000 <__stack_top+0x2001b89c>
20000d34:	000207b7          	lui	a5,0x20
20000d38:	00f777b3          	and	a5,a4,a5
20000d3c:	00079663          	bnez	a5,20000d48 <_pll_init_144+0x148>
  {
     /* If HSE fails to start-up, 
	  * the application will have a bad clock configuration. 
	  * Notify caller */
		return 1;
20000d40:	00100793          	li	a5,1
20000d44:	11c0006f          	j	20000e60 <_pll_init_144+0x260>
  }
    
  *RCC_CFGR0 |= (uint32_t)RCC_HPRE_DIV1;  /* HCLK = SYSCLK */
20000d48:	400217b7          	lui	a5,0x40021
20000d4c:	00478713          	addi	a4,a5,4 # 40021004 <__stack_top+0x2001b8a0>
20000d50:	400217b7          	lui	a5,0x40021
20000d54:	00478793          	addi	a5,a5,4 # 40021004 <__stack_top+0x2001b8a0>
20000d58:	00072703          	lw	a4,0(a4) # 10000 <_start-0x1fff0000>
20000d5c:	00e7a023          	sw	a4,0(a5)
  *RCC_CFGR0 |= (uint32_t)RCC_PPRE2_DIV1;  /* PCLK2 = HCLK */
20000d60:	400217b7          	lui	a5,0x40021
20000d64:	00478713          	addi	a4,a5,4 # 40021004 <__stack_top+0x2001b8a0>
20000d68:	400217b7          	lui	a5,0x40021
20000d6c:	00478793          	addi	a5,a5,4 # 40021004 <__stack_top+0x2001b8a0>
20000d70:	00072703          	lw	a4,0(a4)
20000d74:	00e7a023          	sw	a4,0(a5)
  *RCC_CFGR2 |= (uint32_t)RCC_PPRE1_DIV2;  /* PCLK1 = HCLK/2 */
20000d78:	400217b7          	lui	a5,0x40021
20000d7c:	02c78793          	addi	a5,a5,44 # 4002102c <__stack_top+0x2001b8c8>
20000d80:	0007a703          	lw	a4,0(a5)
20000d84:	400217b7          	lui	a5,0x40021
20000d88:	02c78793          	addi	a5,a5,44 # 4002102c <__stack_top+0x2001b8c8>
20000d8c:	40076713          	ori	a4,a4,1024
20000d90:	00e7a023          	sw	a4,0(a5)
  /*  PLL configuration: PLLCLK = HSE * 18 = 144 MHz */
  *RCC_CFGR0 &= (uint32_t)((uint32_t)~(RCC_PLLSRC | RCC_PLLXTPRE | RCC_PLLMULL));
20000d94:	400217b7          	lui	a5,0x40021
20000d98:	00478793          	addi	a5,a5,4 # 40021004 <__stack_top+0x2001b8a0>
20000d9c:	0007a683          	lw	a3,0(a5)
20000da0:	400217b7          	lui	a5,0x40021
20000da4:	00478793          	addi	a5,a5,4 # 40021004 <__stack_top+0x2001b8a0>
20000da8:	ffc10737          	lui	a4,0xffc10
20000dac:	fff70713          	addi	a4,a4,-1 # ffc0ffff <__stack_top+0xdfc0a89b>
20000db0:	00e6f733          	and	a4,a3,a4
20000db4:	00e7a023          	sw	a4,0(a5)
  *RCC_CFGR0 |= (uint32_t)(RCC_PLLSRC_HSE | RCC_PLLXTPRE_HSE | RCC_PLLMULL18_EXTEN); // D8C
20000db8:	400217b7          	lui	a5,0x40021
20000dbc:	00478793          	addi	a5,a5,4 # 40021004 <__stack_top+0x2001b8a0>
20000dc0:	0007a683          	lw	a3,0(a5)
20000dc4:	400217b7          	lui	a5,0x40021
20000dc8:	00478793          	addi	a5,a5,4 # 40021004 <__stack_top+0x2001b8a0>
20000dcc:	00010737          	lui	a4,0x10
20000dd0:	00e6e733          	or	a4,a3,a4
20000dd4:	00e7a023          	sw	a4,0(a5)
  *RCC_CTLR |= RCC_PLLON;  /* Enable PLL */
20000dd8:	400217b7          	lui	a5,0x40021
20000ddc:	0007a683          	lw	a3,0(a5) # 40021000 <__stack_top+0x2001b89c>
20000de0:	400217b7          	lui	a5,0x40021
20000de4:	01000737          	lui	a4,0x1000
20000de8:	00e6e733          	or	a4,a3,a4
20000dec:	00e7a023          	sw	a4,0(a5) # 40021000 <__stack_top+0x2001b89c>
  while((*RCC_CTLR & RCC_PLLRDY) == 0) {}  /* Wait till PLL is ready */
20000df0:	00000013          	nop
20000df4:	400217b7          	lui	a5,0x40021
20000df8:	0007a703          	lw	a4,0(a5) # 40021000 <__stack_top+0x2001b89c>
20000dfc:	020007b7          	lui	a5,0x2000
20000e00:	00f777b3          	and	a5,a4,a5
20000e04:	fe0788e3          	beqz	a5,20000df4 <_pll_init_144+0x1f4>
  *RCC_CFGR0 &= (uint32_t)((uint32_t)~(RCC_SW)); /* Select PLL as system clock source */
20000e08:	400217b7          	lui	a5,0x40021
20000e0c:	00478793          	addi	a5,a5,4 # 40021004 <__stack_top+0x2001b8a0>
20000e10:	0007a703          	lw	a4,0(a5)
20000e14:	400217b7          	lui	a5,0x40021
20000e18:	00478793          	addi	a5,a5,4 # 40021004 <__stack_top+0x2001b8a0>
20000e1c:	ffc77713          	andi	a4,a4,-4
20000e20:	00e7a023          	sw	a4,0(a5)
  *RCC_CFGR0 |= 2; // PLL used as system clock (uint32_t)RCC_SW_PLL;
20000e24:	400217b7          	lui	a5,0x40021
20000e28:	00478793          	addi	a5,a5,4 # 40021004 <__stack_top+0x2001b8a0>
20000e2c:	0007a703          	lw	a4,0(a5)
20000e30:	400217b7          	lui	a5,0x40021
20000e34:	00478793          	addi	a5,a5,4 # 40021004 <__stack_top+0x2001b8a0>
20000e38:	00276713          	ori	a4,a4,2
20000e3c:	00e7a023          	sw	a4,0(a5)
  while ((*RCC_CFGR0 & (uint32_t)RCC_SWS) != (uint32_t)0x08){} /* Wait till PLL is used as system clock source */
20000e40:	00000013          	nop
20000e44:	400217b7          	lui	a5,0x40021
20000e48:	00478793          	addi	a5,a5,4 # 40021004 <__stack_top+0x2001b8a0>
20000e4c:	0007a783          	lw	a5,0(a5)
20000e50:	00c7f713          	andi	a4,a5,12
20000e54:	00800793          	li	a5,8
20000e58:	fef716e3          	bne	a4,a5,20000e44 <_pll_init_144+0x244>
  return 0;
20000e5c:	00000793          	li	a5,0
}
20000e60:	00078513          	mv	a0,a5
20000e64:	01c12083          	lw	ra,28(sp)
20000e68:	01812403          	lw	s0,24(sp)
20000e6c:	02010113          	addi	sp,sp,32
20000e70:	00008067          	ret

20000e74 <crt_timer_interrupt>:
#endif

__attribute__((interrupt )) void crt_timer_interrupt( void )
{  /* 1 ms period */
20000e74:	fd010113          	addi	sp,sp,-48
20000e78:	02112623          	sw	ra,44(sp)
20000e7c:	02512423          	sw	t0,40(sp)
20000e80:	02812223          	sw	s0,36(sp)
20000e84:	02a12023          	sw	a0,32(sp)
20000e88:	00b12e23          	sw	a1,28(sp)
20000e8c:	00c12c23          	sw	a2,24(sp)
20000e90:	00d12a23          	sw	a3,20(sp)
20000e94:	00e12823          	sw	a4,16(sp)
20000e98:	00f12623          	sw	a5,12(sp)
20000e9c:	01012423          	sw	a6,8(sp)
20000ea0:	03010413          	addi	s0,sp,48
	CRT_TIM->intfr &= ~TIM_UIF;
20000ea4:	400017b7          	lui	a5,0x40001
20000ea8:	0107d783          	lhu	a5,16(a5) # 40001010 <__stack_top+0x1fffb8ac>
20000eac:	01079713          	slli	a4,a5,0x10
20000eb0:	01075713          	srli	a4,a4,0x10
20000eb4:	400017b7          	lui	a5,0x40001
20000eb8:	ffe77713          	andi	a4,a4,-2
20000ebc:	01071713          	slli	a4,a4,0x10
20000ec0:	01075713          	srli	a4,a4,0x10
20000ec4:	00e79823          	sh	a4,16(a5) # 40001010 <__stack_top+0x1fffb8ac>
	current_time++;
20000ec8:	200057b7          	lui	a5,0x20005
20000ecc:	a107a703          	lw	a4,-1520(a5) # 20004a10 <current_time>
20000ed0:	a147a783          	lw	a5,-1516(a5)
20000ed4:	00100513          	li	a0,1
20000ed8:	00000593          	li	a1,0
20000edc:	00a70633          	add	a2,a4,a0
20000ee0:	00060813          	mv	a6,a2
20000ee4:	00e83833          	sltu	a6,a6,a4
20000ee8:	00b786b3          	add	a3,a5,a1
20000eec:	00d807b3          	add	a5,a6,a3
20000ef0:	00078693          	mv	a3,a5
20000ef4:	00060713          	mv	a4,a2
20000ef8:	00068793          	mv	a5,a3
20000efc:	200056b7          	lui	a3,0x20005
20000f00:	a0e6a823          	sw	a4,-1520(a3) # 20004a10 <current_time>
20000f04:	a0f6aa23          	sw	a5,-1516(a3)
}
20000f08:	00000013          	nop
20000f0c:	02c12083          	lw	ra,44(sp)
20000f10:	02812283          	lw	t0,40(sp)
20000f14:	02412403          	lw	s0,36(sp)
20000f18:	02012503          	lw	a0,32(sp)
20000f1c:	01c12583          	lw	a1,28(sp)
20000f20:	01812603          	lw	a2,24(sp)
20000f24:	01412683          	lw	a3,20(sp)
20000f28:	01012703          	lw	a4,16(sp)
20000f2c:	00c12783          	lw	a5,12(sp)
20000f30:	00812803          	lw	a6,8(sp)
20000f34:	03010113          	addi	sp,sp,48
20000f38:	30200073          	mret

20000f3c <_times>:
	 CRT_TIM->ctlr1 &= ~TIM_CEN;
}
#endif

 
clock_t _times(struct tms *buf) {
20000f3c:	fe010113          	addi	sp,sp,-32
20000f40:	00112e23          	sw	ra,28(sp)
20000f44:	00812c23          	sw	s0,24(sp)
20000f48:	02010413          	addi	s0,sp,32
20000f4c:	fea42623          	sw	a0,-20(s0)
    buf->tms_utime = buf->tms_stime = current_time;
20000f50:	200057b7          	lui	a5,0x20005
20000f54:	a107a703          	lw	a4,-1520(a5) # 20004a10 <current_time>
20000f58:	a147a783          	lw	a5,-1516(a5)
20000f5c:	fec42783          	lw	a5,-20(s0)
20000f60:	00e7a223          	sw	a4,4(a5)
20000f64:	fec42783          	lw	a5,-20(s0)
20000f68:	0047a703          	lw	a4,4(a5)
20000f6c:	fec42783          	lw	a5,-20(s0)
20000f70:	00e7a023          	sw	a4,0(a5)
    return current_time;
20000f74:	200057b7          	lui	a5,0x20005
20000f78:	a107a703          	lw	a4,-1520(a5) # 20004a10 <current_time>
20000f7c:	a147a783          	lw	a5,-1516(a5)
20000f80:	00070793          	mv	a5,a4
}
20000f84:	00078513          	mv	a0,a5
20000f88:	01c12083          	lw	ra,28(sp)
20000f8c:	01812403          	lw	s0,24(sp)
20000f90:	02010113          	addi	sp,sp,32
20000f94:	00008067          	ret

20000f98 <_gettimeofday>:

int _gettimeofday( struct timeval *tv, void *tzvp )
{
20000f98:	fd010113          	addi	sp,sp,-48
20000f9c:	02112623          	sw	ra,44(sp)
20000fa0:	02812423          	sw	s0,40(sp)
20000fa4:	03010413          	addi	s0,sp,48
20000fa8:	fca42e23          	sw	a0,-36(s0)
20000fac:	fcb42c23          	sw	a1,-40(s0)
    uint64_t t = current_time;  /* get uptime in milliseconds */
20000fb0:	200057b7          	lui	a5,0x20005
20000fb4:	a107a703          	lw	a4,-1520(a5) # 20004a10 <current_time>
20000fb8:	a147a783          	lw	a5,-1516(a5)
20000fbc:	fee42423          	sw	a4,-24(s0)
20000fc0:	fef42623          	sw	a5,-20(s0)
    tv->tv_sec = t / 100;  		/* convert to seconds */
20000fc4:	fe842703          	lw	a4,-24(s0)
20000fc8:	fec42783          	lw	a5,-20(s0)
20000fcc:	06400613          	li	a2,100
20000fd0:	00000693          	li	a3,0
20000fd4:	00070513          	mv	a0,a4
20000fd8:	00078593          	mv	a1,a5
20000fdc:	768000ef          	jal	20001744 <__udivdi3>
20000fe0:	00050713          	mv	a4,a0
20000fe4:	00058793          	mv	a5,a1
20000fe8:	fdc42683          	lw	a3,-36(s0)
20000fec:	00e6a023          	sw	a4,0(a3)
20000ff0:	00f6a223          	sw	a5,4(a3)
    tv->tv_usec = ( t % 100 );  /* get remaining microseconds */
20000ff4:	fe842703          	lw	a4,-24(s0)
20000ff8:	fec42783          	lw	a5,-20(s0)
20000ffc:	06400613          	li	a2,100
20001000:	00000693          	li	a3,0
20001004:	00070513          	mv	a0,a4
20001008:	00078593          	mv	a1,a5
2000100c:	325000ef          	jal	20001b30 <__umoddi3>
20001010:	00050713          	mv	a4,a0
20001014:	00058793          	mv	a5,a1
20001018:	fdc42783          	lw	a5,-36(s0)
2000101c:	00e7a423          	sw	a4,8(a5)
    return 0;  					/* return non-zero for error */
20001020:	00000793          	li	a5,0
} 
20001024:	00078513          	mv	a0,a5
20001028:	02c12083          	lw	ra,44(sp)
2000102c:	02812403          	lw	s0,40(sp)
20001030:	03010113          	addi	sp,sp,48
20001034:	00008067          	ret

20001038 <_settimeofday>:

int _settimeofday( struct timeval *tv, void *tzvp )
{
20001038:	fe010113          	addi	sp,sp,-32
2000103c:	00112e23          	sw	ra,28(sp)
20001040:	00812c23          	sw	s0,24(sp)
20001044:	02010413          	addi	s0,sp,32
20001048:	fea42623          	sw	a0,-20(s0)
2000104c:	feb42423          	sw	a1,-24(s0)
    current_time = 100 * tv->tv_sec ;  
20001050:	fec42783          	lw	a5,-20(s0)
20001054:	0007a703          	lw	a4,0(a5)
20001058:	0047a783          	lw	a5,4(a5)
2000105c:	06400593          	li	a1,100
20001060:	02b78533          	mul	a0,a5,a1
20001064:	00000593          	li	a1,0
20001068:	02b705b3          	mul	a1,a4,a1
2000106c:	00b50533          	add	a0,a0,a1
20001070:	06400593          	li	a1,100
20001074:	02b70333          	mul	t1,a4,a1
20001078:	02b738b3          	mulhu	a7,a4,a1
2000107c:	00030813          	mv	a6,t1
20001080:	011507b3          	add	a5,a0,a7
20001084:	00078893          	mv	a7,a5
20001088:	00080713          	mv	a4,a6
2000108c:	00088793          	mv	a5,a7
20001090:	200055b7          	lui	a1,0x20005
20001094:	a0e5a823          	sw	a4,-1520(a1) # 20004a10 <current_time>
20001098:	a0f5aa23          	sw	a5,-1516(a1)
	current_time += tv->tv_usec;
2000109c:	fec42783          	lw	a5,-20(s0)
200010a0:	0087a783          	lw	a5,8(a5)
200010a4:	00078613          	mv	a2,a5
200010a8:	41f7d793          	srai	a5,a5,0x1f
200010ac:	00078693          	mv	a3,a5
200010b0:	200057b7          	lui	a5,0x20005
200010b4:	a107a503          	lw	a0,-1520(a5) # 20004a10 <current_time>
200010b8:	a147a583          	lw	a1,-1516(a5)
200010bc:	00a60733          	add	a4,a2,a0
200010c0:	00070813          	mv	a6,a4
200010c4:	00c83833          	sltu	a6,a6,a2
200010c8:	00b687b3          	add	a5,a3,a1
200010cc:	00f806b3          	add	a3,a6,a5
200010d0:	00068793          	mv	a5,a3
200010d4:	200056b7          	lui	a3,0x20005
200010d8:	a0e6a823          	sw	a4,-1520(a3) # 20004a10 <current_time>
200010dc:	a0f6aa23          	sw	a5,-1516(a3)
    return 0;  					/* return non-zero for error */
200010e0:	00000793          	li	a5,0
} 
200010e4:	00078513          	mv	a0,a5
200010e8:	01c12083          	lw	ra,28(sp)
200010ec:	01812403          	lw	s0,24(sp)
200010f0:	02010113          	addi	sp,sp,32
200010f4:	00008067          	ret

200010f8 <_tstchar>:



#ifdef CUSTOM
unsigned char  _tstchar( void )
{
200010f8:	ff010113          	addi	sp,sp,-16
200010fc:	00112623          	sw	ra,12(sp)
20001100:	00812423          	sw	s0,8(sp)
20001104:	01010413          	addi	s0,sp,16
	if(USART1->statr & 0x20)
20001108:	400147b7          	lui	a5,0x40014
2000110c:	80078793          	addi	a5,a5,-2048 # 40013800 <__stack_top+0x2000e09c>
20001110:	0007d783          	lhu	a5,0(a5)
20001114:	01079793          	slli	a5,a5,0x10
20001118:	0107d793          	srli	a5,a5,0x10
2000111c:	0207f793          	andi	a5,a5,32
20001120:	02078063          	beqz	a5,20001140 <_tstchar+0x48>
		return (char) USART1->datar;
20001124:	400147b7          	lui	a5,0x40014
20001128:	80078793          	addi	a5,a5,-2048 # 40013800 <__stack_top+0x2000e09c>
2000112c:	0047d783          	lhu	a5,4(a5)
20001130:	01079793          	slli	a5,a5,0x10
20001134:	0107d793          	srli	a5,a5,0x10
20001138:	0ff7f793          	zext.b	a5,a5
2000113c:	0080006f          	j	20001144 <_tstchar+0x4c>
	return 0;
20001140:	00000793          	li	a5,0
}
20001144:	00078513          	mv	a0,a5
20001148:	00c12083          	lw	ra,12(sp)
2000114c:	00812403          	lw	s0,8(sp)
20001150:	01010113          	addi	sp,sp,16
20001154:	00008067          	ret

20001158 <_outchar>:
void _outchar( unsigned char ch )
{
20001158:	fe010113          	addi	sp,sp,-32
2000115c:	00112e23          	sw	ra,28(sp)
20001160:	00812c23          	sw	s0,24(sp)
20001164:	02010413          	addi	s0,sp,32
20001168:	00050793          	mv	a5,a0
2000116c:	fef407a3          	sb	a5,-17(s0)
	USART1->datar = (unsigned long) ch;
20001170:	400147b7          	lui	a5,0x40014
20001174:	80078793          	addi	a5,a5,-2048 # 40013800 <__stack_top+0x2000e09c>
20001178:	fef44703          	lbu	a4,-17(s0)
2000117c:	01071713          	slli	a4,a4,0x10
20001180:	01075713          	srli	a4,a4,0x10
20001184:	00e79223          	sh	a4,4(a5)
 	while (( USART1->statr & 0x80)==0);
20001188:	00000013          	nop
2000118c:	400147b7          	lui	a5,0x40014
20001190:	80078793          	addi	a5,a5,-2048 # 40013800 <__stack_top+0x2000e09c>
20001194:	0007d783          	lhu	a5,0(a5)
20001198:	01079793          	slli	a5,a5,0x10
2000119c:	0107d793          	srli	a5,a5,0x10
200011a0:	0807f793          	andi	a5,a5,128
200011a4:	fe0784e3          	beqz	a5,2000118c <_outchar+0x34>
}
200011a8:	00000013          	nop
200011ac:	00000013          	nop
200011b0:	01c12083          	lw	ra,28(sp)
200011b4:	01812403          	lw	s0,24(sp)
200011b8:	02010113          	addi	sp,sp,32
200011bc:	00008067          	ret

200011c0 <_sbrk>:

/* *********************** */

static char *heap_end;

char * _sbrk(int incr) {
200011c0:	fd010113          	addi	sp,sp,-48
200011c4:	02112623          	sw	ra,44(sp)
200011c8:	02812423          	sw	s0,40(sp)
200011cc:	03010413          	addi	s0,sp,48
200011d0:	fca42e23          	sw	a0,-36(s0)
	char *prev_heap_end;
 	if (heap_end == 0) {
200011d4:	200057b7          	lui	a5,0x20005
200011d8:	a187a783          	lw	a5,-1512(a5) # 20004a18 <heap_end>
200011dc:	00079a63          	bnez	a5,200011f0 <_sbrk+0x30>
		heap_end = &__heap_low;
200011e0:	200057b7          	lui	a5,0x20005
200011e4:	20005737          	lui	a4,0x20005
200011e8:	b6470713          	addi	a4,a4,-1180 # 20004b64 <__bss_end__>
200011ec:	a0e7ac23          	sw	a4,-1512(a5) # 20004a18 <heap_end>
	}
	prev_heap_end = heap_end;
200011f0:	200057b7          	lui	a5,0x20005
200011f4:	a187a783          	lw	a5,-1512(a5) # 20004a18 <heap_end>
200011f8:	fef42623          	sw	a5,-20(s0)
	if (heap_end + incr > &__heap_top) {		
200011fc:	200057b7          	lui	a5,0x20005
20001200:	a187a703          	lw	a4,-1512(a5) # 20004a18 <heap_end>
20001204:	fdc42783          	lw	a5,-36(s0)
20001208:	00f70733          	add	a4,a4,a5
2000120c:	200057b7          	lui	a5,0x20005
20001210:	36478793          	addi	a5,a5,868 # 20005364 <__heap_top>
20001214:	00e7fe63          	bgeu	a5,a4,20001230 <_sbrk+0x70>
		errno = ENOMEM;
20001218:	318010ef          	jal	20002530 <__errno>
2000121c:	00050713          	mv	a4,a0
20001220:	00c00793          	li	a5,12
20001224:	00f72023          	sw	a5,0(a4)
		return (char *)-1;
20001228:	fff00793          	li	a5,-1
2000122c:	0200006f          	j	2000124c <_sbrk+0x8c>
	}
	heap_end += incr;
20001230:	200057b7          	lui	a5,0x20005
20001234:	a187a703          	lw	a4,-1512(a5) # 20004a18 <heap_end>
20001238:	fdc42783          	lw	a5,-36(s0)
2000123c:	00f70733          	add	a4,a4,a5
20001240:	200057b7          	lui	a5,0x20005
20001244:	a0e7ac23          	sw	a4,-1512(a5) # 20004a18 <heap_end>
	return (char *) prev_heap_end;	
20001248:	fec42783          	lw	a5,-20(s0)
}
2000124c:	00078513          	mv	a0,a5
20001250:	02c12083          	lw	ra,44(sp)
20001254:	02812403          	lw	s0,40(sp)
20001258:	03010113          	addi	sp,sp,48
2000125c:	00008067          	ret

20001260 <_crt_init>:

__attribute__ ( (used) )		/* Might be optimised away otherwise... */
volatile void _crt_init( void) {
20001260:	fe010113          	addi	sp,sp,-32
20001264:	00112e23          	sw	ra,28(sp)
20001268:	00812c23          	sw	s0,24(sp)
2000126c:	02010413          	addi	s0,sp,32
	char *s, *e;
	
#if defined COLDSTART	
	/* Setup the system clock */
	extern int _pll_init_144();
	while( _pll_init_144() ){}
20001270:	00000013          	nop
20001274:	98dff0ef          	jal	20000c00 <_pll_init_144>
20001278:	00050793          	mv	a5,a0
2000127c:	fe079ce3          	bnez	a5,20001274 <_crt_init+0x14>
	/* Initialise console USART*/
	RCC->apb2cenr |= (1<<14); 		/* Enable USART 1/SPI1  clock */
20001280:	400217b7          	lui	a5,0x40021
20001284:	0187a683          	lw	a3,24(a5) # 40021018 <__stack_top+0x2001b8b4>
20001288:	400217b7          	lui	a5,0x40021
2000128c:	00004737          	lui	a4,0x4
20001290:	00e6e733          	or	a4,a3,a4
20001294:	00e7ac23          	sw	a4,24(a5) # 40021018 <__stack_top+0x2001b8b4>
	RCC->apb2cenr |= (1<<2); 		/* Enable GPIO A clock */
20001298:	400217b7          	lui	a5,0x40021
2000129c:	0187a703          	lw	a4,24(a5) # 40021018 <__stack_top+0x2001b8b4>
200012a0:	400217b7          	lui	a5,0x40021
200012a4:	00476713          	ori	a4,a4,4
200012a8:	00e7ac23          	sw	a4,24(a5) # 40021018 <__stack_top+0x2001b8b4>
	RCC->apb2cenr |= (1<<0); 		/* Enable AF IO clock  */
200012ac:	400217b7          	lui	a5,0x40021
200012b0:	0187a703          	lw	a4,24(a5) # 40021018 <__stack_top+0x2001b8b4>
200012b4:	400217b7          	lui	a5,0x40021
200012b8:	00176713          	ori	a4,a4,1
200012bc:	00e7ac23          	sw	a4,24(a5) # 40021018 <__stack_top+0x2001b8b4>
	RCC->apb2cenr |= (1<<5); 		/* Enable GPIO D clock  */
200012c0:	400217b7          	lui	a5,0x40021
200012c4:	0187a703          	lw	a4,24(a5) # 40021018 <__stack_top+0x2001b8b4>
200012c8:	400217b7          	lui	a5,0x40021
200012cc:	02076713          	ori	a4,a4,32
200012d0:	00e7ac23          	sw	a4,24(a5) # 40021018 <__stack_top+0x2001b8b4>
	RCC->apb2cenr |= (1<<6); 		/* Enable GPIO E clock  */
200012d4:	400217b7          	lui	a5,0x40021
200012d8:	0187a703          	lw	a4,24(a5) # 40021018 <__stack_top+0x2001b8b4>
200012dc:	400217b7          	lui	a5,0x40021
200012e0:	04076713          	ori	a4,a4,64
200012e4:	00e7ac23          	sw	a4,24(a5) # 40021018 <__stack_top+0x2001b8b4>
	RCC->apb2prstr	|= (1<<14) | (1<<5) | (1<<6); 	/* Reset USART1, GPIOD and GPIO E */	
200012e8:	400217b7          	lui	a5,0x40021
200012ec:	00c7a683          	lw	a3,12(a5) # 4002100c <__stack_top+0x2001b8a8>
200012f0:	400217b7          	lui	a5,0x40021
200012f4:	00004737          	lui	a4,0x4
200012f8:	06070713          	addi	a4,a4,96 # 4060 <_start-0x1fffbfa0>
200012fc:	00e6e733          	or	a4,a3,a4
20001300:	00e7a623          	sw	a4,12(a5) # 4002100c <__stack_top+0x2001b8a8>
	RCC->apb2prstr	&= ~((1<<14) | (1<<5) | (1<<6)); 	
20001304:	400217b7          	lui	a5,0x40021
20001308:	00c7a683          	lw	a3,12(a5) # 4002100c <__stack_top+0x2001b8a8>
2000130c:	400217b7          	lui	a5,0x40021
20001310:	ffffc737          	lui	a4,0xffffc
20001314:	f9f70713          	addi	a4,a4,-97 # ffffbf9f <__stack_top+0xdfff683b>
20001318:	00e6f733          	and	a4,a3,a4
2000131c:	00e7a623          	sw	a4,12(a5) # 4002100c <__stack_top+0x2001b8a8>
	*GPIO_CFGHR(GPIO_A) |= (0xB0);			/* PA9 AF USART1 TX */
20001320:	400117b7          	lui	a5,0x40011
20001324:	80478793          	addi	a5,a5,-2044 # 40010804 <__stack_top+0x2000b0a0>
20001328:	0007a703          	lw	a4,0(a5)
2000132c:	400117b7          	lui	a5,0x40011
20001330:	80478793          	addi	a5,a5,-2044 # 40010804 <__stack_top+0x2000b0a0>
20001334:	0b076713          	ori	a4,a4,176
20001338:	00e7a023          	sw	a4,0(a5)
	*GPIO_CFGHR(GPIO_A) |= (0x400);		/* PA10 AF USART1 RX floating*/
2000133c:	400117b7          	lui	a5,0x40011
20001340:	80478793          	addi	a5,a5,-2044 # 40010804 <__stack_top+0x2000b0a0>
20001344:	0007a703          	lw	a4,0(a5)
20001348:	400117b7          	lui	a5,0x40011
2000134c:	80478793          	addi	a5,a5,-2044 # 40010804 <__stack_top+0x2000b0a0>
20001350:	40076713          	ori	a4,a4,1024
20001354:	00e7a023          	sw	a4,0(a5)
	USART1->brr = 0x4E2;	/* Set UART baudrate (115 200, 144 MHz) */
20001358:	400147b7          	lui	a5,0x40014
2000135c:	80078793          	addi	a5,a5,-2048 # 40013800 <__stack_top+0x2000e09c>
20001360:	4e200713          	li	a4,1250
20001364:	00e79423          	sh	a4,8(a5)
	USART1->ctlr1 = 0x200C;	/* Enable USART, TE/RX */
20001368:	400147b7          	lui	a5,0x40014
2000136c:	80078793          	addi	a5,a5,-2048 # 40013800 <__stack_top+0x2000e09c>
20001370:	00002737          	lui	a4,0x2
20001374:	00c70713          	addi	a4,a4,12 # 200c <_start-0x1fffdff4>
20001378:	00e79623          	sh	a4,12(a5)

	// Also setup TIMER6 and 7
	RCC->apb1cenr |= (1 << 4);   // Enable TIM6 clock	
2000137c:	400217b7          	lui	a5,0x40021
20001380:	01c7a703          	lw	a4,28(a5) # 4002101c <__stack_top+0x2001b8b8>
20001384:	400217b7          	lui	a5,0x40021
20001388:	01076713          	ori	a4,a4,16
2000138c:	00e7ae23          	sw	a4,28(a5) # 4002101c <__stack_top+0x2001b8b8>
	RCC->apb1prstr |=  (1 << 4);  // Reset TIM6
20001390:	400217b7          	lui	a5,0x40021
20001394:	0107a703          	lw	a4,16(a5) # 40021010 <__stack_top+0x2001b8ac>
20001398:	400217b7          	lui	a5,0x40021
2000139c:	01076713          	ori	a4,a4,16
200013a0:	00e7a823          	sw	a4,16(a5) # 40021010 <__stack_top+0x2001b8ac>
	RCC->apb1prstr &= ~(1 << 4);
200013a4:	400217b7          	lui	a5,0x40021
200013a8:	0107a703          	lw	a4,16(a5) # 40021010 <__stack_top+0x2001b8ac>
200013ac:	400217b7          	lui	a5,0x40021
200013b0:	fef77713          	andi	a4,a4,-17
200013b4:	00e7a823          	sw	a4,16(a5) # 40021010 <__stack_top+0x2001b8ac>
	RCC->apb1cenr |= (1 << 5);   // Enable TIM7 clock
200013b8:	400217b7          	lui	a5,0x40021
200013bc:	01c7a703          	lw	a4,28(a5) # 4002101c <__stack_top+0x2001b8b8>
200013c0:	400217b7          	lui	a5,0x40021
200013c4:	02076713          	ori	a4,a4,32
200013c8:	00e7ae23          	sw	a4,28(a5) # 4002101c <__stack_top+0x2001b8b8>
	RCC->apb1prstr |=  (1 << 5);  // Reset TIM7
200013cc:	400217b7          	lui	a5,0x40021
200013d0:	0107a703          	lw	a4,16(a5) # 40021010 <__stack_top+0x2001b8ac>
200013d4:	400217b7          	lui	a5,0x40021
200013d8:	02076713          	ori	a4,a4,32
200013dc:	00e7a823          	sw	a4,16(a5) # 40021010 <__stack_top+0x2001b8ac>
	RCC->apb1prstr &= ~(1 << 5);
200013e0:	400217b7          	lui	a5,0x40021
200013e4:	0107a703          	lw	a4,16(a5) # 40021010 <__stack_top+0x2001b8ac>
200013e8:	400217b7          	lui	a5,0x40021
200013ec:	fdf77713          	andi	a4,a4,-33
200013f0:	00e7a823          	sw	a4,16(a5) # 40021010 <__stack_top+0x2001b8ac>

# endif	
	/* Setup memory heap */
	heap_end = 0;
200013f4:	200057b7          	lui	a5,0x20005
200013f8:	a007ac23          	sw	zero,-1512(a5) # 20004a18 <heap_end>
	s = &__bss_start__;
200013fc:	200057b7          	lui	a5,0x20005
20001400:	a1078793          	addi	a5,a5,-1520 # 20004a10 <current_time>
20001404:	fef42623          	sw	a5,-20(s0)
	e = &__bss_end__;
20001408:	200057b7          	lui	a5,0x20005
2000140c:	b6478793          	addi	a5,a5,-1180 # 20004b64 <__bss_end__>
20001410:	fef42423          	sw	a5,-24(s0)
	while( s < e )
20001414:	0140006f          	j	20001428 <_crt_init+0x1c8>
		*s++ = 0;
20001418:	fec42783          	lw	a5,-20(s0)
2000141c:	00178713          	addi	a4,a5,1
20001420:	fee42623          	sw	a4,-20(s0)
20001424:	00078023          	sb	zero,0(a5)
	while( s < e )
20001428:	fec42703          	lw	a4,-20(s0)
2000142c:	fe842783          	lw	a5,-24(s0)
20001430:	fef764e3          	bltu	a4,a5,20001418 <_crt_init+0x1b8>
		
 	/* Turn off stdio buffering */
	setvbuf( stdin, NULL, _IONBF, 0 );
20001434:	200057b7          	lui	a5,0x20005
20001438:	a087a783          	lw	a5,-1528(a5) # 20004a08 <_impure_ptr>
2000143c:	0047a783          	lw	a5,4(a5)
20001440:	00000693          	li	a3,0
20001444:	00200613          	li	a2,2
20001448:	00000593          	li	a1,0
2000144c:	00078513          	mv	a0,a5
20001450:	4c1000ef          	jal	20002110 <setvbuf>
	setvbuf( stdout, NULL, _IONBF, 0 );
20001454:	200057b7          	lui	a5,0x20005
20001458:	a087a783          	lw	a5,-1528(a5) # 20004a08 <_impure_ptr>
2000145c:	0087a783          	lw	a5,8(a5)
20001460:	00000693          	li	a3,0
20001464:	00200613          	li	a2,2
20001468:	00000593          	li	a1,0
2000146c:	00078513          	mv	a0,a5
20001470:	4a1000ef          	jal	20002110 <setvbuf>
	setvbuf( stderr, NULL, _IONBF, 0 );
20001474:	200057b7          	lui	a5,0x20005
20001478:	a087a783          	lw	a5,-1528(a5) # 20004a08 <_impure_ptr>
2000147c:	00c7a783          	lw	a5,12(a5)
20001480:	00000693          	li	a3,0
20001484:	00200613          	li	a2,2
20001488:	00000593          	li	a1,0
2000148c:	00078513          	mv	a0,a5
20001490:	481000ef          	jal	20002110 <setvbuf>
	
	//crt_timer_init();
}
20001494:	00000013          	nop
20001498:	01c12083          	lw	ra,28(sp)
2000149c:	01812403          	lw	s0,24(sp)
200014a0:	02010113          	addi	sp,sp,32
200014a4:	00008067          	ret

200014a8 <_crt_deinit>:

__attribute__ ( (used) )		
volatile void _crt_deinit( void ) {
200014a8:	ff010113          	addi	sp,sp,-16
200014ac:	00112623          	sw	ra,12(sp)
200014b0:	00812423          	sw	s0,8(sp)
200014b4:	01010413          	addi	s0,sp,16
	//crt_timer_deinit( );
}
200014b8:	00000013          	nop
200014bc:	00c12083          	lw	ra,12(sp)
200014c0:	00812403          	lw	s0,8(sp)
200014c4:	01010113          	addi	sp,sp,16
200014c8:	00008067          	ret

200014cc <_exit>:

void _exit( int a )
{
200014cc:	fe010113          	addi	sp,sp,-32
200014d0:	00112e23          	sw	ra,28(sp)
200014d4:	00812c23          	sw	s0,24(sp)
200014d8:	02010413          	addi	s0,sp,32
200014dc:	fea42623          	sw	a0,-20(s0)
	if( a )
200014e0:	fec42783          	lw	a5,-20(s0)
200014e4:	00078a63          	beqz	a5,200014f8 <_exit+0x2c>
		printf("\nProgram exited with code %d\n",a);
200014e8:	fec42583          	lw	a1,-20(s0)
200014ec:	200047b7          	lui	a5,0x20004
200014f0:	7bc78513          	addi	a0,a5,1980 # 200047bc <_malloc_usable_size_r+0x2c4>
200014f4:	299000ef          	jal	20001f8c <iprintf>
	_crt_deinit( );
200014f8:	fb1ff0ef          	jal	200014a8 <_crt_deinit>
	//__asm__ volatile(" j __crt_reentry$\n");				
}
200014fc:	00000013          	nop
20001500:	01c12083          	lw	ra,28(sp)
20001504:	01812403          	lw	s0,24(sp)
20001508:	02010113          	addi	sp,sp,32
2000150c:	00008067          	ret

20001510 <_close>:

int _close(int file) {
20001510:	fe010113          	addi	sp,sp,-32
20001514:	00112e23          	sw	ra,28(sp)
20001518:	00812c23          	sw	s0,24(sp)
2000151c:	02010413          	addi	s0,sp,32
20001520:	fea42623          	sw	a0,-20(s0)
      return -1;
20001524:	fff00793          	li	a5,-1
}
20001528:	00078513          	mv	a0,a5
2000152c:	01c12083          	lw	ra,28(sp)
20001530:	01812403          	lw	s0,24(sp)
20001534:	02010113          	addi	sp,sp,32
20001538:	00008067          	ret

2000153c <_open>:

int _open(const char *name, int flags, int mode)
{ 
2000153c:	fe010113          	addi	sp,sp,-32
20001540:	00112e23          	sw	ra,28(sp)
20001544:	00812c23          	sw	s0,24(sp)
20001548:	02010413          	addi	s0,sp,32
2000154c:	fea42623          	sw	a0,-20(s0)
20001550:	feb42423          	sw	a1,-24(s0)
20001554:	fec42223          	sw	a2,-28(s0)
      return -1;
20001558:	fff00793          	li	a5,-1
}
2000155c:	00078513          	mv	a0,a5
20001560:	01c12083          	lw	ra,28(sp)
20001564:	01812403          	lw	s0,24(sp)
20001568:	02010113          	addi	sp,sp,32
2000156c:	00008067          	ret

20001570 <_fstat>:

int _fstat(int file, struct stat *st)
{ 
20001570:	fe010113          	addi	sp,sp,-32
20001574:	00112e23          	sw	ra,28(sp)
20001578:	00812c23          	sw	s0,24(sp)
2000157c:	02010413          	addi	s0,sp,32
20001580:	fea42623          	sw	a0,-20(s0)
20001584:	feb42423          	sw	a1,-24(s0)
	st->st_mode = S_IFCHR; 
20001588:	fe842783          	lw	a5,-24(s0)
2000158c:	00002737          	lui	a4,0x2
20001590:	00e7a223          	sw	a4,4(a5)
	return 0; 
20001594:	00000793          	li	a5,0
}
20001598:	00078513          	mv	a0,a5
2000159c:	01c12083          	lw	ra,28(sp)
200015a0:	01812403          	lw	s0,24(sp)
200015a4:	02010113          	addi	sp,sp,32
200015a8:	00008067          	ret

200015ac <_lseek>:

int _lseek(int file, int ptr, int dir)
{ 
200015ac:	fe010113          	addi	sp,sp,-32
200015b0:	00112e23          	sw	ra,28(sp)
200015b4:	00812c23          	sw	s0,24(sp)
200015b8:	02010413          	addi	s0,sp,32
200015bc:	fea42623          	sw	a0,-20(s0)
200015c0:	feb42423          	sw	a1,-24(s0)
200015c4:	fec42223          	sw	a2,-28(s0)
   return 0;
200015c8:	00000793          	li	a5,0
}
200015cc:	00078513          	mv	a0,a5
200015d0:	01c12083          	lw	ra,28(sp)
200015d4:	01812403          	lw	s0,24(sp)
200015d8:	02010113          	addi	sp,sp,32
200015dc:	00008067          	ret

200015e0 <_isatty>:

int _isatty(int file)
{
200015e0:	fe010113          	addi	sp,sp,-32
200015e4:	00112e23          	sw	ra,28(sp)
200015e8:	00812c23          	sw	s0,24(sp)
200015ec:	02010413          	addi	s0,sp,32
200015f0:	fea42623          	sw	a0,-20(s0)
   return 0;
200015f4:	00000793          	li	a5,0
}
200015f8:	00078513          	mv	a0,a5
200015fc:	01c12083          	lw	ra,28(sp)
20001600:	01812403          	lw	s0,24(sp)
20001604:	02010113          	addi	sp,sp,32
20001608:	00008067          	ret

2000160c <_write>:

int _write(int file, char *ptr, int len)
{
2000160c:	fd010113          	addi	sp,sp,-48
20001610:	02112623          	sw	ra,44(sp)
20001614:	02812423          	sw	s0,40(sp)
20001618:	03010413          	addi	s0,sp,48
2000161c:	fca42e23          	sw	a0,-36(s0)
20001620:	fcb42c23          	sw	a1,-40(s0)
20001624:	fcc42a23          	sw	a2,-44(s0)
    int rval = len;
20001628:	fd442783          	lw	a5,-44(s0)
2000162c:	fef42623          	sw	a5,-20(s0)
 	while (len--)
20001630:	01c0006f          	j	2000164c <_write+0x40>
      _outchar(*ptr++);
20001634:	fd842783          	lw	a5,-40(s0)
20001638:	00178713          	addi	a4,a5,1
2000163c:	fce42c23          	sw	a4,-40(s0)
20001640:	0007c783          	lbu	a5,0(a5)
20001644:	00078513          	mv	a0,a5
20001648:	b11ff0ef          	jal	20001158 <_outchar>
 	while (len--)
2000164c:	fd442783          	lw	a5,-44(s0)
20001650:	fff78713          	addi	a4,a5,-1
20001654:	fce42a23          	sw	a4,-44(s0)
20001658:	fc079ee3          	bnez	a5,20001634 <_write+0x28>
	return rval;
2000165c:	fec42783          	lw	a5,-20(s0)
}
20001660:	00078513          	mv	a0,a5
20001664:	02c12083          	lw	ra,44(sp)
20001668:	02812403          	lw	s0,40(sp)
2000166c:	03010113          	addi	sp,sp,48
20001670:	00008067          	ret

20001674 <_read>:
      _outchar(*ptr++);
	return rval;
}*/

int _read(int file, char *ptr, int len)
{
20001674:	fd010113          	addi	sp,sp,-48
20001678:	02112623          	sw	ra,44(sp)
2000167c:	02812423          	sw	s0,40(sp)
20001680:	03010413          	addi	s0,sp,48
20001684:	fca42e23          	sw	a0,-36(s0)
20001688:	fcb42c23          	sw	a1,-40(s0)
2000168c:	fcc42a23          	sw	a2,-44(s0)
    char c;
	int items = 0;
20001690:	fe042623          	sw	zero,-20(s0)
    while( 1 )
    {
		c = _tstchar();
20001694:	a65ff0ef          	jal	200010f8 <_tstchar>
20001698:	00050793          	mv	a5,a0
2000169c:	fef405a3          	sb	a5,-21(s0)
		if( c != 0)
200016a0:	feb44783          	lbu	a5,-21(s0)
200016a4:	02078263          	beqz	a5,200016c8 <_read+0x54>
        {
            *ptr++ = c;
200016a8:	fd842783          	lw	a5,-40(s0)
200016ac:	00178713          	addi	a4,a5,1
200016b0:	fce42c23          	sw	a4,-40(s0)
200016b4:	feb44703          	lbu	a4,-21(s0)
200016b8:	00e78023          	sb	a4,0(a5)
             items++;
200016bc:	fec42783          	lw	a5,-20(s0)
200016c0:	00178793          	addi	a5,a5,1
200016c4:	fef42623          	sw	a5,-20(s0)
        }
		if( len == items)
200016c8:	fd442703          	lw	a4,-44(s0)
200016cc:	fec42783          	lw	a5,-20(s0)
200016d0:	fcf712e3          	bne	a4,a5,20001694 <_read+0x20>
			return items;
200016d4:	fec42783          	lw	a5,-20(s0)
    }
}
200016d8:	00078513          	mv	a0,a5
200016dc:	02c12083          	lw	ra,44(sp)
200016e0:	02812403          	lw	s0,40(sp)
200016e4:	03010113          	addi	sp,sp,48
200016e8:	00008067          	ret

200016ec <_getpid>:

pid_t _getpid(void)
{
200016ec:	ff010113          	addi	sp,sp,-16
200016f0:	00112623          	sw	ra,12(sp)
200016f4:	00812423          	sw	s0,8(sp)
200016f8:	01010413          	addi	s0,sp,16
	return 0;
200016fc:	00000793          	li	a5,0
}
20001700:	00078513          	mv	a0,a5
20001704:	00c12083          	lw	ra,12(sp)
20001708:	00812403          	lw	s0,8(sp)
2000170c:	01010113          	addi	sp,sp,16
20001710:	00008067          	ret

20001714 <_kill>:

int  _kill(pid_t pid, int sig)
{
20001714:	fe010113          	addi	sp,sp,-32
20001718:	00112e23          	sw	ra,28(sp)
2000171c:	00812c23          	sw	s0,24(sp)
20001720:	02010413          	addi	s0,sp,32
20001724:	fea42623          	sw	a0,-20(s0)
20001728:	feb42423          	sw	a1,-24(s0)
	return 0;
2000172c:	00000793          	li	a5,0
	
}
20001730:	00078513          	mv	a0,a5
20001734:	01c12083          	lw	ra,28(sp)
20001738:	01812403          	lw	s0,24(sp)
2000173c:	02010113          	addi	sp,sp,32
20001740:	00008067          	ret

20001744 <__udivdi3>:
20001744:	00060713          	mv	a4,a2
20001748:	00068893          	mv	a7,a3
2000174c:	00050813          	mv	a6,a0
20001750:	00058313          	mv	t1,a1
20001754:	24069463          	bnez	a3,2000199c <__udivdi3+0x258>
20001758:	200047b7          	lui	a5,0x20004
2000175c:	7dc78793          	addi	a5,a5,2012 # 200047dc <__clz_tab>
20001760:	0ec5f463          	bgeu	a1,a2,20001848 <__udivdi3+0x104>
20001764:	000106b7          	lui	a3,0x10
20001768:	0cd67063          	bgeu	a2,a3,20001828 <__udivdi3+0xe4>
2000176c:	10063693          	sltiu	a3,a2,256
20001770:	0016b693          	seqz	a3,a3
20001774:	00369693          	slli	a3,a3,0x3
20001778:	00d65e33          	srl	t3,a2,a3
2000177c:	01c787b3          	add	a5,a5,t3
20001780:	0007c783          	lbu	a5,0(a5)
20001784:	00d787b3          	add	a5,a5,a3
20001788:	02000693          	li	a3,32
2000178c:	00d78e63          	beq	a5,a3,200017a8 <__udivdi3+0x64>
20001790:	40f686b3          	sub	a3,a3,a5
20001794:	00d59333          	sll	t1,a1,a3
20001798:	00f557b3          	srl	a5,a0,a5
2000179c:	00d61733          	sll	a4,a2,a3
200017a0:	0067e333          	or	t1,a5,t1
200017a4:	00d51833          	sll	a6,a0,a3
200017a8:	01075513          	srli	a0,a4,0x10
200017ac:	02a357b3          	divu	a5,t1,a0
200017b0:	01071593          	slli	a1,a4,0x10
200017b4:	0105d593          	srli	a1,a1,0x10
200017b8:	01085693          	srli	a3,a6,0x10
200017bc:	02a37333          	remu	t1,t1,a0
200017c0:	02f58633          	mul	a2,a1,a5
200017c4:	01031313          	slli	t1,t1,0x10
200017c8:	0066e6b3          	or	a3,a3,t1
200017cc:	00c6fa63          	bgeu	a3,a2,200017e0 <__udivdi3+0x9c>
200017d0:	00d706b3          	add	a3,a4,a3
200017d4:	00c6f463          	bgeu	a3,a2,200017dc <__udivdi3+0x98>
200017d8:	06e6f263          	bgeu	a3,a4,2000183c <__udivdi3+0xf8>
200017dc:	fff78793          	addi	a5,a5,-1
200017e0:	40c686b3          	sub	a3,a3,a2
200017e4:	02a6d633          	divu	a2,a3,a0
200017e8:	01081813          	slli	a6,a6,0x10
200017ec:	01085813          	srli	a6,a6,0x10
200017f0:	02a6f6b3          	remu	a3,a3,a0
200017f4:	02c585b3          	mul	a1,a1,a2
200017f8:	01069693          	slli	a3,a3,0x10
200017fc:	00d86833          	or	a6,a6,a3
20001800:	00b87a63          	bgeu	a6,a1,20001814 <__udivdi3+0xd0>
20001804:	01070833          	add	a6,a4,a6
20001808:	00b87463          	bgeu	a6,a1,20001810 <__udivdi3+0xcc>
2000180c:	18e87463          	bgeu	a6,a4,20001994 <__udivdi3+0x250>
20001810:	fff60613          	addi	a2,a2,-1
20001814:	01079793          	slli	a5,a5,0x10
20001818:	00c7e7b3          	or	a5,a5,a2
2000181c:	00078513          	mv	a0,a5
20001820:	00088593          	mv	a1,a7
20001824:	00008067          	ret
20001828:	01000e37          	lui	t3,0x1000
2000182c:	01800693          	li	a3,24
20001830:	f5c674e3          	bgeu	a2,t3,20001778 <__udivdi3+0x34>
20001834:	01000693          	li	a3,16
20001838:	f41ff06f          	j	20001778 <__udivdi3+0x34>
2000183c:	ffe78793          	addi	a5,a5,-2
20001840:	00e686b3          	add	a3,a3,a4
20001844:	f9dff06f          	j	200017e0 <__udivdi3+0x9c>
20001848:	00000693          	li	a3,0
2000184c:	00060c63          	beqz	a2,20001864 <__udivdi3+0x120>
20001850:	000106b7          	lui	a3,0x10
20001854:	06d67863          	bgeu	a2,a3,200018c4 <__udivdi3+0x180>
20001858:	10063693          	sltiu	a3,a2,256
2000185c:	0016b693          	seqz	a3,a3
20001860:	00369693          	slli	a3,a3,0x3
20001864:	00d658b3          	srl	a7,a2,a3
20001868:	011787b3          	add	a5,a5,a7
2000186c:	0007c783          	lbu	a5,0(a5)
20001870:	00d787b3          	add	a5,a5,a3
20001874:	02000693          	li	a3,32
20001878:	06d79063          	bne	a5,a3,200018d8 <__udivdi3+0x194>
2000187c:	40c58633          	sub	a2,a1,a2
20001880:	00100893          	li	a7,1
20001884:	01075513          	srli	a0,a4,0x10
20001888:	02a657b3          	divu	a5,a2,a0
2000188c:	01071593          	slli	a1,a4,0x10
20001890:	0105d593          	srli	a1,a1,0x10
20001894:	01085693          	srli	a3,a6,0x10
20001898:	02a67633          	remu	a2,a2,a0
2000189c:	02f58333          	mul	t1,a1,a5
200018a0:	01061613          	slli	a2,a2,0x10
200018a4:	00c6e6b3          	or	a3,a3,a2
200018a8:	0066fa63          	bgeu	a3,t1,200018bc <__udivdi3+0x178>
200018ac:	00d706b3          	add	a3,a4,a3
200018b0:	0066f463          	bgeu	a3,t1,200018b8 <__udivdi3+0x174>
200018b4:	0ce6fa63          	bgeu	a3,a4,20001988 <__udivdi3+0x244>
200018b8:	fff78793          	addi	a5,a5,-1
200018bc:	406686b3          	sub	a3,a3,t1
200018c0:	f25ff06f          	j	200017e4 <__udivdi3+0xa0>
200018c4:	010008b7          	lui	a7,0x1000
200018c8:	01800693          	li	a3,24
200018cc:	f9167ce3          	bgeu	a2,a7,20001864 <__udivdi3+0x120>
200018d0:	01000693          	li	a3,16
200018d4:	f91ff06f          	j	20001864 <__udivdi3+0x120>
200018d8:	40f68833          	sub	a6,a3,a5
200018dc:	01061733          	sll	a4,a2,a6
200018e0:	00f5d6b3          	srl	a3,a1,a5
200018e4:	010595b3          	sll	a1,a1,a6
200018e8:	00f557b3          	srl	a5,a0,a5
200018ec:	01051833          	sll	a6,a0,a6
200018f0:	01075513          	srli	a0,a4,0x10
200018f4:	02a6d8b3          	divu	a7,a3,a0
200018f8:	01071613          	slli	a2,a4,0x10
200018fc:	01065613          	srli	a2,a2,0x10
20001900:	00b7e7b3          	or	a5,a5,a1
20001904:	02a6f6b3          	remu	a3,a3,a0
20001908:	03160333          	mul	t1,a2,a7
2000190c:	01069593          	slli	a1,a3,0x10
20001910:	0107d693          	srli	a3,a5,0x10
20001914:	00b6e6b3          	or	a3,a3,a1
20001918:	0066fa63          	bgeu	a3,t1,2000192c <__udivdi3+0x1e8>
2000191c:	00d706b3          	add	a3,a4,a3
20001920:	0066f463          	bgeu	a3,t1,20001928 <__udivdi3+0x1e4>
20001924:	04e6f663          	bgeu	a3,a4,20001970 <__udivdi3+0x22c>
20001928:	fff88893          	addi	a7,a7,-1 # ffffff <_start-0x1f000001>
2000192c:	406686b3          	sub	a3,a3,t1
20001930:	02a6d5b3          	divu	a1,a3,a0
20001934:	01079793          	slli	a5,a5,0x10
20001938:	0107d793          	srli	a5,a5,0x10
2000193c:	02a6f6b3          	remu	a3,a3,a0
20001940:	02b60633          	mul	a2,a2,a1
20001944:	01069693          	slli	a3,a3,0x10
20001948:	00d7e7b3          	or	a5,a5,a3
2000194c:	00c7fa63          	bgeu	a5,a2,20001960 <__udivdi3+0x21c>
20001950:	00f707b3          	add	a5,a4,a5
20001954:	00c7f463          	bgeu	a5,a2,2000195c <__udivdi3+0x218>
20001958:	02e7f263          	bgeu	a5,a4,2000197c <__udivdi3+0x238>
2000195c:	fff58593          	addi	a1,a1,-1
20001960:	01089893          	slli	a7,a7,0x10
20001964:	40c78633          	sub	a2,a5,a2
20001968:	00b8e8b3          	or	a7,a7,a1
2000196c:	f19ff06f          	j	20001884 <__udivdi3+0x140>
20001970:	ffe88893          	addi	a7,a7,-2
20001974:	00e686b3          	add	a3,a3,a4
20001978:	fb5ff06f          	j	2000192c <__udivdi3+0x1e8>
2000197c:	ffe58593          	addi	a1,a1,-2
20001980:	00e787b3          	add	a5,a5,a4
20001984:	fddff06f          	j	20001960 <__udivdi3+0x21c>
20001988:	ffe78793          	addi	a5,a5,-2
2000198c:	00e686b3          	add	a3,a3,a4
20001990:	f2dff06f          	j	200018bc <__udivdi3+0x178>
20001994:	ffe60613          	addi	a2,a2,-2
20001998:	e7dff06f          	j	20001814 <__udivdi3+0xd0>
2000199c:	18d5e463          	bltu	a1,a3,20001b24 <__udivdi3+0x3e0>
200019a0:	000107b7          	lui	a5,0x10
200019a4:	04f6f463          	bgeu	a3,a5,200019ec <__udivdi3+0x2a8>
200019a8:	1006b793          	sltiu	a5,a3,256
200019ac:	0017b793          	seqz	a5,a5
200019b0:	00379793          	slli	a5,a5,0x3
200019b4:	20004737          	lui	a4,0x20004
200019b8:	00f6d833          	srl	a6,a3,a5
200019bc:	7dc70713          	addi	a4,a4,2012 # 200047dc <__clz_tab>
200019c0:	01070733          	add	a4,a4,a6
200019c4:	00074703          	lbu	a4,0(a4)
200019c8:	02000813          	li	a6,32
200019cc:	00f70733          	add	a4,a4,a5
200019d0:	03071863          	bne	a4,a6,20001a00 <__udivdi3+0x2bc>
200019d4:	00c537b3          	sltu	a5,a0,a2
200019d8:	0017b793          	seqz	a5,a5
200019dc:	00b6b6b3          	sltu	a3,a3,a1
200019e0:	00d7e7b3          	or	a5,a5,a3
200019e4:	00000893          	li	a7,0
200019e8:	e35ff06f          	j	2000181c <__udivdi3+0xd8>
200019ec:	01000737          	lui	a4,0x1000
200019f0:	01800793          	li	a5,24
200019f4:	fce6f0e3          	bgeu	a3,a4,200019b4 <__udivdi3+0x270>
200019f8:	01000793          	li	a5,16
200019fc:	fb9ff06f          	j	200019b4 <__udivdi3+0x270>
20001a00:	40e80833          	sub	a6,a6,a4
20001a04:	00e658b3          	srl	a7,a2,a4
20001a08:	010696b3          	sll	a3,a3,a6
20001a0c:	00d8e8b3          	or	a7,a7,a3
20001a10:	0108de13          	srli	t3,a7,0x10
20001a14:	00e5d6b3          	srl	a3,a1,a4
20001a18:	03c6d7b3          	divu	a5,a3,t3
20001a1c:	01089313          	slli	t1,a7,0x10
20001a20:	01035313          	srli	t1,t1,0x10
20001a24:	010595b3          	sll	a1,a1,a6
20001a28:	00e55733          	srl	a4,a0,a4
20001a2c:	00b76733          	or	a4,a4,a1
20001a30:	01061633          	sll	a2,a2,a6
20001a34:	03c6f6b3          	remu	a3,a3,t3
20001a38:	02f30eb3          	mul	t4,t1,a5
20001a3c:	01069593          	slli	a1,a3,0x10
20001a40:	01075693          	srli	a3,a4,0x10
20001a44:	00b6e6b3          	or	a3,a3,a1
20001a48:	01d6fa63          	bgeu	a3,t4,20001a5c <__udivdi3+0x318>
20001a4c:	00d886b3          	add	a3,a7,a3
20001a50:	01d6f463          	bgeu	a3,t4,20001a58 <__udivdi3+0x314>
20001a54:	0b16fc63          	bgeu	a3,a7,20001b0c <__udivdi3+0x3c8>
20001a58:	fff78793          	addi	a5,a5,-1 # ffff <_start-0x1fff0001>
20001a5c:	41d686b3          	sub	a3,a3,t4
20001a60:	03c6d5b3          	divu	a1,a3,t3
20001a64:	01071713          	slli	a4,a4,0x10
20001a68:	01075713          	srli	a4,a4,0x10
20001a6c:	03c6f6b3          	remu	a3,a3,t3
20001a70:	02b30333          	mul	t1,t1,a1
20001a74:	01069693          	slli	a3,a3,0x10
20001a78:	00d76733          	or	a4,a4,a3
20001a7c:	00677a63          	bgeu	a4,t1,20001a90 <__udivdi3+0x34c>
20001a80:	00e88733          	add	a4,a7,a4
20001a84:	00677463          	bgeu	a4,t1,20001a8c <__udivdi3+0x348>
20001a88:	09177863          	bgeu	a4,a7,20001b18 <__udivdi3+0x3d4>
20001a8c:	fff58593          	addi	a1,a1,-1
20001a90:	01079793          	slli	a5,a5,0x10
20001a94:	00b7e7b3          	or	a5,a5,a1
20001a98:	40670733          	sub	a4,a4,t1
20001a9c:	01059593          	slli	a1,a1,0x10
20001aa0:	01061313          	slli	t1,a2,0x10
20001aa4:	0105d593          	srli	a1,a1,0x10
20001aa8:	0107d893          	srli	a7,a5,0x10
20001aac:	01035313          	srli	t1,t1,0x10
20001ab0:	01065613          	srli	a2,a2,0x10
20001ab4:	02658e33          	mul	t3,a1,t1
20001ab8:	02688333          	mul	t1,a7,t1
20001abc:	010e5693          	srli	a3,t3,0x10
20001ac0:	02c585b3          	mul	a1,a1,a2
20001ac4:	006585b3          	add	a1,a1,t1
20001ac8:	00b686b3          	add	a3,a3,a1
20001acc:	02c888b3          	mul	a7,a7,a2
20001ad0:	0066f663          	bgeu	a3,t1,20001adc <__udivdi3+0x398>
20001ad4:	00010637          	lui	a2,0x10
20001ad8:	00c888b3          	add	a7,a7,a2
20001adc:	0106d613          	srli	a2,a3,0x10
20001ae0:	01160633          	add	a2,a2,a7
20001ae4:	02c76063          	bltu	a4,a2,20001b04 <__udivdi3+0x3c0>
20001ae8:	010e1e13          	slli	t3,t3,0x10
20001aec:	01069693          	slli	a3,a3,0x10
20001af0:	010e5e13          	srli	t3,t3,0x10
20001af4:	01051533          	sll	a0,a0,a6
20001af8:	01c686b3          	add	a3,a3,t3
20001afc:	eed574e3          	bgeu	a0,a3,200019e4 <__udivdi3+0x2a0>
20001b00:	eec712e3          	bne	a4,a2,200019e4 <__udivdi3+0x2a0>
20001b04:	fff78793          	addi	a5,a5,-1
20001b08:	eddff06f          	j	200019e4 <__udivdi3+0x2a0>
20001b0c:	ffe78793          	addi	a5,a5,-2
20001b10:	011686b3          	add	a3,a3,a7
20001b14:	f49ff06f          	j	20001a5c <__udivdi3+0x318>
20001b18:	ffe58593          	addi	a1,a1,-2
20001b1c:	01170733          	add	a4,a4,a7
20001b20:	f71ff06f          	j	20001a90 <__udivdi3+0x34c>
20001b24:	00000893          	li	a7,0
20001b28:	00000793          	li	a5,0
20001b2c:	cf1ff06f          	j	2000181c <__udivdi3+0xd8>

20001b30 <__umoddi3>:
20001b30:	00060813          	mv	a6,a2
20001b34:	00050793          	mv	a5,a0
20001b38:	00058713          	mv	a4,a1
20001b3c:	24069463          	bnez	a3,20001d84 <__umoddi3+0x254>
20001b40:	200046b7          	lui	a3,0x20004
20001b44:	7dc68693          	addi	a3,a3,2012 # 200047dc <__clz_tab>
20001b48:	0ec5f863          	bgeu	a1,a2,20001c38 <__umoddi3+0x108>
20001b4c:	000108b7          	lui	a7,0x10
20001b50:	0d167a63          	bgeu	a2,a7,20001c24 <__umoddi3+0xf4>
20001b54:	10063893          	sltiu	a7,a2,256
20001b58:	0018b893          	seqz	a7,a7
20001b5c:	00389893          	slli	a7,a7,0x3
20001b60:	01165333          	srl	t1,a2,a7
20001b64:	006686b3          	add	a3,a3,t1
20001b68:	0006c683          	lbu	a3,0(a3)
20001b6c:	02000313          	li	t1,32
20001b70:	011686b3          	add	a3,a3,a7
20001b74:	40d308b3          	sub	a7,t1,a3
20001b78:	00668c63          	beq	a3,t1,20001b90 <__umoddi3+0x60>
20001b7c:	01159733          	sll	a4,a1,a7
20001b80:	00d556b3          	srl	a3,a0,a3
20001b84:	01161833          	sll	a6,a2,a7
20001b88:	00e6e733          	or	a4,a3,a4
20001b8c:	011517b3          	sll	a5,a0,a7
20001b90:	01085513          	srli	a0,a6,0x10
20001b94:	02a756b3          	divu	a3,a4,a0
20001b98:	01081313          	slli	t1,a6,0x10
20001b9c:	01035313          	srli	t1,t1,0x10
20001ba0:	02a77733          	remu	a4,a4,a0
20001ba4:	026686b3          	mul	a3,a3,t1
20001ba8:	01071593          	slli	a1,a4,0x10
20001bac:	0107d713          	srli	a4,a5,0x10
20001bb0:	00b76733          	or	a4,a4,a1
20001bb4:	02d77063          	bgeu	a4,a3,20001bd4 <__umoddi3+0xa4>
20001bb8:	00e80733          	add	a4,a6,a4
20001bbc:	010735b3          	sltu	a1,a4,a6
20001bc0:	00d73633          	sltu	a2,a4,a3
20001bc4:	0015b593          	seqz	a1,a1
20001bc8:	00b67633          	and	a2,a2,a1
20001bcc:	03060633          	mul	a2,a2,a6
20001bd0:	00e60733          	add	a4,a2,a4
20001bd4:	40d70733          	sub	a4,a4,a3
20001bd8:	02a756b3          	divu	a3,a4,a0
20001bdc:	02a77733          	remu	a4,a4,a0
20001be0:	026686b3          	mul	a3,a3,t1
20001be4:	01079513          	slli	a0,a5,0x10
20001be8:	01071713          	slli	a4,a4,0x10
20001bec:	01055513          	srli	a0,a0,0x10
20001bf0:	00e56533          	or	a0,a0,a4
20001bf4:	02d57063          	bgeu	a0,a3,20001c14 <__umoddi3+0xe4>
20001bf8:	00a80533          	add	a0,a6,a0
20001bfc:	01053733          	sltu	a4,a0,a6
20001c00:	00d537b3          	sltu	a5,a0,a3
20001c04:	00173713          	seqz	a4,a4
20001c08:	00e7f7b3          	and	a5,a5,a4
20001c0c:	030787b3          	mul	a5,a5,a6
20001c10:	00a78533          	add	a0,a5,a0
20001c14:	40d50533          	sub	a0,a0,a3
20001c18:	01155533          	srl	a0,a0,a7
20001c1c:	00000593          	li	a1,0
20001c20:	00008067          	ret
20001c24:	01000337          	lui	t1,0x1000
20001c28:	01800893          	li	a7,24
20001c2c:	f2667ae3          	bgeu	a2,t1,20001b60 <__umoddi3+0x30>
20001c30:	01000893          	li	a7,16
20001c34:	f2dff06f          	j	20001b60 <__umoddi3+0x30>
20001c38:	00000713          	li	a4,0
20001c3c:	00060c63          	beqz	a2,20001c54 <__umoddi3+0x124>
20001c40:	00010737          	lui	a4,0x10
20001c44:	08e67463          	bgeu	a2,a4,20001ccc <__umoddi3+0x19c>
20001c48:	10063713          	sltiu	a4,a2,256
20001c4c:	00173713          	seqz	a4,a4
20001c50:	00371713          	slli	a4,a4,0x3
20001c54:	00e658b3          	srl	a7,a2,a4
20001c58:	011686b3          	add	a3,a3,a7
20001c5c:	0006c683          	lbu	a3,0(a3)
20001c60:	00e686b3          	add	a3,a3,a4
20001c64:	02000713          	li	a4,32
20001c68:	40d708b3          	sub	a7,a4,a3
20001c6c:	06e69a63          	bne	a3,a4,20001ce0 <__umoddi3+0x1b0>
20001c70:	40c586b3          	sub	a3,a1,a2
20001c74:	01085593          	srli	a1,a6,0x10
20001c78:	02b6d633          	divu	a2,a3,a1
20001c7c:	01081313          	slli	t1,a6,0x10
20001c80:	01035313          	srli	t1,t1,0x10
20001c84:	0107d713          	srli	a4,a5,0x10
20001c88:	02b6f6b3          	remu	a3,a3,a1
20001c8c:	02660633          	mul	a2,a2,t1
20001c90:	01069693          	slli	a3,a3,0x10
20001c94:	00d76733          	or	a4,a4,a3
20001c98:	02c77063          	bgeu	a4,a2,20001cb8 <__umoddi3+0x188>
20001c9c:	00e80733          	add	a4,a6,a4
20001ca0:	01073533          	sltu	a0,a4,a6
20001ca4:	00c736b3          	sltu	a3,a4,a2
20001ca8:	00153513          	seqz	a0,a0
20001cac:	00a6f6b3          	and	a3,a3,a0
20001cb0:	030686b3          	mul	a3,a3,a6
20001cb4:	00e68733          	add	a4,a3,a4
20001cb8:	40c70733          	sub	a4,a4,a2
20001cbc:	02b756b3          	divu	a3,a4,a1
20001cc0:	02b77733          	remu	a4,a4,a1
20001cc4:	026686b3          	mul	a3,a3,t1
20001cc8:	f1dff06f          	j	20001be4 <__umoddi3+0xb4>
20001ccc:	010008b7          	lui	a7,0x1000
20001cd0:	01800713          	li	a4,24
20001cd4:	f91670e3          	bgeu	a2,a7,20001c54 <__umoddi3+0x124>
20001cd8:	01000713          	li	a4,16
20001cdc:	f79ff06f          	j	20001c54 <__umoddi3+0x124>
20001ce0:	01161833          	sll	a6,a2,a7
20001ce4:	00d5d733          	srl	a4,a1,a3
20001ce8:	011517b3          	sll	a5,a0,a7
20001cec:	011595b3          	sll	a1,a1,a7
20001cf0:	00d556b3          	srl	a3,a0,a3
20001cf4:	01085513          	srli	a0,a6,0x10
20001cf8:	00b6e6b3          	or	a3,a3,a1
20001cfc:	02a755b3          	divu	a1,a4,a0
20001d00:	01081e13          	slli	t3,a6,0x10
20001d04:	010e5e13          	srli	t3,t3,0x10
20001d08:	02a77733          	remu	a4,a4,a0
20001d0c:	03c585b3          	mul	a1,a1,t3
20001d10:	01071613          	slli	a2,a4,0x10
20001d14:	0106d713          	srli	a4,a3,0x10
20001d18:	00c76733          	or	a4,a4,a2
20001d1c:	02b77063          	bgeu	a4,a1,20001d3c <__umoddi3+0x20c>
20001d20:	00e80733          	add	a4,a6,a4
20001d24:	01073333          	sltu	t1,a4,a6
20001d28:	00b73633          	sltu	a2,a4,a1
20001d2c:	00133313          	seqz	t1,t1
20001d30:	00667633          	and	a2,a2,t1
20001d34:	03060633          	mul	a2,a2,a6
20001d38:	00e60733          	add	a4,a2,a4
20001d3c:	40b70733          	sub	a4,a4,a1
20001d40:	02a75633          	divu	a2,a4,a0
20001d44:	01069693          	slli	a3,a3,0x10
20001d48:	0106d693          	srli	a3,a3,0x10
20001d4c:	02a77733          	remu	a4,a4,a0
20001d50:	03c60633          	mul	a2,a2,t3
20001d54:	01071713          	slli	a4,a4,0x10
20001d58:	00e6e6b3          	or	a3,a3,a4
20001d5c:	02c6f063          	bgeu	a3,a2,20001d7c <__umoddi3+0x24c>
20001d60:	00d806b3          	add	a3,a6,a3
20001d64:	0106b5b3          	sltu	a1,a3,a6
20001d68:	00c6b733          	sltu	a4,a3,a2
20001d6c:	0015b593          	seqz	a1,a1
20001d70:	00b77733          	and	a4,a4,a1
20001d74:	03070733          	mul	a4,a4,a6
20001d78:	00d706b3          	add	a3,a4,a3
20001d7c:	40c686b3          	sub	a3,a3,a2
20001d80:	ef5ff06f          	j	20001c74 <__umoddi3+0x144>
20001d84:	1ad5e663          	bltu	a1,a3,20001f30 <__umoddi3+0x400>
20001d88:	00010837          	lui	a6,0x10
20001d8c:	0506fc63          	bgeu	a3,a6,20001de4 <__umoddi3+0x2b4>
20001d90:	1006b893          	sltiu	a7,a3,256
20001d94:	0018b893          	seqz	a7,a7
20001d98:	00389893          	slli	a7,a7,0x3
20001d9c:	20004837          	lui	a6,0x20004
20001da0:	0116d333          	srl	t1,a3,a7
20001da4:	7dc80813          	addi	a6,a6,2012 # 200047dc <__clz_tab>
20001da8:	00680833          	add	a6,a6,t1
20001dac:	00084803          	lbu	a6,0(a6)
20001db0:	01180833          	add	a6,a6,a7
20001db4:	02000893          	li	a7,32
20001db8:	05181063          	bne	a6,a7,20001df8 <__umoddi3+0x2c8>
20001dbc:	00c57463          	bgeu	a0,a2,20001dc4 <__umoddi3+0x294>
20001dc0:	00b6fc63          	bgeu	a3,a1,20001dd8 <__umoddi3+0x2a8>
20001dc4:	40c50733          	sub	a4,a0,a2
20001dc8:	00070793          	mv	a5,a4
20001dcc:	40d586b3          	sub	a3,a1,a3
20001dd0:	00e53733          	sltu	a4,a0,a4
20001dd4:	40e68733          	sub	a4,a3,a4
20001dd8:	00078513          	mv	a0,a5
20001ddc:	00070593          	mv	a1,a4
20001de0:	00008067          	ret
20001de4:	01000837          	lui	a6,0x1000
20001de8:	01800893          	li	a7,24
20001dec:	fb06f8e3          	bgeu	a3,a6,20001d9c <__umoddi3+0x26c>
20001df0:	01000893          	li	a7,16
20001df4:	fa9ff06f          	j	20001d9c <__umoddi3+0x26c>
20001df8:	410888b3          	sub	a7,a7,a6
20001dfc:	011696b3          	sll	a3,a3,a7
20001e00:	01065333          	srl	t1,a2,a6
20001e04:	00d36333          	or	t1,t1,a3
20001e08:	0105d733          	srl	a4,a1,a6
20001e0c:	01035e93          	srli	t4,t1,0x10
20001e10:	03d756b3          	divu	a3,a4,t4
20001e14:	01031e13          	slli	t3,t1,0x10
20001e18:	010e5e13          	srli	t3,t3,0x10
20001e1c:	011597b3          	sll	a5,a1,a7
20001e20:	010555b3          	srl	a1,a0,a6
20001e24:	00f5e5b3          	or	a1,a1,a5
20001e28:	0105d793          	srli	a5,a1,0x10
20001e2c:	01161633          	sll	a2,a2,a7
20001e30:	01151533          	sll	a0,a0,a7
20001e34:	03d77733          	remu	a4,a4,t4
20001e38:	02de0f33          	mul	t5,t3,a3
20001e3c:	01071713          	slli	a4,a4,0x10
20001e40:	00e7e7b3          	or	a5,a5,a4
20001e44:	01e7fa63          	bgeu	a5,t5,20001e58 <__umoddi3+0x328>
20001e48:	00f307b3          	add	a5,t1,a5
20001e4c:	01e7f463          	bgeu	a5,t5,20001e54 <__umoddi3+0x324>
20001e50:	0e67f263          	bgeu	a5,t1,20001f34 <__umoddi3+0x404>
20001e54:	fff68693          	addi	a3,a3,-1
20001e58:	41e787b3          	sub	a5,a5,t5
20001e5c:	03d7d733          	divu	a4,a5,t4
20001e60:	01059593          	slli	a1,a1,0x10
20001e64:	0105d593          	srli	a1,a1,0x10
20001e68:	03d7f7b3          	remu	a5,a5,t4
20001e6c:	02ee0e33          	mul	t3,t3,a4
20001e70:	01079793          	slli	a5,a5,0x10
20001e74:	00f5e5b3          	or	a1,a1,a5
20001e78:	01c5fa63          	bgeu	a1,t3,20001e8c <__umoddi3+0x35c>
20001e7c:	00b305b3          	add	a1,t1,a1
20001e80:	01c5f463          	bgeu	a1,t3,20001e88 <__umoddi3+0x358>
20001e84:	0a65fe63          	bgeu	a1,t1,20001f40 <__umoddi3+0x410>
20001e88:	fff70713          	addi	a4,a4,-1 # ffff <_start-0x1fff0001>
20001e8c:	01069693          	slli	a3,a3,0x10
20001e90:	00e6e6b3          	or	a3,a3,a4
20001e94:	41c585b3          	sub	a1,a1,t3
20001e98:	01071713          	slli	a4,a4,0x10
20001e9c:	01061e13          	slli	t3,a2,0x10
20001ea0:	01065793          	srli	a5,a2,0x10
20001ea4:	01075713          	srli	a4,a4,0x10
20001ea8:	0106d693          	srli	a3,a3,0x10
20001eac:	010e5e13          	srli	t3,t3,0x10
20001eb0:	03c70eb3          	mul	t4,a4,t3
20001eb4:	03c68e33          	mul	t3,a3,t3
20001eb8:	02f70733          	mul	a4,a4,a5
20001ebc:	02f686b3          	mul	a3,a3,a5
20001ec0:	01c707b3          	add	a5,a4,t3
20001ec4:	010ed713          	srli	a4,t4,0x10
20001ec8:	00f70733          	add	a4,a4,a5
20001ecc:	01c77663          	bgeu	a4,t3,20001ed8 <__umoddi3+0x3a8>
20001ed0:	000107b7          	lui	a5,0x10
20001ed4:	00f686b3          	add	a3,a3,a5
20001ed8:	01075793          	srli	a5,a4,0x10
20001edc:	010e9e93          	slli	t4,t4,0x10
20001ee0:	01071713          	slli	a4,a4,0x10
20001ee4:	010ede93          	srli	t4,t4,0x10
20001ee8:	00d787b3          	add	a5,a5,a3
20001eec:	01d70733          	add	a4,a4,t4
20001ef0:	00f5e663          	bltu	a1,a5,20001efc <__umoddi3+0x3cc>
20001ef4:	00e57e63          	bgeu	a0,a4,20001f10 <__umoddi3+0x3e0>
20001ef8:	00f59c63          	bne	a1,a5,20001f10 <__umoddi3+0x3e0>
20001efc:	40c70633          	sub	a2,a4,a2
20001f00:	00c736b3          	sltu	a3,a4,a2
20001f04:	006686b3          	add	a3,a3,t1
20001f08:	00060713          	mv	a4,a2
20001f0c:	40d787b3          	sub	a5,a5,a3
20001f10:	40e50733          	sub	a4,a0,a4
20001f14:	00e53533          	sltu	a0,a0,a4
20001f18:	40f585b3          	sub	a1,a1,a5
20001f1c:	40a585b3          	sub	a1,a1,a0
20001f20:	01059833          	sll	a6,a1,a6
20001f24:	01175733          	srl	a4,a4,a7
20001f28:	00e86533          	or	a0,a6,a4
20001f2c:	0115d5b3          	srl	a1,a1,a7
20001f30:	00008067          	ret
20001f34:	ffe68693          	addi	a3,a3,-2
20001f38:	006787b3          	add	a5,a5,t1
20001f3c:	f1dff06f          	j	20001e58 <__umoddi3+0x328>
20001f40:	ffe70713          	addi	a4,a4,-2
20001f44:	006585b3          	add	a1,a1,t1
20001f48:	f45ff06f          	j	20001e8c <__umoddi3+0x35c>

20001f4c <_iprintf_r>:
20001f4c:	fc010113          	addi	sp,sp,-64
20001f50:	02c12423          	sw	a2,40(sp)
20001f54:	02d12623          	sw	a3,44(sp)
20001f58:	02e12823          	sw	a4,48(sp)
20001f5c:	02f12a23          	sw	a5,52(sp)
20001f60:	03012c23          	sw	a6,56(sp)
20001f64:	03112e23          	sw	a7,60(sp)
20001f68:	00058613          	mv	a2,a1
20001f6c:	00852583          	lw	a1,8(a0)
20001f70:	02810693          	addi	a3,sp,40
20001f74:	00112e23          	sw	ra,28(sp)
20001f78:	00d12623          	sw	a3,12(sp)
20001f7c:	219000ef          	jal	20002994 <_vfiprintf_r>
20001f80:	01c12083          	lw	ra,28(sp)
20001f84:	04010113          	addi	sp,sp,64
20001f88:	00008067          	ret

20001f8c <iprintf>:
20001f8c:	fc010113          	addi	sp,sp,-64
20001f90:	02f12a23          	sw	a5,52(sp)
20001f94:	200057b7          	lui	a5,0x20005
20001f98:	a087a783          	lw	a5,-1528(a5) # 20004a08 <_impure_ptr>
20001f9c:	02c12423          	sw	a2,40(sp)
20001fa0:	02d12623          	sw	a3,44(sp)
20001fa4:	02b12223          	sw	a1,36(sp)
20001fa8:	02e12823          	sw	a4,48(sp)
20001fac:	03012c23          	sw	a6,56(sp)
20001fb0:	03112e23          	sw	a7,60(sp)
20001fb4:	0087a583          	lw	a1,8(a5)
20001fb8:	02410693          	addi	a3,sp,36
20001fbc:	00050613          	mv	a2,a0
20001fc0:	00078513          	mv	a0,a5
20001fc4:	00112e23          	sw	ra,28(sp)
20001fc8:	00d12623          	sw	a3,12(sp)
20001fcc:	1c9000ef          	jal	20002994 <_vfiprintf_r>
20001fd0:	01c12083          	lw	ra,28(sp)
20001fd4:	04010113          	addi	sp,sp,64
20001fd8:	00008067          	ret

20001fdc <_putchar_r>:
20001fdc:	00852603          	lw	a2,8(a0)
20001fe0:	6350106f          	j	20003e14 <_putc_r>

20001fe4 <putchar>:
20001fe4:	200057b7          	lui	a5,0x20005
20001fe8:	00050593          	mv	a1,a0
20001fec:	a087a503          	lw	a0,-1528(a5) # 20004a08 <_impure_ptr>
20001ff0:	00852603          	lw	a2,8(a0)
20001ff4:	6210106f          	j	20003e14 <_putc_r>

20001ff8 <_puts_r>:
20001ff8:	02052783          	lw	a5,32(a0)
20001ffc:	fe010113          	addi	sp,sp,-32
20002000:	00812c23          	sw	s0,24(sp)
20002004:	00912a23          	sw	s1,20(sp)
20002008:	01212823          	sw	s2,16(sp)
2000200c:	00112e23          	sw	ra,28(sp)
20002010:	01312623          	sw	s3,12(sp)
20002014:	00852403          	lw	s0,8(a0)
20002018:	00050493          	mv	s1,a0
2000201c:	00058913          	mv	s2,a1
20002020:	00079463          	bnez	a5,20002028 <_puts_r+0x30>
20002024:	730010ef          	jal	20003754 <__sinit>
20002028:	00c45783          	lhu	a5,12(s0)
2000202c:	0087f793          	andi	a5,a5,8
20002030:	00078663          	beqz	a5,2000203c <_puts_r+0x44>
20002034:	01042783          	lw	a5,16(s0)
20002038:	0a079463          	bnez	a5,200020e0 <_puts_r+0xe8>
2000203c:	00040593          	mv	a1,s0
20002040:	00048513          	mv	a0,s1
20002044:	3d0000ef          	jal	20002414 <__swsetup_r>
20002048:	08050c63          	beqz	a0,200020e0 <_puts_r+0xe8>
2000204c:	fff00513          	li	a0,-1
20002050:	01c12083          	lw	ra,28(sp)
20002054:	01812403          	lw	s0,24(sp)
20002058:	01412483          	lw	s1,20(sp)
2000205c:	01012903          	lw	s2,16(sp)
20002060:	00c12983          	lw	s3,12(sp)
20002064:	02010113          	addi	sp,sp,32
20002068:	00008067          	ret
2000206c:	0007da63          	bgez	a5,20002080 <_puts_r+0x88>
20002070:	01842703          	lw	a4,24(s0)
20002074:	04e7cc63          	blt	a5,a4,200020cc <_puts_r+0xd4>
20002078:	ff658793          	addi	a5,a1,-10
2000207c:	04078863          	beqz	a5,200020cc <_puts_r+0xd4>
20002080:	00042783          	lw	a5,0(s0)
20002084:	00178713          	addi	a4,a5,1
20002088:	00e42023          	sw	a4,0(s0)
2000208c:	00b78023          	sb	a1,0(a5)
20002090:	00190913          	addi	s2,s2,1
20002094:	00842783          	lw	a5,8(s0)
20002098:	00094583          	lbu	a1,0(s2)
2000209c:	fff78793          	addi	a5,a5,-1
200020a0:	00f42423          	sw	a5,8(s0)
200020a4:	fc0594e3          	bnez	a1,2000206c <_puts_r+0x74>
200020a8:	0407d063          	bgez	a5,200020e8 <_puts_r+0xf0>
200020ac:	00040613          	mv	a2,s0
200020b0:	00a00593          	li	a1,10
200020b4:	00048513          	mv	a0,s1
200020b8:	24c000ef          	jal	20002304 <__swbuf_r>
200020bc:	fff00793          	li	a5,-1
200020c0:	f8f506e3          	beq	a0,a5,2000204c <_puts_r+0x54>
200020c4:	00a00513          	li	a0,10
200020c8:	f89ff06f          	j	20002050 <_puts_r+0x58>
200020cc:	00040613          	mv	a2,s0
200020d0:	00048513          	mv	a0,s1
200020d4:	230000ef          	jal	20002304 <__swbuf_r>
200020d8:	fb351ce3          	bne	a0,s3,20002090 <_puts_r+0x98>
200020dc:	f71ff06f          	j	2000204c <_puts_r+0x54>
200020e0:	fff00993          	li	s3,-1
200020e4:	fb1ff06f          	j	20002094 <_puts_r+0x9c>
200020e8:	00042783          	lw	a5,0(s0)
200020ec:	00178713          	addi	a4,a5,1
200020f0:	00e42023          	sw	a4,0(s0)
200020f4:	00a00713          	li	a4,10
200020f8:	00e78023          	sb	a4,0(a5)
200020fc:	fc9ff06f          	j	200020c4 <_puts_r+0xcc>

20002100 <puts>:
20002100:	200057b7          	lui	a5,0x20005
20002104:	00050593          	mv	a1,a0
20002108:	a087a503          	lw	a0,-1528(a5) # 20004a08 <_impure_ptr>
2000210c:	eedff06f          	j	20001ff8 <_puts_r>

20002110 <setvbuf>:
20002110:	fd010113          	addi	sp,sp,-48
20002114:	200057b7          	lui	a5,0x20005
20002118:	01312e23          	sw	s3,28(sp)
2000211c:	a087a983          	lw	s3,-1528(a5) # 20004a08 <_impure_ptr>
20002120:	02812423          	sw	s0,40(sp)
20002124:	02912223          	sw	s1,36(sp)
20002128:	03212023          	sw	s2,32(sp)
2000212c:	01412c23          	sw	s4,24(sp)
20002130:	02112623          	sw	ra,44(sp)
20002134:	01512a23          	sw	s5,20(sp)
20002138:	00050413          	mv	s0,a0
2000213c:	00058913          	mv	s2,a1
20002140:	00060a13          	mv	s4,a2
20002144:	00068493          	mv	s1,a3
20002148:	00098a63          	beqz	s3,2000215c <setvbuf+0x4c>
2000214c:	0209a783          	lw	a5,32(s3)
20002150:	00079663          	bnez	a5,2000215c <setvbuf+0x4c>
20002154:	00098513          	mv	a0,s3
20002158:	5fc010ef          	jal	20003754 <__sinit>
2000215c:	00200793          	li	a5,2
20002160:	00fa0863          	beq	s4,a5,20002170 <setvbuf+0x60>
20002164:	002a3793          	sltiu	a5,s4,2
20002168:	18078a63          	beqz	a5,200022fc <setvbuf+0x1ec>
2000216c:	1804c863          	bltz	s1,200022fc <setvbuf+0x1ec>
20002170:	00040593          	mv	a1,s0
20002174:	00098513          	mv	a0,s3
20002178:	2b8010ef          	jal	20003430 <_fflush_r>
2000217c:	03442583          	lw	a1,52(s0)
20002180:	00058c63          	beqz	a1,20002198 <setvbuf+0x88>
20002184:	04440793          	addi	a5,s0,68
20002188:	00f58663          	beq	a1,a5,20002194 <setvbuf+0x84>
2000218c:	00098513          	mv	a0,s3
20002190:	3ac000ef          	jal	2000253c <_free_r>
20002194:	02042a23          	sw	zero,52(s0)
20002198:	00c45783          	lhu	a5,12(s0)
2000219c:	00042c23          	sw	zero,24(s0)
200021a0:	00042223          	sw	zero,4(s0)
200021a4:	0807f793          	andi	a5,a5,128
200021a8:	00078863          	beqz	a5,200021b8 <setvbuf+0xa8>
200021ac:	01042583          	lw	a1,16(s0)
200021b0:	00098513          	mv	a0,s3
200021b4:	388000ef          	jal	2000253c <_free_r>
200021b8:	00c45783          	lhu	a5,12(s0)
200021bc:	fffff737          	lui	a4,0xfffff
200021c0:	35c70713          	addi	a4,a4,860 # fffff35c <__stack_top+0xdfff9bf8>
200021c4:	00e7f7b3          	and	a5,a5,a4
200021c8:	00f41623          	sh	a5,12(s0)
200021cc:	00200793          	li	a5,2
200021d0:	10fa0a63          	beq	s4,a5,200022e4 <setvbuf+0x1d4>
200021d4:	00c10693          	addi	a3,sp,12
200021d8:	00810613          	addi	a2,sp,8
200021dc:	00040593          	mv	a1,s0
200021e0:	00098513          	mv	a0,s3
200021e4:	2d9010ef          	jal	20003cbc <__swhatbuf_r>
200021e8:	00c45783          	lhu	a5,12(s0)
200021ec:	00a7e7b3          	or	a5,a5,a0
200021f0:	00f41623          	sh	a5,12(s0)
200021f4:	06049863          	bnez	s1,20002264 <setvbuf+0x154>
200021f8:	00812483          	lw	s1,8(sp)
200021fc:	00048513          	mv	a0,s1
20002200:	438000ef          	jal	20002638 <malloc>
20002204:	00050913          	mv	s2,a0
20002208:	00048a93          	mv	s5,s1
2000220c:	0c051263          	bnez	a0,200022d0 <setvbuf+0x1c0>
20002210:	00812a83          	lw	s5,8(sp)
20002214:	0a9a9663          	bne	s5,s1,200022c0 <setvbuf+0x1b0>
20002218:	fff00513          	li	a0,-1
2000221c:	00c45783          	lhu	a5,12(s0)
20002220:	00042423          	sw	zero,8(s0)
20002224:	0027e793          	ori	a5,a5,2
20002228:	00f41623          	sh	a5,12(s0)
2000222c:	04740793          	addi	a5,s0,71
20002230:	00f42023          	sw	a5,0(s0)
20002234:	00f42823          	sw	a5,16(s0)
20002238:	00100793          	li	a5,1
2000223c:	00f42a23          	sw	a5,20(s0)
20002240:	02c12083          	lw	ra,44(sp)
20002244:	02812403          	lw	s0,40(sp)
20002248:	02412483          	lw	s1,36(sp)
2000224c:	02012903          	lw	s2,32(sp)
20002250:	01c12983          	lw	s3,28(sp)
20002254:	01812a03          	lw	s4,24(sp)
20002258:	01412a83          	lw	s5,20(sp)
2000225c:	03010113          	addi	sp,sp,48
20002260:	00008067          	ret
20002264:	f8090ce3          	beqz	s2,200021fc <setvbuf+0xec>
20002268:	0209a783          	lw	a5,32(s3)
2000226c:	00079663          	bnez	a5,20002278 <setvbuf+0x168>
20002270:	00098513          	mv	a0,s3
20002274:	4e0010ef          	jal	20003754 <__sinit>
20002278:	00100793          	li	a5,1
2000227c:	00fa1863          	bne	s4,a5,2000228c <setvbuf+0x17c>
20002280:	00c45783          	lhu	a5,12(s0)
20002284:	0147e7b3          	or	a5,a5,s4
20002288:	00f41623          	sh	a5,12(s0)
2000228c:	00c41783          	lh	a5,12(s0)
20002290:	01242023          	sw	s2,0(s0)
20002294:	01242823          	sw	s2,16(s0)
20002298:	00942a23          	sw	s1,20(s0)
2000229c:	0087f713          	andi	a4,a5,8
200022a0:	04070a63          	beqz	a4,200022f4 <setvbuf+0x1e4>
200022a4:	0017f793          	andi	a5,a5,1
200022a8:	04078263          	beqz	a5,200022ec <setvbuf+0x1dc>
200022ac:	409004b3          	neg	s1,s1
200022b0:	00042423          	sw	zero,8(s0)
200022b4:	00942c23          	sw	s1,24(s0)
200022b8:	00000513          	li	a0,0
200022bc:	f85ff06f          	j	20002240 <setvbuf+0x130>
200022c0:	000a8513          	mv	a0,s5
200022c4:	374000ef          	jal	20002638 <malloc>
200022c8:	00050913          	mv	s2,a0
200022cc:	f40506e3          	beqz	a0,20002218 <setvbuf+0x108>
200022d0:	00c45783          	lhu	a5,12(s0)
200022d4:	000a8493          	mv	s1,s5
200022d8:	0807e793          	ori	a5,a5,128
200022dc:	00f41623          	sh	a5,12(s0)
200022e0:	f89ff06f          	j	20002268 <setvbuf+0x158>
200022e4:	00000513          	li	a0,0
200022e8:	f35ff06f          	j	2000221c <setvbuf+0x10c>
200022ec:	00942423          	sw	s1,8(s0)
200022f0:	fc9ff06f          	j	200022b8 <setvbuf+0x1a8>
200022f4:	00042423          	sw	zero,8(s0)
200022f8:	fc1ff06f          	j	200022b8 <setvbuf+0x1a8>
200022fc:	fff00513          	li	a0,-1
20002300:	f41ff06f          	j	20002240 <setvbuf+0x130>

20002304 <__swbuf_r>:
20002304:	fe010113          	addi	sp,sp,-32
20002308:	00812c23          	sw	s0,24(sp)
2000230c:	00912a23          	sw	s1,20(sp)
20002310:	01312623          	sw	s3,12(sp)
20002314:	00112e23          	sw	ra,28(sp)
20002318:	01212823          	sw	s2,16(sp)
2000231c:	00050493          	mv	s1,a0
20002320:	00058993          	mv	s3,a1
20002324:	00060413          	mv	s0,a2
20002328:	00050863          	beqz	a0,20002338 <__swbuf_r+0x34>
2000232c:	02052783          	lw	a5,32(a0)
20002330:	00079463          	bnez	a5,20002338 <__swbuf_r+0x34>
20002334:	420010ef          	jal	20003754 <__sinit>
20002338:	01842783          	lw	a5,24(s0)
2000233c:	00f42423          	sw	a5,8(s0)
20002340:	00c45783          	lhu	a5,12(s0)
20002344:	0087f793          	andi	a5,a5,8
20002348:	00078663          	beqz	a5,20002354 <__swbuf_r+0x50>
2000234c:	01042783          	lw	a5,16(s0)
20002350:	02079c63          	bnez	a5,20002388 <__swbuf_r+0x84>
20002354:	00040593          	mv	a1,s0
20002358:	00048513          	mv	a0,s1
2000235c:	0b8000ef          	jal	20002414 <__swsetup_r>
20002360:	02050463          	beqz	a0,20002388 <__swbuf_r+0x84>
20002364:	fff00913          	li	s2,-1
20002368:	01c12083          	lw	ra,28(sp)
2000236c:	01812403          	lw	s0,24(sp)
20002370:	01412483          	lw	s1,20(sp)
20002374:	00c12983          	lw	s3,12(sp)
20002378:	00090513          	mv	a0,s2
2000237c:	01012903          	lw	s2,16(sp)
20002380:	02010113          	addi	sp,sp,32
20002384:	00008067          	ret
20002388:	01042783          	lw	a5,16(s0)
2000238c:	00042503          	lw	a0,0(s0)
20002390:	40f50533          	sub	a0,a0,a5
20002394:	01442783          	lw	a5,20(s0)
20002398:	00f54a63          	blt	a0,a5,200023ac <__swbuf_r+0xa8>
2000239c:	00040593          	mv	a1,s0
200023a0:	00048513          	mv	a0,s1
200023a4:	08c010ef          	jal	20003430 <_fflush_r>
200023a8:	fa051ee3          	bnez	a0,20002364 <__swbuf_r+0x60>
200023ac:	00842783          	lw	a5,8(s0)
200023b0:	00150513          	addi	a0,a0,1
200023b4:	0ff9f913          	zext.b	s2,s3
200023b8:	fff78793          	addi	a5,a5,-1
200023bc:	00f42423          	sw	a5,8(s0)
200023c0:	00042783          	lw	a5,0(s0)
200023c4:	00178713          	addi	a4,a5,1
200023c8:	00e42023          	sw	a4,0(s0)
200023cc:	01378023          	sb	s3,0(a5)
200023d0:	01442783          	lw	a5,20(s0)
200023d4:	00a78c63          	beq	a5,a0,200023ec <__swbuf_r+0xe8>
200023d8:	00c45783          	lhu	a5,12(s0)
200023dc:	0017f793          	andi	a5,a5,1
200023e0:	f80784e3          	beqz	a5,20002368 <__swbuf_r+0x64>
200023e4:	ff690793          	addi	a5,s2,-10
200023e8:	f80790e3          	bnez	a5,20002368 <__swbuf_r+0x64>
200023ec:	00040593          	mv	a1,s0
200023f0:	00048513          	mv	a0,s1
200023f4:	03c010ef          	jal	20003430 <_fflush_r>
200023f8:	f60508e3          	beqz	a0,20002368 <__swbuf_r+0x64>
200023fc:	f69ff06f          	j	20002364 <__swbuf_r+0x60>

20002400 <__swbuf>:
20002400:	200057b7          	lui	a5,0x20005
20002404:	00058613          	mv	a2,a1
20002408:	00050593          	mv	a1,a0
2000240c:	a087a503          	lw	a0,-1528(a5) # 20004a08 <_impure_ptr>
20002410:	ef5ff06f          	j	20002304 <__swbuf_r>

20002414 <__swsetup_r>:
20002414:	ff010113          	addi	sp,sp,-16
20002418:	200057b7          	lui	a5,0x20005
2000241c:	00912223          	sw	s1,4(sp)
20002420:	00050493          	mv	s1,a0
20002424:	a087a503          	lw	a0,-1528(a5) # 20004a08 <_impure_ptr>
20002428:	00812423          	sw	s0,8(sp)
2000242c:	00112623          	sw	ra,12(sp)
20002430:	00058413          	mv	s0,a1
20002434:	00050863          	beqz	a0,20002444 <__swsetup_r+0x30>
20002438:	02052783          	lw	a5,32(a0)
2000243c:	00079463          	bnez	a5,20002444 <__swsetup_r+0x30>
20002440:	314010ef          	jal	20003754 <__sinit>
20002444:	00c41783          	lh	a5,12(s0)
20002448:	0087f713          	andi	a4,a5,8
2000244c:	06071263          	bnez	a4,200024b0 <__swsetup_r+0x9c>
20002450:	0107f713          	andi	a4,a5,16
20002454:	00071e63          	bnez	a4,20002470 <__swsetup_r+0x5c>
20002458:	00900713          	li	a4,9
2000245c:	00e4a023          	sw	a4,0(s1)
20002460:	0407e793          	ori	a5,a5,64
20002464:	00f41623          	sh	a5,12(s0)
20002468:	fff00513          	li	a0,-1
2000246c:	0980006f          	j	20002504 <__swsetup_r+0xf0>
20002470:	0047f713          	andi	a4,a5,4
20002474:	02070a63          	beqz	a4,200024a8 <__swsetup_r+0x94>
20002478:	03442583          	lw	a1,52(s0)
2000247c:	00058c63          	beqz	a1,20002494 <__swsetup_r+0x80>
20002480:	04440793          	addi	a5,s0,68
20002484:	00f58663          	beq	a1,a5,20002490 <__swsetup_r+0x7c>
20002488:	00048513          	mv	a0,s1
2000248c:	0b0000ef          	jal	2000253c <_free_r>
20002490:	02042a23          	sw	zero,52(s0)
20002494:	00c45783          	lhu	a5,12(s0)
20002498:	01042703          	lw	a4,16(s0)
2000249c:	00042223          	sw	zero,4(s0)
200024a0:	fdb7f793          	andi	a5,a5,-37
200024a4:	00e42023          	sw	a4,0(s0)
200024a8:	0087e793          	ori	a5,a5,8
200024ac:	00f41623          	sh	a5,12(s0)
200024b0:	01042783          	lw	a5,16(s0)
200024b4:	02079063          	bnez	a5,200024d4 <__swsetup_r+0xc0>
200024b8:	00c42783          	lw	a5,12(s0)
200024bc:	20000713          	li	a4,512
200024c0:	2807f793          	andi	a5,a5,640
200024c4:	00e78863          	beq	a5,a4,200024d4 <__swsetup_r+0xc0>
200024c8:	00040593          	mv	a1,s0
200024cc:	00048513          	mv	a0,s1
200024d0:	079010ef          	jal	20003d48 <__smakebuf_r>
200024d4:	00c41783          	lh	a5,12(s0)
200024d8:	0017f713          	andi	a4,a5,1
200024dc:	02070e63          	beqz	a4,20002518 <__swsetup_r+0x104>
200024e0:	01442703          	lw	a4,20(s0)
200024e4:	00042423          	sw	zero,8(s0)
200024e8:	40e00733          	neg	a4,a4
200024ec:	00e42c23          	sw	a4,24(s0)
200024f0:	01042703          	lw	a4,16(s0)
200024f4:	00000513          	li	a0,0
200024f8:	00071663          	bnez	a4,20002504 <__swsetup_r+0xf0>
200024fc:	0807f713          	andi	a4,a5,128
20002500:	f60710e3          	bnez	a4,20002460 <__swsetup_r+0x4c>
20002504:	00c12083          	lw	ra,12(sp)
20002508:	00812403          	lw	s0,8(sp)
2000250c:	00412483          	lw	s1,4(sp)
20002510:	01010113          	addi	sp,sp,16
20002514:	00008067          	ret
20002518:	0027f713          	andi	a4,a5,2
2000251c:	00000693          	li	a3,0
20002520:	00071463          	bnez	a4,20002528 <__swsetup_r+0x114>
20002524:	01442683          	lw	a3,20(s0)
20002528:	00d42423          	sw	a3,8(s0)
2000252c:	fc5ff06f          	j	200024f0 <__swsetup_r+0xdc>

20002530 <__errno>:
20002530:	200057b7          	lui	a5,0x20005
20002534:	a087a503          	lw	a0,-1528(a5) # 20004a08 <_impure_ptr>
20002538:	00008067          	ret

2000253c <_free_r>:
2000253c:	0e058c63          	beqz	a1,20002634 <_free_r+0xf8>
20002540:	ffc5a783          	lw	a5,-4(a1)
20002544:	fe010113          	addi	sp,sp,-32
20002548:	00812c23          	sw	s0,24(sp)
2000254c:	00112e23          	sw	ra,28(sp)
20002550:	ffc58413          	addi	s0,a1,-4
20002554:	0007d463          	bgez	a5,2000255c <_free_r+0x20>
20002558:	00f40433          	add	s0,s0,a5
2000255c:	00a12623          	sw	a0,12(sp)
20002560:	340000ef          	jal	200028a0 <__malloc_lock>
20002564:	20005737          	lui	a4,0x20005
20002568:	b5872783          	lw	a5,-1192(a4) # 20004b58 <__malloc_free_list>
2000256c:	00c12503          	lw	a0,12(sp)
20002570:	00079e63          	bnez	a5,2000258c <_free_r+0x50>
20002574:	00042223          	sw	zero,4(s0)
20002578:	b4872c23          	sw	s0,-1192(a4)
2000257c:	01812403          	lw	s0,24(sp)
20002580:	01c12083          	lw	ra,28(sp)
20002584:	02010113          	addi	sp,sp,32
20002588:	31c0006f          	j	200028a4 <__malloc_unlock>
2000258c:	02f47463          	bgeu	s0,a5,200025b4 <_free_r+0x78>
20002590:	00042603          	lw	a2,0(s0)
20002594:	00c406b3          	add	a3,s0,a2
20002598:	00d79a63          	bne	a5,a3,200025ac <_free_r+0x70>
2000259c:	0007a683          	lw	a3,0(a5)
200025a0:	0047a783          	lw	a5,4(a5)
200025a4:	00c686b3          	add	a3,a3,a2
200025a8:	00d42023          	sw	a3,0(s0)
200025ac:	00f42223          	sw	a5,4(s0)
200025b0:	fc9ff06f          	j	20002578 <_free_r+0x3c>
200025b4:	00078713          	mv	a4,a5
200025b8:	0047a783          	lw	a5,4(a5)
200025bc:	00078463          	beqz	a5,200025c4 <_free_r+0x88>
200025c0:	fef47ae3          	bgeu	s0,a5,200025b4 <_free_r+0x78>
200025c4:	00072683          	lw	a3,0(a4)
200025c8:	00d70633          	add	a2,a4,a3
200025cc:	02861863          	bne	a2,s0,200025fc <_free_r+0xc0>
200025d0:	00042603          	lw	a2,0(s0)
200025d4:	00c686b3          	add	a3,a3,a2
200025d8:	00d72023          	sw	a3,0(a4)
200025dc:	00d70633          	add	a2,a4,a3
200025e0:	f8c79ee3          	bne	a5,a2,2000257c <_free_r+0x40>
200025e4:	0007a603          	lw	a2,0(a5)
200025e8:	0047a783          	lw	a5,4(a5)
200025ec:	00d606b3          	add	a3,a2,a3
200025f0:	00d72023          	sw	a3,0(a4)
200025f4:	00f72223          	sw	a5,4(a4)
200025f8:	f85ff06f          	j	2000257c <_free_r+0x40>
200025fc:	00c47863          	bgeu	s0,a2,2000260c <_free_r+0xd0>
20002600:	00c00793          	li	a5,12
20002604:	00f52023          	sw	a5,0(a0)
20002608:	f75ff06f          	j	2000257c <_free_r+0x40>
2000260c:	00042603          	lw	a2,0(s0)
20002610:	00c406b3          	add	a3,s0,a2
20002614:	00d79a63          	bne	a5,a3,20002628 <_free_r+0xec>
20002618:	0007a683          	lw	a3,0(a5)
2000261c:	0047a783          	lw	a5,4(a5)
20002620:	00c686b3          	add	a3,a3,a2
20002624:	00d42023          	sw	a3,0(s0)
20002628:	00f42223          	sw	a5,4(s0)
2000262c:	00872223          	sw	s0,4(a4)
20002630:	f4dff06f          	j	2000257c <_free_r+0x40>
20002634:	00008067          	ret

20002638 <malloc>:
20002638:	200057b7          	lui	a5,0x20005
2000263c:	00050593          	mv	a1,a0
20002640:	a087a503          	lw	a0,-1528(a5) # 20004a08 <_impure_ptr>
20002644:	09c0006f          	j	200026e0 <_malloc_r>

20002648 <free>:
20002648:	200057b7          	lui	a5,0x20005
2000264c:	00050593          	mv	a1,a0
20002650:	a087a503          	lw	a0,-1528(a5) # 20004a08 <_impure_ptr>
20002654:	ee9ff06f          	j	2000253c <_free_r>

20002658 <sbrk_aligned>:
20002658:	ff010113          	addi	sp,sp,-16
2000265c:	00812423          	sw	s0,8(sp)
20002660:	20005437          	lui	s0,0x20005
20002664:	b5442783          	lw	a5,-1196(s0) # 20004b54 <__malloc_sbrk_start>
20002668:	00912223          	sw	s1,4(sp)
2000266c:	01212023          	sw	s2,0(sp)
20002670:	00112623          	sw	ra,12(sp)
20002674:	00050913          	mv	s2,a0
20002678:	00058493          	mv	s1,a1
2000267c:	00079863          	bnez	a5,2000268c <sbrk_aligned+0x34>
20002680:	00000593          	li	a1,0
20002684:	49d010ef          	jal	20004320 <_sbrk_r>
20002688:	b4a42a23          	sw	a0,-1196(s0)
2000268c:	00048593          	mv	a1,s1
20002690:	00090513          	mv	a0,s2
20002694:	48d010ef          	jal	20004320 <_sbrk_r>
20002698:	fff00493          	li	s1,-1
2000269c:	02951263          	bne	a0,s1,200026c0 <sbrk_aligned+0x68>
200026a0:	fff00413          	li	s0,-1
200026a4:	00c12083          	lw	ra,12(sp)
200026a8:	00040513          	mv	a0,s0
200026ac:	00812403          	lw	s0,8(sp)
200026b0:	00412483          	lw	s1,4(sp)
200026b4:	00012903          	lw	s2,0(sp)
200026b8:	01010113          	addi	sp,sp,16
200026bc:	00008067          	ret
200026c0:	00350413          	addi	s0,a0,3
200026c4:	ffc47413          	andi	s0,s0,-4
200026c8:	fc850ee3          	beq	a0,s0,200026a4 <sbrk_aligned+0x4c>
200026cc:	40a405b3          	sub	a1,s0,a0
200026d0:	00090513          	mv	a0,s2
200026d4:	44d010ef          	jal	20004320 <_sbrk_r>
200026d8:	fc9516e3          	bne	a0,s1,200026a4 <sbrk_aligned+0x4c>
200026dc:	fc5ff06f          	j	200026a0 <sbrk_aligned+0x48>

200026e0 <_malloc_r>:
200026e0:	fe010113          	addi	sp,sp,-32
200026e4:	00912a23          	sw	s1,20(sp)
200026e8:	00358493          	addi	s1,a1,3
200026ec:	ffc4f493          	andi	s1,s1,-4
200026f0:	00112e23          	sw	ra,28(sp)
200026f4:	00812c23          	sw	s0,24(sp)
200026f8:	01212823          	sw	s2,16(sp)
200026fc:	01312623          	sw	s3,12(sp)
20002700:	01412423          	sw	s4,8(sp)
20002704:	00848493          	addi	s1,s1,8
20002708:	00c00793          	li	a5,12
2000270c:	00f4f463          	bgeu	s1,a5,20002714 <_malloc_r+0x34>
20002710:	00078493          	mv	s1,a5
20002714:	0004c463          	bltz	s1,2000271c <_malloc_r+0x3c>
20002718:	02b4f863          	bgeu	s1,a1,20002748 <_malloc_r+0x68>
2000271c:	00c00793          	li	a5,12
20002720:	00f52023          	sw	a5,0(a0)
20002724:	00000513          	li	a0,0
20002728:	01c12083          	lw	ra,28(sp)
2000272c:	01812403          	lw	s0,24(sp)
20002730:	01412483          	lw	s1,20(sp)
20002734:	01012903          	lw	s2,16(sp)
20002738:	00c12983          	lw	s3,12(sp)
2000273c:	00812a03          	lw	s4,8(sp)
20002740:	02010113          	addi	sp,sp,32
20002744:	00008067          	ret
20002748:	00050913          	mv	s2,a0
2000274c:	200059b7          	lui	s3,0x20005
20002750:	150000ef          	jal	200028a0 <__malloc_lock>
20002754:	b589a783          	lw	a5,-1192(s3) # 20004b58 <__malloc_free_list>
20002758:	00078413          	mv	s0,a5
2000275c:	08041063          	bnez	s0,200027dc <_malloc_r+0xfc>
20002760:	00048593          	mv	a1,s1
20002764:	00090513          	mv	a0,s2
20002768:	ef1ff0ef          	jal	20002658 <sbrk_aligned>
2000276c:	fff00793          	li	a5,-1
20002770:	00050413          	mv	s0,a0
20002774:	12f51263          	bne	a0,a5,20002898 <_malloc_r+0x1b8>
20002778:	b589a403          	lw	s0,-1192(s3)
2000277c:	00040793          	mv	a5,s0
20002780:	0e079263          	bnez	a5,20002864 <_malloc_r+0x184>
20002784:	10040063          	beqz	s0,20002884 <_malloc_r+0x1a4>
20002788:	00042a03          	lw	s4,0(s0)
2000278c:	00000593          	li	a1,0
20002790:	00090513          	mv	a0,s2
20002794:	01440a33          	add	s4,s0,s4
20002798:	389010ef          	jal	20004320 <_sbrk_r>
2000279c:	0eaa1463          	bne	s4,a0,20002884 <_malloc_r+0x1a4>
200027a0:	00042783          	lw	a5,0(s0)
200027a4:	00090513          	mv	a0,s2
200027a8:	40f484b3          	sub	s1,s1,a5
200027ac:	00048593          	mv	a1,s1
200027b0:	ea9ff0ef          	jal	20002658 <sbrk_aligned>
200027b4:	fff00793          	li	a5,-1
200027b8:	0cf50663          	beq	a0,a5,20002884 <_malloc_r+0x1a4>
200027bc:	00042783          	lw	a5,0(s0)
200027c0:	009787b3          	add	a5,a5,s1
200027c4:	00f42023          	sw	a5,0(s0)
200027c8:	b589a783          	lw	a5,-1192(s3)
200027cc:	0047a703          	lw	a4,4(a5)
200027d0:	0a071063          	bnez	a4,20002870 <_malloc_r+0x190>
200027d4:	b409ac23          	sw	zero,-1192(s3)
200027d8:	0340006f          	j	2000280c <_malloc_r+0x12c>
200027dc:	00042683          	lw	a3,0(s0)
200027e0:	409686b3          	sub	a3,a3,s1
200027e4:	0606ca63          	bltz	a3,20002858 <_malloc_r+0x178>
200027e8:	00b00713          	li	a4,11
200027ec:	04d77a63          	bgeu	a4,a3,20002840 <_malloc_r+0x160>
200027f0:	00942023          	sw	s1,0(s0)
200027f4:	00940733          	add	a4,s0,s1
200027f8:	04879063          	bne	a5,s0,20002838 <_malloc_r+0x158>
200027fc:	b4e9ac23          	sw	a4,-1192(s3)
20002800:	00442783          	lw	a5,4(s0)
20002804:	00d72023          	sw	a3,0(a4)
20002808:	00f72223          	sw	a5,4(a4)
2000280c:	00090513          	mv	a0,s2
20002810:	094000ef          	jal	200028a4 <__malloc_unlock>
20002814:	00b40513          	addi	a0,s0,11
20002818:	00440793          	addi	a5,s0,4
2000281c:	ff857513          	andi	a0,a0,-8
20002820:	40f50733          	sub	a4,a0,a5
20002824:	f0f502e3          	beq	a0,a5,20002728 <_malloc_r+0x48>
20002828:	00e40433          	add	s0,s0,a4
2000282c:	40a787b3          	sub	a5,a5,a0
20002830:	00f42023          	sw	a5,0(s0)
20002834:	ef5ff06f          	j	20002728 <_malloc_r+0x48>
20002838:	00e7a223          	sw	a4,4(a5)
2000283c:	fc5ff06f          	j	20002800 <_malloc_r+0x120>
20002840:	00442703          	lw	a4,4(s0)
20002844:	00879663          	bne	a5,s0,20002850 <_malloc_r+0x170>
20002848:	b4e9ac23          	sw	a4,-1192(s3)
2000284c:	fc1ff06f          	j	2000280c <_malloc_r+0x12c>
20002850:	00e7a223          	sw	a4,4(a5)
20002854:	fb9ff06f          	j	2000280c <_malloc_r+0x12c>
20002858:	00040793          	mv	a5,s0
2000285c:	00442403          	lw	s0,4(s0)
20002860:	efdff06f          	j	2000275c <_malloc_r+0x7c>
20002864:	00078413          	mv	s0,a5
20002868:	0047a783          	lw	a5,4(a5)
2000286c:	f15ff06f          	j	20002780 <_malloc_r+0xa0>
20002870:	00078713          	mv	a4,a5
20002874:	0047a783          	lw	a5,4(a5)
20002878:	fe879ce3          	bne	a5,s0,20002870 <_malloc_r+0x190>
2000287c:	00072223          	sw	zero,4(a4)
20002880:	f8dff06f          	j	2000280c <_malloc_r+0x12c>
20002884:	00c00793          	li	a5,12
20002888:	00f92023          	sw	a5,0(s2)
2000288c:	00090513          	mv	a0,s2
20002890:	014000ef          	jal	200028a4 <__malloc_unlock>
20002894:	e91ff06f          	j	20002724 <_malloc_r+0x44>
20002898:	00952023          	sw	s1,0(a0)
2000289c:	f71ff06f          	j	2000280c <_malloc_r+0x12c>

200028a0 <__malloc_lock>:
200028a0:	00008067          	ret

200028a4 <__malloc_unlock>:
200028a4:	00008067          	ret

200028a8 <__sfputc_r>:
200028a8:	00862783          	lw	a5,8(a2) # 10008 <_start-0x1ffefff8>
200028ac:	fff78793          	addi	a5,a5,-1
200028b0:	00f62423          	sw	a5,8(a2)
200028b4:	0007dc63          	bgez	a5,200028cc <__sfputc_r+0x24>
200028b8:	01862703          	lw	a4,24(a2)
200028bc:	00e7c663          	blt	a5,a4,200028c8 <__sfputc_r+0x20>
200028c0:	ff658793          	addi	a5,a1,-10
200028c4:	00079463          	bnez	a5,200028cc <__sfputc_r+0x24>
200028c8:	a3dff06f          	j	20002304 <__swbuf_r>
200028cc:	00062783          	lw	a5,0(a2)
200028d0:	00058513          	mv	a0,a1
200028d4:	00178713          	addi	a4,a5,1
200028d8:	00e62023          	sw	a4,0(a2)
200028dc:	00b78023          	sb	a1,0(a5)
200028e0:	00008067          	ret

200028e4 <__sfputs_r>:
200028e4:	fe010113          	addi	sp,sp,-32
200028e8:	00812c23          	sw	s0,24(sp)
200028ec:	00912a23          	sw	s1,20(sp)
200028f0:	01212823          	sw	s2,16(sp)
200028f4:	01312623          	sw	s3,12(sp)
200028f8:	01412423          	sw	s4,8(sp)
200028fc:	00112e23          	sw	ra,28(sp)
20002900:	00050993          	mv	s3,a0
20002904:	00058a13          	mv	s4,a1
20002908:	00060413          	mv	s0,a2
2000290c:	00d604b3          	add	s1,a2,a3
20002910:	fff00913          	li	s2,-1
20002914:	00941663          	bne	s0,s1,20002920 <__sfputs_r+0x3c>
20002918:	00000513          	li	a0,0
2000291c:	01c0006f          	j	20002938 <__sfputs_r+0x54>
20002920:	00044583          	lbu	a1,0(s0)
20002924:	000a0613          	mv	a2,s4
20002928:	00098513          	mv	a0,s3
2000292c:	f7dff0ef          	jal	200028a8 <__sfputc_r>
20002930:	00140413          	addi	s0,s0,1
20002934:	ff2510e3          	bne	a0,s2,20002914 <__sfputs_r+0x30>
20002938:	01c12083          	lw	ra,28(sp)
2000293c:	01812403          	lw	s0,24(sp)
20002940:	01412483          	lw	s1,20(sp)
20002944:	01012903          	lw	s2,16(sp)
20002948:	00c12983          	lw	s3,12(sp)
2000294c:	00812a03          	lw	s4,8(sp)
20002950:	02010113          	addi	sp,sp,32
20002954:	00008067          	ret

20002958 <__sprint_r>:
20002958:	00862783          	lw	a5,8(a2)
2000295c:	ff010113          	addi	sp,sp,-16
20002960:	00812423          	sw	s0,8(sp)
20002964:	00112623          	sw	ra,12(sp)
20002968:	00060413          	mv	s0,a2
2000296c:	02078063          	beqz	a5,2000298c <__sprint_r+0x34>
20002970:	645000ef          	jal	200037b4 <__sfvwrite_r>
20002974:	00042423          	sw	zero,8(s0)
20002978:	00c12083          	lw	ra,12(sp)
2000297c:	00042223          	sw	zero,4(s0)
20002980:	00812403          	lw	s0,8(sp)
20002984:	01010113          	addi	sp,sp,16
20002988:	00008067          	ret
2000298c:	00000513          	li	a0,0
20002990:	fe9ff06f          	j	20002978 <__sprint_r+0x20>

20002994 <_vfiprintf_r>:
20002994:	f5010113          	addi	sp,sp,-176
20002998:	0a812423          	sw	s0,168(sp)
2000299c:	0a912223          	sw	s1,164(sp)
200029a0:	09312e23          	sw	s3,156(sp)
200029a4:	09412c23          	sw	s4,152(sp)
200029a8:	0a112623          	sw	ra,172(sp)
200029ac:	0b212023          	sw	s2,160(sp)
200029b0:	09512a23          	sw	s5,148(sp)
200029b4:	09612823          	sw	s6,144(sp)
200029b8:	09712623          	sw	s7,140(sp)
200029bc:	09812423          	sw	s8,136(sp)
200029c0:	09912223          	sw	s9,132(sp)
200029c4:	00050993          	mv	s3,a0
200029c8:	00058493          	mv	s1,a1
200029cc:	00060413          	mv	s0,a2
200029d0:	00068a13          	mv	s4,a3
200029d4:	00050863          	beqz	a0,200029e4 <_vfiprintf_r+0x50>
200029d8:	02052783          	lw	a5,32(a0)
200029dc:	00079463          	bnez	a5,200029e4 <_vfiprintf_r+0x50>
200029e0:	575000ef          	jal	20003754 <__sinit>
200029e4:	00c4d783          	lhu	a5,12(s1)
200029e8:	0087f793          	andi	a5,a5,8
200029ec:	10078a63          	beqz	a5,20002b00 <_vfiprintf_r+0x16c>
200029f0:	0104a783          	lw	a5,16(s1)
200029f4:	10078663          	beqz	a5,20002b00 <_vfiprintf_r+0x16c>
200029f8:	02000793          	li	a5,32
200029fc:	02f10ca3          	sb	a5,57(sp)
20002a00:	01412e23          	sw	s4,28(sp)
20002a04:	03000793          	li	a5,48
20002a08:	20005a37          	lui	s4,0x20005
20002a0c:	02012a23          	sw	zero,52(sp)
20002a10:	02f10d23          	sb	a5,58(sp)
20002a14:	fff00a93          	li	s5,-1
20002a18:	8dca0a13          	addi	s4,s4,-1828 # 200048dc <__clz_tab+0x100>
20002a1c:	00100b93          	li	s7,1
20002a20:	00a00b13          	li	s6,10
20002a24:	00040c13          	mv	s8,s0
20002a28:	000c4783          	lbu	a5,0(s8)
20002a2c:	00f03cb3          	snez	s9,a5
20002a30:	fdb78793          	addi	a5,a5,-37
20002a34:	00f037b3          	snez	a5,a5
20002a38:	00fcfcb3          	and	s9,s9,a5
20002a3c:	100c9663          	bnez	s9,20002b48 <_vfiprintf_r+0x1b4>
20002a40:	408c06b3          	sub	a3,s8,s0
20002a44:	028c0663          	beq	s8,s0,20002a70 <_vfiprintf_r+0xdc>
20002a48:	00040613          	mv	a2,s0
20002a4c:	00048593          	mv	a1,s1
20002a50:	00098513          	mv	a0,s3
20002a54:	00d12623          	sw	a3,12(sp)
20002a58:	e8dff0ef          	jal	200028e4 <__sfputs_r>
20002a5c:	29550063          	beq	a0,s5,20002cdc <_vfiprintf_r+0x348>
20002a60:	03412783          	lw	a5,52(sp)
20002a64:	00c12683          	lw	a3,12(sp)
20002a68:	00d787b3          	add	a5,a5,a3
20002a6c:	02f12a23          	sw	a5,52(sp)
20002a70:	000c4783          	lbu	a5,0(s8)
20002a74:	26078463          	beqz	a5,20002cdc <_vfiprintf_r+0x348>
20002a78:	001c0413          	addi	s0,s8,1
20002a7c:	02012023          	sw	zero,32(sp)
20002a80:	02012623          	sw	zero,44(sp)
20002a84:	03512223          	sw	s5,36(sp)
20002a88:	02012423          	sw	zero,40(sp)
20002a8c:	060101a3          	sb	zero,99(sp)
20002a90:	06012c23          	sw	zero,120(sp)
20002a94:	00044583          	lbu	a1,0(s0)
20002a98:	00500613          	li	a2,5
20002a9c:	000a0513          	mv	a0,s4
20002aa0:	550010ef          	jal	20003ff0 <memchr>
20002aa4:	02012783          	lw	a5,32(sp)
20002aa8:	00140693          	addi	a3,s0,1
20002aac:	0a051263          	bnez	a0,20002b50 <_vfiprintf_r+0x1bc>
20002ab0:	0107f713          	andi	a4,a5,16
20002ab4:	00070663          	beqz	a4,20002ac0 <_vfiprintf_r+0x12c>
20002ab8:	02000713          	li	a4,32
20002abc:	06e101a3          	sb	a4,99(sp)
20002ac0:	0087f713          	andi	a4,a5,8
20002ac4:	00070663          	beqz	a4,20002ad0 <_vfiprintf_r+0x13c>
20002ac8:	02b00713          	li	a4,43
20002acc:	06e101a3          	sb	a4,99(sp)
20002ad0:	00044603          	lbu	a2,0(s0)
20002ad4:	02a00713          	li	a4,42
20002ad8:	08e60863          	beq	a2,a4,20002b68 <_vfiprintf_r+0x1d4>
20002adc:	02c12783          	lw	a5,44(sp)
20002ae0:	00000693          	li	a3,0
20002ae4:	00900613          	li	a2,9
20002ae8:	00044703          	lbu	a4,0(s0)
20002aec:	fd070713          	addi	a4,a4,-48
20002af0:	0ee67263          	bgeu	a2,a4,20002bd4 <_vfiprintf_r+0x240>
20002af4:	08068863          	beqz	a3,20002b84 <_vfiprintf_r+0x1f0>
20002af8:	02f12623          	sw	a5,44(sp)
20002afc:	0880006f          	j	20002b84 <_vfiprintf_r+0x1f0>
20002b00:	00048593          	mv	a1,s1
20002b04:	00098513          	mv	a0,s3
20002b08:	90dff0ef          	jal	20002414 <__swsetup_r>
20002b0c:	ee0506e3          	beqz	a0,200029f8 <_vfiprintf_r+0x64>
20002b10:	fff00513          	li	a0,-1
20002b14:	0ac12083          	lw	ra,172(sp)
20002b18:	0a812403          	lw	s0,168(sp)
20002b1c:	0a412483          	lw	s1,164(sp)
20002b20:	0a012903          	lw	s2,160(sp)
20002b24:	09c12983          	lw	s3,156(sp)
20002b28:	09812a03          	lw	s4,152(sp)
20002b2c:	09412a83          	lw	s5,148(sp)
20002b30:	09012b03          	lw	s6,144(sp)
20002b34:	08c12b83          	lw	s7,140(sp)
20002b38:	08812c03          	lw	s8,136(sp)
20002b3c:	08412c83          	lw	s9,132(sp)
20002b40:	0b010113          	addi	sp,sp,176
20002b44:	00008067          	ret
20002b48:	001c0c13          	addi	s8,s8,1
20002b4c:	eddff06f          	j	20002a28 <_vfiprintf_r+0x94>
20002b50:	41450533          	sub	a0,a0,s4
20002b54:	00ab9533          	sll	a0,s7,a0
20002b58:	00f56533          	or	a0,a0,a5
20002b5c:	02a12023          	sw	a0,32(sp)
20002b60:	00068413          	mv	s0,a3
20002b64:	f31ff06f          	j	20002a94 <_vfiprintf_r+0x100>
20002b68:	01c12703          	lw	a4,28(sp)
20002b6c:	00470613          	addi	a2,a4,4
20002b70:	00072703          	lw	a4,0(a4)
20002b74:	00c12e23          	sw	a2,28(sp)
20002b78:	04074463          	bltz	a4,20002bc0 <_vfiprintf_r+0x22c>
20002b7c:	02e12623          	sw	a4,44(sp)
20002b80:	00068413          	mv	s0,a3
20002b84:	00044703          	lbu	a4,0(s0)
20002b88:	02e00793          	li	a5,46
20002b8c:	06f71e63          	bne	a4,a5,20002c08 <_vfiprintf_r+0x274>
20002b90:	00144703          	lbu	a4,1(s0)
20002b94:	02a00793          	li	a5,42
20002b98:	04f71863          	bne	a4,a5,20002be8 <_vfiprintf_r+0x254>
20002b9c:	01c12783          	lw	a5,28(sp)
20002ba0:	00240413          	addi	s0,s0,2
20002ba4:	00478713          	addi	a4,a5,4
20002ba8:	0007a783          	lw	a5,0(a5)
20002bac:	00e12e23          	sw	a4,28(sp)
20002bb0:	0007d463          	bgez	a5,20002bb8 <_vfiprintf_r+0x224>
20002bb4:	fff00793          	li	a5,-1
20002bb8:	02f12223          	sw	a5,36(sp)
20002bbc:	04c0006f          	j	20002c08 <_vfiprintf_r+0x274>
20002bc0:	40e00733          	neg	a4,a4
20002bc4:	0027e793          	ori	a5,a5,2
20002bc8:	02e12623          	sw	a4,44(sp)
20002bcc:	02f12023          	sw	a5,32(sp)
20002bd0:	fb1ff06f          	j	20002b80 <_vfiprintf_r+0x1ec>
20002bd4:	036787b3          	mul	a5,a5,s6
20002bd8:	00140413          	addi	s0,s0,1
20002bdc:	00100693          	li	a3,1
20002be0:	00e787b3          	add	a5,a5,a4
20002be4:	f05ff06f          	j	20002ae8 <_vfiprintf_r+0x154>
20002be8:	00140413          	addi	s0,s0,1
20002bec:	02012223          	sw	zero,36(sp)
20002bf0:	00000793          	li	a5,0
20002bf4:	00900693          	li	a3,9
20002bf8:	00044703          	lbu	a4,0(s0)
20002bfc:	fd070713          	addi	a4,a4,-48
20002c00:	08e6f863          	bgeu	a3,a4,20002c90 <_vfiprintf_r+0x2fc>
20002c04:	fa0c9ae3          	bnez	s9,20002bb8 <_vfiprintf_r+0x224>
20002c08:	00044583          	lbu	a1,0(s0)
20002c0c:	20005c37          	lui	s8,0x20005
20002c10:	00300613          	li	a2,3
20002c14:	8e4c0513          	addi	a0,s8,-1820 # 200048e4 <__clz_tab+0x108>
20002c18:	3d8010ef          	jal	20003ff0 <memchr>
20002c1c:	02050263          	beqz	a0,20002c40 <_vfiprintf_r+0x2ac>
20002c20:	02012783          	lw	a5,32(sp)
20002c24:	8e4c0c13          	addi	s8,s8,-1820
20002c28:	41850533          	sub	a0,a0,s8
20002c2c:	04000713          	li	a4,64
20002c30:	00a71733          	sll	a4,a4,a0
20002c34:	00e7e7b3          	or	a5,a5,a4
20002c38:	00140413          	addi	s0,s0,1
20002c3c:	02f12023          	sw	a5,32(sp)
20002c40:	00044583          	lbu	a1,0(s0)
20002c44:	20005537          	lui	a0,0x20005
20002c48:	00600613          	li	a2,6
20002c4c:	8e850513          	addi	a0,a0,-1816 # 200048e8 <__clz_tab+0x10c>
20002c50:	02b10c23          	sb	a1,56(sp)
20002c54:	39c010ef          	jal	20003ff0 <memchr>
20002c58:	08050c63          	beqz	a0,20002cf0 <_vfiprintf_r+0x35c>
20002c5c:	00000793          	li	a5,0
20002c60:	04079a63          	bnez	a5,20002cb4 <_vfiprintf_r+0x320>
20002c64:	02012703          	lw	a4,32(sp)
20002c68:	01c12783          	lw	a5,28(sp)
20002c6c:	10077713          	andi	a4,a4,256
20002c70:	02070a63          	beqz	a4,20002ca4 <_vfiprintf_r+0x310>
20002c74:	00478793          	addi	a5,a5,4
20002c78:	00f12e23          	sw	a5,28(sp)
20002c7c:	03412783          	lw	a5,52(sp)
20002c80:	00140413          	addi	s0,s0,1
20002c84:	012787b3          	add	a5,a5,s2
20002c88:	02f12a23          	sw	a5,52(sp)
20002c8c:	d99ff06f          	j	20002a24 <_vfiprintf_r+0x90>
20002c90:	036787b3          	mul	a5,a5,s6
20002c94:	00140413          	addi	s0,s0,1
20002c98:	00100c93          	li	s9,1
20002c9c:	00e787b3          	add	a5,a5,a4
20002ca0:	f59ff06f          	j	20002bf8 <_vfiprintf_r+0x264>
20002ca4:	00778793          	addi	a5,a5,7
20002ca8:	ff87f793          	andi	a5,a5,-8
20002cac:	00878793          	addi	a5,a5,8
20002cb0:	fc9ff06f          	j	20002c78 <_vfiprintf_r+0x2e4>
20002cb4:	200036b7          	lui	a3,0x20003
20002cb8:	01c10713          	addi	a4,sp,28
20002cbc:	8e468693          	addi	a3,a3,-1820 # 200028e4 <__sfputs_r>
20002cc0:	00048613          	mv	a2,s1
20002cc4:	02010593          	addi	a1,sp,32
20002cc8:	00098513          	mv	a0,s3
20002ccc:	00000097          	auipc	ra,0x0
20002cd0:	000000e7          	jalr	zero # 0 <_start-0x20000000>
20002cd4:	00050913          	mv	s2,a0
20002cd8:	fb5512e3          	bne	a0,s5,20002c7c <_vfiprintf_r+0x2e8>
20002cdc:	00c4d783          	lhu	a5,12(s1)
20002ce0:	0407f793          	andi	a5,a5,64
20002ce4:	e20796e3          	bnez	a5,20002b10 <_vfiprintf_r+0x17c>
20002ce8:	03412503          	lw	a0,52(sp)
20002cec:	e29ff06f          	j	20002b14 <_vfiprintf_r+0x180>
20002cf0:	200036b7          	lui	a3,0x20003
20002cf4:	01c10713          	addi	a4,sp,28
20002cf8:	8e468693          	addi	a3,a3,-1820 # 200028e4 <__sfputs_r>
20002cfc:	00048613          	mv	a2,s1
20002d00:	02010593          	addi	a1,sp,32
20002d04:	00098513          	mv	a0,s3
20002d08:	1d4000ef          	jal	20002edc <_printf_i>
20002d0c:	fc9ff06f          	j	20002cd4 <_vfiprintf_r+0x340>

20002d10 <vfiprintf>:
20002d10:	200057b7          	lui	a5,0x20005
20002d14:	00060693          	mv	a3,a2
20002d18:	00058613          	mv	a2,a1
20002d1c:	00050593          	mv	a1,a0
20002d20:	a087a503          	lw	a0,-1528(a5) # 20004a08 <_impure_ptr>
20002d24:	c71ff06f          	j	20002994 <_vfiprintf_r>

20002d28 <_printf_common>:
20002d28:	fd010113          	addi	sp,sp,-48
20002d2c:	01312e23          	sw	s3,28(sp)
20002d30:	0105a783          	lw	a5,16(a1)
20002d34:	00070993          	mv	s3,a4
20002d38:	0085a703          	lw	a4,8(a1)
20002d3c:	02812423          	sw	s0,40(sp)
20002d40:	03212023          	sw	s2,32(sp)
20002d44:	01612823          	sw	s6,16(sp)
20002d48:	01712623          	sw	s7,12(sp)
20002d4c:	02112623          	sw	ra,44(sp)
20002d50:	02912223          	sw	s1,36(sp)
20002d54:	01412c23          	sw	s4,24(sp)
20002d58:	01512a23          	sw	s5,20(sp)
20002d5c:	00050b13          	mv	s6,a0
20002d60:	00058413          	mv	s0,a1
20002d64:	00060913          	mv	s2,a2
20002d68:	00068b93          	mv	s7,a3
20002d6c:	00e7d463          	bge	a5,a4,20002d74 <_printf_common+0x4c>
20002d70:	00070793          	mv	a5,a4
20002d74:	00f92023          	sw	a5,0(s2)
20002d78:	04344703          	lbu	a4,67(s0)
20002d7c:	00070663          	beqz	a4,20002d88 <_printf_common+0x60>
20002d80:	00178793          	addi	a5,a5,1
20002d84:	00f92023          	sw	a5,0(s2)
20002d88:	00042783          	lw	a5,0(s0)
20002d8c:	0207f793          	andi	a5,a5,32
20002d90:	00078863          	beqz	a5,20002da0 <_printf_common+0x78>
20002d94:	00092783          	lw	a5,0(s2)
20002d98:	00278793          	addi	a5,a5,2
20002d9c:	00f92023          	sw	a5,0(s2)
20002da0:	00042483          	lw	s1,0(s0)
20002da4:	0064f493          	andi	s1,s1,6
20002da8:	00049e63          	bnez	s1,20002dc4 <_printf_common+0x9c>
20002dac:	01940a13          	addi	s4,s0,25
20002db0:	fff00a93          	li	s5,-1
20002db4:	00c42783          	lw	a5,12(s0)
20002db8:	00092703          	lw	a4,0(s2)
20002dbc:	40e787b3          	sub	a5,a5,a4
20002dc0:	08f4c463          	blt	s1,a5,20002e48 <_printf_common+0x120>
20002dc4:	00042783          	lw	a5,0(s0)
20002dc8:	04344683          	lbu	a3,67(s0)
20002dcc:	0207f793          	andi	a5,a5,32
20002dd0:	00d036b3          	snez	a3,a3
20002dd4:	0c079263          	bnez	a5,20002e98 <_printf_common+0x170>
20002dd8:	04340613          	addi	a2,s0,67
20002ddc:	000b8593          	mv	a1,s7
20002de0:	000b0513          	mv	a0,s6
20002de4:	000980e7          	jalr	s3
20002de8:	fff00793          	li	a5,-1
20002dec:	06f50a63          	beq	a0,a5,20002e60 <_printf_common+0x138>
20002df0:	00042783          	lw	a5,0(s0)
20002df4:	00400713          	li	a4,4
20002df8:	00000493          	li	s1,0
20002dfc:	0067f793          	andi	a5,a5,6
20002e00:	00e79e63          	bne	a5,a4,20002e1c <_printf_common+0xf4>
20002e04:	00092783          	lw	a5,0(s2)
20002e08:	00c42483          	lw	s1,12(s0)
20002e0c:	40f484b3          	sub	s1,s1,a5
20002e10:	fff4c793          	not	a5,s1
20002e14:	41f7d793          	srai	a5,a5,0x1f
20002e18:	00f4f4b3          	and	s1,s1,a5
20002e1c:	00842783          	lw	a5,8(s0)
20002e20:	01042703          	lw	a4,16(s0)
20002e24:	00f75663          	bge	a4,a5,20002e30 <_printf_common+0x108>
20002e28:	40e787b3          	sub	a5,a5,a4
20002e2c:	00f484b3          	add	s1,s1,a5
20002e30:	00000913          	li	s2,0
20002e34:	01a40413          	addi	s0,s0,26
20002e38:	fff00a13          	li	s4,-1
20002e3c:	09249063          	bne	s1,s2,20002ebc <_printf_common+0x194>
20002e40:	00000513          	li	a0,0
20002e44:	0200006f          	j	20002e64 <_printf_common+0x13c>
20002e48:	00100693          	li	a3,1
20002e4c:	000a0613          	mv	a2,s4
20002e50:	000b8593          	mv	a1,s7
20002e54:	000b0513          	mv	a0,s6
20002e58:	000980e7          	jalr	s3
20002e5c:	03551a63          	bne	a0,s5,20002e90 <_printf_common+0x168>
20002e60:	fff00513          	li	a0,-1
20002e64:	02c12083          	lw	ra,44(sp)
20002e68:	02812403          	lw	s0,40(sp)
20002e6c:	02412483          	lw	s1,36(sp)
20002e70:	02012903          	lw	s2,32(sp)
20002e74:	01c12983          	lw	s3,28(sp)
20002e78:	01812a03          	lw	s4,24(sp)
20002e7c:	01412a83          	lw	s5,20(sp)
20002e80:	01012b03          	lw	s6,16(sp)
20002e84:	00c12b83          	lw	s7,12(sp)
20002e88:	03010113          	addi	sp,sp,48
20002e8c:	00008067          	ret
20002e90:	00148493          	addi	s1,s1,1
20002e94:	f21ff06f          	j	20002db4 <_printf_common+0x8c>
20002e98:	00d40733          	add	a4,s0,a3
20002e9c:	03000613          	li	a2,48
20002ea0:	04c701a3          	sb	a2,67(a4)
20002ea4:	04544703          	lbu	a4,69(s0)
20002ea8:	00168793          	addi	a5,a3,1
20002eac:	00f407b3          	add	a5,s0,a5
20002eb0:	00268693          	addi	a3,a3,2
20002eb4:	04e781a3          	sb	a4,67(a5)
20002eb8:	f21ff06f          	j	20002dd8 <_printf_common+0xb0>
20002ebc:	00100693          	li	a3,1
20002ec0:	00040613          	mv	a2,s0
20002ec4:	000b8593          	mv	a1,s7
20002ec8:	000b0513          	mv	a0,s6
20002ecc:	000980e7          	jalr	s3
20002ed0:	f94508e3          	beq	a0,s4,20002e60 <_printf_common+0x138>
20002ed4:	00190913          	addi	s2,s2,1
20002ed8:	f65ff06f          	j	20002e3c <_printf_common+0x114>

20002edc <_printf_i>:
20002edc:	fc010113          	addi	sp,sp,-64
20002ee0:	02812c23          	sw	s0,56(sp)
20002ee4:	02912a23          	sw	s1,52(sp)
20002ee8:	03412423          	sw	s4,40(sp)
20002eec:	03512223          	sw	s5,36(sp)
20002ef0:	02112e23          	sw	ra,60(sp)
20002ef4:	03212823          	sw	s2,48(sp)
20002ef8:	03312623          	sw	s3,44(sp)
20002efc:	0185c783          	lbu	a5,24(a1)
20002f00:	00068493          	mv	s1,a3
20002f04:	07800693          	li	a3,120
20002f08:	00050a13          	mv	s4,a0
20002f0c:	00058413          	mv	s0,a1
20002f10:	00060a93          	mv	s5,a2
20002f14:	00f6ee63          	bltu	a3,a5,20002f30 <_printf_i+0x54>
20002f18:	06200693          	li	a3,98
20002f1c:	04358613          	addi	a2,a1,67
20002f20:	00f6ec63          	bltu	a3,a5,20002f38 <_printf_i+0x5c>
20002f24:	28078263          	beqz	a5,200031a8 <_printf_i+0x2cc>
20002f28:	05800693          	li	a3,88
20002f2c:	20d78e63          	beq	a5,a3,20003148 <_printf_i+0x26c>
20002f30:	04240913          	addi	s2,s0,66
20002f34:	0400006f          	j	20002f74 <_printf_i+0x98>
20002f38:	f9d78693          	addi	a3,a5,-99
20002f3c:	0ff6f693          	zext.b	a3,a3
20002f40:	01500593          	li	a1,21
20002f44:	fed5e6e3          	bltu	a1,a3,20002f30 <_printf_i+0x54>
20002f48:	200055b7          	lui	a1,0x20005
20002f4c:	00269693          	slli	a3,a3,0x2
20002f50:	91858593          	addi	a1,a1,-1768 # 20004918 <__clz_tab+0x13c>
20002f54:	00b686b3          	add	a3,a3,a1
20002f58:	0006a683          	lw	a3,0(a3)
20002f5c:	00068067          	jr	a3
20002f60:	00072783          	lw	a5,0(a4)
20002f64:	04240913          	addi	s2,s0,66
20002f68:	00478693          	addi	a3,a5,4
20002f6c:	0007a783          	lw	a5,0(a5)
20002f70:	00d72023          	sw	a3,0(a4)
20002f74:	04f40123          	sb	a5,66(s0)
20002f78:	00100793          	li	a5,1
20002f7c:	2680006f          	j	200031e4 <_printf_i+0x308>
20002f80:	00042783          	lw	a5,0(s0)
20002f84:	00072503          	lw	a0,0(a4)
20002f88:	0807f693          	andi	a3,a5,128
20002f8c:	00450593          	addi	a1,a0,4
20002f90:	02068663          	beqz	a3,20002fbc <_printf_i+0xe0>
20002f94:	00052783          	lw	a5,0(a0)
20002f98:	00b72023          	sw	a1,0(a4)
20002f9c:	200056b7          	lui	a3,0x20005
20002fa0:	0007d863          	bgez	a5,20002fb0 <_printf_i+0xd4>
20002fa4:	02d00713          	li	a4,45
20002fa8:	40f007b3          	neg	a5,a5
20002fac:	04e401a3          	sb	a4,67(s0)
20002fb0:	8f068693          	addi	a3,a3,-1808 # 200048f0 <__clz_tab+0x114>
20002fb4:	00a00713          	li	a4,10
20002fb8:	0680006f          	j	20003020 <_printf_i+0x144>
20002fbc:	0407f693          	andi	a3,a5,64
20002fc0:	00052783          	lw	a5,0(a0)
20002fc4:	00b72023          	sw	a1,0(a4)
20002fc8:	fc068ae3          	beqz	a3,20002f9c <_printf_i+0xc0>
20002fcc:	01079793          	slli	a5,a5,0x10
20002fd0:	4107d793          	srai	a5,a5,0x10
20002fd4:	fc9ff06f          	j	20002f9c <_printf_i+0xc0>
20002fd8:	00042583          	lw	a1,0(s0)
20002fdc:	00072683          	lw	a3,0(a4)
20002fe0:	0805f513          	andi	a0,a1,128
20002fe4:	0006a783          	lw	a5,0(a3)
20002fe8:	00468693          	addi	a3,a3,4
20002fec:	00051a63          	bnez	a0,20003000 <_printf_i+0x124>
20002ff0:	0405f593          	andi	a1,a1,64
20002ff4:	00058663          	beqz	a1,20003000 <_printf_i+0x124>
20002ff8:	01079793          	slli	a5,a5,0x10
20002ffc:	0107d793          	srli	a5,a5,0x10
20003000:	00d72023          	sw	a3,0(a4)
20003004:	01844583          	lbu	a1,24(s0)
20003008:	200056b7          	lui	a3,0x20005
2000300c:	06f00713          	li	a4,111
20003010:	8f068693          	addi	a3,a3,-1808 # 200048f0 <__clz_tab+0x114>
20003014:	14e59863          	bne	a1,a4,20003164 <_printf_i+0x288>
20003018:	00800713          	li	a4,8
2000301c:	040401a3          	sb	zero,67(s0)
20003020:	00442583          	lw	a1,4(s0)
20003024:	00b42423          	sw	a1,8(s0)
20003028:	0005ce63          	bltz	a1,20003044 <_printf_i+0x168>
2000302c:	00042503          	lw	a0,0(s0)
20003030:	00b7e5b3          	or	a1,a5,a1
20003034:	00060913          	mv	s2,a2
20003038:	ffb57513          	andi	a0,a0,-5
2000303c:	00a42023          	sw	a0,0(s0)
20003040:	02058463          	beqz	a1,20003068 <_printf_i+0x18c>
20003044:	00060913          	mv	s2,a2
20003048:	02e7f5b3          	remu	a1,a5,a4
2000304c:	fff90913          	addi	s2,s2,-1
20003050:	00b685b3          	add	a1,a3,a1
20003054:	0005c583          	lbu	a1,0(a1)
20003058:	00b90023          	sb	a1,0(s2)
2000305c:	00078593          	mv	a1,a5
20003060:	02e7d7b3          	divu	a5,a5,a4
20003064:	fee5f2e3          	bgeu	a1,a4,20003048 <_printf_i+0x16c>
20003068:	00800793          	li	a5,8
2000306c:	02f71463          	bne	a4,a5,20003094 <_printf_i+0x1b8>
20003070:	00042783          	lw	a5,0(s0)
20003074:	0017f793          	andi	a5,a5,1
20003078:	00078e63          	beqz	a5,20003094 <_printf_i+0x1b8>
2000307c:	00442703          	lw	a4,4(s0)
20003080:	01042783          	lw	a5,16(s0)
20003084:	00e7c863          	blt	a5,a4,20003094 <_printf_i+0x1b8>
20003088:	03000793          	li	a5,48
2000308c:	fef90fa3          	sb	a5,-1(s2)
20003090:	fff90913          	addi	s2,s2,-1
20003094:	41260633          	sub	a2,a2,s2
20003098:	00c42823          	sw	a2,16(s0)
2000309c:	00048713          	mv	a4,s1
200030a0:	000a8693          	mv	a3,s5
200030a4:	01c10613          	addi	a2,sp,28
200030a8:	00040593          	mv	a1,s0
200030ac:	000a0513          	mv	a0,s4
200030b0:	c79ff0ef          	jal	20002d28 <_printf_common>
200030b4:	fff00993          	li	s3,-1
200030b8:	13351c63          	bne	a0,s3,200031f0 <_printf_i+0x314>
200030bc:	fff00513          	li	a0,-1
200030c0:	03c12083          	lw	ra,60(sp)
200030c4:	03812403          	lw	s0,56(sp)
200030c8:	03412483          	lw	s1,52(sp)
200030cc:	03012903          	lw	s2,48(sp)
200030d0:	02c12983          	lw	s3,44(sp)
200030d4:	02812a03          	lw	s4,40(sp)
200030d8:	02412a83          	lw	s5,36(sp)
200030dc:	04010113          	addi	sp,sp,64
200030e0:	00008067          	ret
200030e4:	00042783          	lw	a5,0(s0)
200030e8:	0207e793          	ori	a5,a5,32
200030ec:	00f42023          	sw	a5,0(s0)
200030f0:	200056b7          	lui	a3,0x20005
200030f4:	07800793          	li	a5,120
200030f8:	90468693          	addi	a3,a3,-1788 # 20004904 <__clz_tab+0x128>
200030fc:	04f402a3          	sb	a5,69(s0)
20003100:	00042583          	lw	a1,0(s0)
20003104:	00072503          	lw	a0,0(a4)
20003108:	0805f813          	andi	a6,a1,128
2000310c:	00052783          	lw	a5,0(a0)
20003110:	00450513          	addi	a0,a0,4
20003114:	00081a63          	bnez	a6,20003128 <_printf_i+0x24c>
20003118:	0405f813          	andi	a6,a1,64
2000311c:	00080663          	beqz	a6,20003128 <_printf_i+0x24c>
20003120:	01079793          	slli	a5,a5,0x10
20003124:	0107d793          	srli	a5,a5,0x10
20003128:	00a72023          	sw	a0,0(a4)
2000312c:	0015f713          	andi	a4,a1,1
20003130:	00070663          	beqz	a4,2000313c <_printf_i+0x260>
20003134:	0205e593          	ori	a1,a1,32
20003138:	00b42023          	sw	a1,0(s0)
2000313c:	00078c63          	beqz	a5,20003154 <_printf_i+0x278>
20003140:	01000713          	li	a4,16
20003144:	ed9ff06f          	j	2000301c <_printf_i+0x140>
20003148:	200056b7          	lui	a3,0x20005
2000314c:	8f068693          	addi	a3,a3,-1808 # 200048f0 <__clz_tab+0x114>
20003150:	fadff06f          	j	200030fc <_printf_i+0x220>
20003154:	00042703          	lw	a4,0(s0)
20003158:	fdf77713          	andi	a4,a4,-33
2000315c:	00e42023          	sw	a4,0(s0)
20003160:	fe1ff06f          	j	20003140 <_printf_i+0x264>
20003164:	00a00713          	li	a4,10
20003168:	eb5ff06f          	j	2000301c <_printf_i+0x140>
2000316c:	00042683          	lw	a3,0(s0)
20003170:	00072783          	lw	a5,0(a4)
20003174:	01442583          	lw	a1,20(s0)
20003178:	0806f813          	andi	a6,a3,128
2000317c:	00478513          	addi	a0,a5,4
20003180:	00080a63          	beqz	a6,20003194 <_printf_i+0x2b8>
20003184:	00a72023          	sw	a0,0(a4)
20003188:	0007a783          	lw	a5,0(a5)
2000318c:	00b7a023          	sw	a1,0(a5)
20003190:	0180006f          	j	200031a8 <_printf_i+0x2cc>
20003194:	00a72023          	sw	a0,0(a4)
20003198:	0406f693          	andi	a3,a3,64
2000319c:	0007a783          	lw	a5,0(a5)
200031a0:	fe0686e3          	beqz	a3,2000318c <_printf_i+0x2b0>
200031a4:	00b79023          	sh	a1,0(a5)
200031a8:	00042823          	sw	zero,16(s0)
200031ac:	00060913          	mv	s2,a2
200031b0:	eedff06f          	j	2000309c <_printf_i+0x1c0>
200031b4:	00072783          	lw	a5,0(a4)
200031b8:	00442603          	lw	a2,4(s0)
200031bc:	00000593          	li	a1,0
200031c0:	00478693          	addi	a3,a5,4
200031c4:	00d72023          	sw	a3,0(a4)
200031c8:	0007a903          	lw	s2,0(a5)
200031cc:	00090513          	mv	a0,s2
200031d0:	621000ef          	jal	20003ff0 <memchr>
200031d4:	00050663          	beqz	a0,200031e0 <_printf_i+0x304>
200031d8:	41250533          	sub	a0,a0,s2
200031dc:	00a42223          	sw	a0,4(s0)
200031e0:	00442783          	lw	a5,4(s0)
200031e4:	00f42823          	sw	a5,16(s0)
200031e8:	040401a3          	sb	zero,67(s0)
200031ec:	eb1ff06f          	j	2000309c <_printf_i+0x1c0>
200031f0:	01042683          	lw	a3,16(s0)
200031f4:	00090613          	mv	a2,s2
200031f8:	000a8593          	mv	a1,s5
200031fc:	000a0513          	mv	a0,s4
20003200:	000480e7          	jalr	s1
20003204:	eb350ce3          	beq	a0,s3,200030bc <_printf_i+0x1e0>
20003208:	00042783          	lw	a5,0(s0)
2000320c:	0027f793          	andi	a5,a5,2
20003210:	04079663          	bnez	a5,2000325c <_printf_i+0x380>
20003214:	01c12783          	lw	a5,28(sp)
20003218:	00c42503          	lw	a0,12(s0)
2000321c:	eaf552e3          	bge	a0,a5,200030c0 <_printf_i+0x1e4>
20003220:	00078513          	mv	a0,a5
20003224:	e9dff06f          	j	200030c0 <_printf_i+0x1e4>
20003228:	00100693          	li	a3,1
2000322c:	000a8593          	mv	a1,s5
20003230:	000a0513          	mv	a0,s4
20003234:	00c12623          	sw	a2,12(sp)
20003238:	000480e7          	jalr	s1
2000323c:	e93500e3          	beq	a0,s3,200030bc <_printf_i+0x1e0>
20003240:	00c12603          	lw	a2,12(sp)
20003244:	00190913          	addi	s2,s2,1
20003248:	00c42783          	lw	a5,12(s0)
2000324c:	01c12703          	lw	a4,28(sp)
20003250:	40e787b3          	sub	a5,a5,a4
20003254:	fcf94ae3          	blt	s2,a5,20003228 <_printf_i+0x34c>
20003258:	fbdff06f          	j	20003214 <_printf_i+0x338>
2000325c:	00000913          	li	s2,0
20003260:	01940613          	addi	a2,s0,25
20003264:	fe5ff06f          	j	20003248 <_printf_i+0x36c>

20003268 <__sflush_r>:
20003268:	00c59783          	lh	a5,12(a1)
2000326c:	fe010113          	addi	sp,sp,-32
20003270:	00812c23          	sw	s0,24(sp)
20003274:	00912a23          	sw	s1,20(sp)
20003278:	00112e23          	sw	ra,28(sp)
2000327c:	01212823          	sw	s2,16(sp)
20003280:	0087f713          	andi	a4,a5,8
20003284:	00050493          	mv	s1,a0
20003288:	00058413          	mv	s0,a1
2000328c:	12071263          	bnez	a4,200033b0 <__sflush_r+0x148>
20003290:	0045a703          	lw	a4,4(a1)
20003294:	00e04663          	bgtz	a4,200032a0 <__sflush_r+0x38>
20003298:	0405a703          	lw	a4,64(a1)
2000329c:	10e05663          	blez	a4,200033a8 <__sflush_r+0x140>
200032a0:	02c42703          	lw	a4,44(s0)
200032a4:	10070263          	beqz	a4,200033a8 <__sflush_r+0x140>
200032a8:	0004a903          	lw	s2,0(s1)
200032ac:	01379693          	slli	a3,a5,0x13
200032b0:	0004a023          	sw	zero,0(s1)
200032b4:	0a06dc63          	bgez	a3,2000336c <__sflush_r+0x104>
200032b8:	05442603          	lw	a2,84(s0)
200032bc:	00c45783          	lhu	a5,12(s0)
200032c0:	0047f793          	andi	a5,a5,4
200032c4:	00078e63          	beqz	a5,200032e0 <__sflush_r+0x78>
200032c8:	00442783          	lw	a5,4(s0)
200032cc:	40f60633          	sub	a2,a2,a5
200032d0:	03442783          	lw	a5,52(s0)
200032d4:	00078663          	beqz	a5,200032e0 <__sflush_r+0x78>
200032d8:	04042783          	lw	a5,64(s0)
200032dc:	40f60633          	sub	a2,a2,a5
200032e0:	02c42783          	lw	a5,44(s0)
200032e4:	02042583          	lw	a1,32(s0)
200032e8:	00000693          	li	a3,0
200032ec:	00048513          	mv	a0,s1
200032f0:	000780e7          	jalr	a5
200032f4:	fff00713          	li	a4,-1
200032f8:	00c41783          	lh	a5,12(s0)
200032fc:	02e51263          	bne	a0,a4,20003320 <__sflush_r+0xb8>
20003300:	0004a683          	lw	a3,0(s1)
20003304:	01d00713          	li	a4,29
20003308:	0ed76c63          	bltu	a4,a3,20003400 <__sflush_r+0x198>
2000330c:	20400737          	lui	a4,0x20400
20003310:	00170713          	addi	a4,a4,1 # 20400001 <__stack_top+0x3fa89d>
20003314:	00d75733          	srl	a4,a4,a3
20003318:	00177713          	andi	a4,a4,1
2000331c:	0e070263          	beqz	a4,20003400 <__sflush_r+0x198>
20003320:	01042703          	lw	a4,16(s0)
20003324:	00042223          	sw	zero,4(s0)
20003328:	00e42023          	sw	a4,0(s0)
2000332c:	01379713          	slli	a4,a5,0x13
20003330:	00075c63          	bgez	a4,20003348 <__sflush_r+0xe0>
20003334:	fff00793          	li	a5,-1
20003338:	00f51663          	bne	a0,a5,20003344 <__sflush_r+0xdc>
2000333c:	0004a783          	lw	a5,0(s1)
20003340:	00079463          	bnez	a5,20003348 <__sflush_r+0xe0>
20003344:	04a42a23          	sw	a0,84(s0)
20003348:	03442583          	lw	a1,52(s0)
2000334c:	0124a023          	sw	s2,0(s1)
20003350:	04058c63          	beqz	a1,200033a8 <__sflush_r+0x140>
20003354:	04440793          	addi	a5,s0,68
20003358:	00f58663          	beq	a1,a5,20003364 <__sflush_r+0xfc>
2000335c:	00048513          	mv	a0,s1
20003360:	9dcff0ef          	jal	2000253c <_free_r>
20003364:	02042a23          	sw	zero,52(s0)
20003368:	0400006f          	j	200033a8 <__sflush_r+0x140>
2000336c:	02042583          	lw	a1,32(s0)
20003370:	00000613          	li	a2,0
20003374:	00100693          	li	a3,1
20003378:	00048513          	mv	a0,s1
2000337c:	000700e7          	jalr	a4
20003380:	fff00793          	li	a5,-1
20003384:	00050613          	mv	a2,a0
20003388:	f2f51ae3          	bne	a0,a5,200032bc <__sflush_r+0x54>
2000338c:	0004a783          	lw	a5,0(s1)
20003390:	f20786e3          	beqz	a5,200032bc <__sflush_r+0x54>
20003394:	fe378713          	addi	a4,a5,-29
20003398:	00070663          	beqz	a4,200033a4 <__sflush_r+0x13c>
2000339c:	fea78793          	addi	a5,a5,-22
200033a0:	04079e63          	bnez	a5,200033fc <__sflush_r+0x194>
200033a4:	0124a023          	sw	s2,0(s1)
200033a8:	00000513          	li	a0,0
200033ac:	0600006f          	j	2000340c <__sflush_r+0x1a4>
200033b0:	0105a603          	lw	a2,16(a1)
200033b4:	fe060ae3          	beqz	a2,200033a8 <__sflush_r+0x140>
200033b8:	0005a683          	lw	a3,0(a1)
200033bc:	0037f793          	andi	a5,a5,3
200033c0:	00c5a023          	sw	a2,0(a1)
200033c4:	40c68933          	sub	s2,a3,a2
200033c8:	00000713          	li	a4,0
200033cc:	00079463          	bnez	a5,200033d4 <__sflush_r+0x16c>
200033d0:	0145a703          	lw	a4,20(a1)
200033d4:	00e42423          	sw	a4,8(s0)
200033d8:	fd2058e3          	blez	s2,200033a8 <__sflush_r+0x140>
200033dc:	02842783          	lw	a5,40(s0)
200033e0:	02042583          	lw	a1,32(s0)
200033e4:	00090693          	mv	a3,s2
200033e8:	00048513          	mv	a0,s1
200033ec:	00c12623          	sw	a2,12(sp)
200033f0:	000780e7          	jalr	a5
200033f4:	00c12603          	lw	a2,12(sp)
200033f8:	02a04663          	bgtz	a0,20003424 <__sflush_r+0x1bc>
200033fc:	00c45783          	lhu	a5,12(s0)
20003400:	0407e793          	ori	a5,a5,64
20003404:	00f41623          	sh	a5,12(s0)
20003408:	fff00513          	li	a0,-1
2000340c:	01c12083          	lw	ra,28(sp)
20003410:	01812403          	lw	s0,24(sp)
20003414:	01412483          	lw	s1,20(sp)
20003418:	01012903          	lw	s2,16(sp)
2000341c:	02010113          	addi	sp,sp,32
20003420:	00008067          	ret
20003424:	00a60633          	add	a2,a2,a0
20003428:	40a90933          	sub	s2,s2,a0
2000342c:	fadff06f          	j	200033d8 <__sflush_r+0x170>

20003430 <_fflush_r>:
20003430:	0105a783          	lw	a5,16(a1)
20003434:	04078e63          	beqz	a5,20003490 <_fflush_r+0x60>
20003438:	fe010113          	addi	sp,sp,-32
2000343c:	00812c23          	sw	s0,24(sp)
20003440:	00112e23          	sw	ra,28(sp)
20003444:	00050413          	mv	s0,a0
20003448:	00050c63          	beqz	a0,20003460 <_fflush_r+0x30>
2000344c:	02052783          	lw	a5,32(a0)
20003450:	00079863          	bnez	a5,20003460 <_fflush_r+0x30>
20003454:	00b12623          	sw	a1,12(sp)
20003458:	2fc000ef          	jal	20003754 <__sinit>
2000345c:	00c12583          	lw	a1,12(sp)
20003460:	00c59783          	lh	a5,12(a1)
20003464:	00078c63          	beqz	a5,2000347c <_fflush_r+0x4c>
20003468:	00040513          	mv	a0,s0
2000346c:	01812403          	lw	s0,24(sp)
20003470:	01c12083          	lw	ra,28(sp)
20003474:	02010113          	addi	sp,sp,32
20003478:	df1ff06f          	j	20003268 <__sflush_r>
2000347c:	01c12083          	lw	ra,28(sp)
20003480:	01812403          	lw	s0,24(sp)
20003484:	00000513          	li	a0,0
20003488:	02010113          	addi	sp,sp,32
2000348c:	00008067          	ret
20003490:	00000513          	li	a0,0
20003494:	00008067          	ret

20003498 <fflush>:
20003498:	00050593          	mv	a1,a0
2000349c:	02051063          	bnez	a0,200034bc <fflush+0x24>
200034a0:	20005637          	lui	a2,0x20005
200034a4:	200035b7          	lui	a1,0x20003
200034a8:	20005537          	lui	a0,0x20005
200034ac:	9f860613          	addi	a2,a2,-1544 # 200049f8 <__sglue>
200034b0:	43058593          	addi	a1,a1,1072 # 20003430 <_fflush_r>
200034b4:	9ac50513          	addi	a0,a0,-1620 # 200049ac <_impure_data>
200034b8:	75c0006f          	j	20003c14 <_fwalk_sglue>
200034bc:	200057b7          	lui	a5,0x20005
200034c0:	a087a503          	lw	a0,-1528(a5) # 20004a08 <_impure_ptr>
200034c4:	f6dff06f          	j	20003430 <_fflush_r>

200034c8 <__fp_lock>:
200034c8:	00000513          	li	a0,0
200034cc:	00008067          	ret

200034d0 <std>:
200034d0:	ff010113          	addi	sp,sp,-16
200034d4:	00812423          	sw	s0,8(sp)
200034d8:	00112623          	sw	ra,12(sp)
200034dc:	00050413          	mv	s0,a0
200034e0:	00b51623          	sh	a1,12(a0)
200034e4:	00c51723          	sh	a2,14(a0)
200034e8:	00052023          	sw	zero,0(a0)
200034ec:	00052223          	sw	zero,4(a0)
200034f0:	00052423          	sw	zero,8(a0)
200034f4:	06052223          	sw	zero,100(a0)
200034f8:	00052823          	sw	zero,16(a0)
200034fc:	00052a23          	sw	zero,20(a0)
20003500:	00052c23          	sw	zero,24(a0)
20003504:	00800613          	li	a2,8
20003508:	00000593          	li	a1,0
2000350c:	05c50513          	addi	a0,a0,92
20003510:	6ed000ef          	jal	200043fc <memset>
20003514:	200047b7          	lui	a5,0x20004
20003518:	eb478793          	addi	a5,a5,-332 # 20003eb4 <__sread>
2000351c:	02f42223          	sw	a5,36(s0)
20003520:	200047b7          	lui	a5,0x20004
20003524:	f0c78793          	addi	a5,a5,-244 # 20003f0c <__swrite>
20003528:	02f42423          	sw	a5,40(s0)
2000352c:	200047b7          	lui	a5,0x20004
20003530:	f9078793          	addi	a5,a5,-112 # 20003f90 <__sseek>
20003534:	02f42623          	sw	a5,44(s0)
20003538:	200047b7          	lui	a5,0x20004
2000353c:	fe878793          	addi	a5,a5,-24 # 20003fe8 <__sclose>
20003540:	00c12083          	lw	ra,12(sp)
20003544:	02842023          	sw	s0,32(s0)
20003548:	02f42823          	sw	a5,48(s0)
2000354c:	00812403          	lw	s0,8(sp)
20003550:	01010113          	addi	sp,sp,16
20003554:	00008067          	ret

20003558 <stdio_exit_handler>:
20003558:	20005637          	lui	a2,0x20005
2000355c:	200035b7          	lui	a1,0x20003
20003560:	20005537          	lui	a0,0x20005
20003564:	9f860613          	addi	a2,a2,-1544 # 200049f8 <__sglue>
20003568:	43058593          	addi	a1,a1,1072 # 20003430 <_fflush_r>
2000356c:	9ac50513          	addi	a0,a0,-1620 # 200049ac <_impure_data>
20003570:	6a40006f          	j	20003c14 <_fwalk_sglue>

20003574 <cleanup_stdio>:
20003574:	00452583          	lw	a1,4(a0)
20003578:	ff010113          	addi	sp,sp,-16
2000357c:	200057b7          	lui	a5,0x20005
20003580:	00812423          	sw	s0,8(sp)
20003584:	00112623          	sw	ra,12(sp)
20003588:	a1c78793          	addi	a5,a5,-1508 # 20004a1c <__sf>
2000358c:	00050413          	mv	s0,a0
20003590:	00f58463          	beq	a1,a5,20003598 <cleanup_stdio+0x24>
20003594:	e9dff0ef          	jal	20003430 <_fflush_r>
20003598:	00842583          	lw	a1,8(s0)
2000359c:	200057b7          	lui	a5,0x20005
200035a0:	a8478793          	addi	a5,a5,-1404 # 20004a84 <__sf+0x68>
200035a4:	00f58663          	beq	a1,a5,200035b0 <cleanup_stdio+0x3c>
200035a8:	00040513          	mv	a0,s0
200035ac:	e85ff0ef          	jal	20003430 <_fflush_r>
200035b0:	00c42583          	lw	a1,12(s0)
200035b4:	200057b7          	lui	a5,0x20005
200035b8:	aec78793          	addi	a5,a5,-1300 # 20004aec <__sf+0xd0>
200035bc:	00f58c63          	beq	a1,a5,200035d4 <cleanup_stdio+0x60>
200035c0:	00040513          	mv	a0,s0
200035c4:	00812403          	lw	s0,8(sp)
200035c8:	00c12083          	lw	ra,12(sp)
200035cc:	01010113          	addi	sp,sp,16
200035d0:	e61ff06f          	j	20003430 <_fflush_r>
200035d4:	00c12083          	lw	ra,12(sp)
200035d8:	00812403          	lw	s0,8(sp)
200035dc:	01010113          	addi	sp,sp,16
200035e0:	00008067          	ret

200035e4 <global_stdio_init.part.0>:
200035e4:	200037b7          	lui	a5,0x20003
200035e8:	20005537          	lui	a0,0x20005
200035ec:	ff010113          	addi	sp,sp,-16
200035f0:	20005737          	lui	a4,0x20005
200035f4:	55878793          	addi	a5,a5,1368 # 20003558 <stdio_exit_handler>
200035f8:	00000613          	li	a2,0
200035fc:	00400593          	li	a1,4
20003600:	a1c50513          	addi	a0,a0,-1508 # 20004a1c <__sf>
20003604:	00112623          	sw	ra,12(sp)
20003608:	b4f72e23          	sw	a5,-1188(a4) # 20004b5c <__stdio_exit_handler>
2000360c:	ec5ff0ef          	jal	200034d0 <std>
20003610:	20005537          	lui	a0,0x20005
20003614:	00100613          	li	a2,1
20003618:	00900593          	li	a1,9
2000361c:	a8450513          	addi	a0,a0,-1404 # 20004a84 <__sf+0x68>
20003620:	eb1ff0ef          	jal	200034d0 <std>
20003624:	00c12083          	lw	ra,12(sp)
20003628:	20005537          	lui	a0,0x20005
2000362c:	00200613          	li	a2,2
20003630:	01200593          	li	a1,18
20003634:	aec50513          	addi	a0,a0,-1300 # 20004aec <__sf+0xd0>
20003638:	01010113          	addi	sp,sp,16
2000363c:	e95ff06f          	j	200034d0 <std>

20003640 <__fp_unlock>:
20003640:	00000513          	li	a0,0
20003644:	00008067          	ret

20003648 <__sfp>:
20003648:	200057b7          	lui	a5,0x20005
2000364c:	b5c7a783          	lw	a5,-1188(a5) # 20004b5c <__stdio_exit_handler>
20003650:	ff010113          	addi	sp,sp,-16
20003654:	01212023          	sw	s2,0(sp)
20003658:	00112623          	sw	ra,12(sp)
2000365c:	00812423          	sw	s0,8(sp)
20003660:	00912223          	sw	s1,4(sp)
20003664:	00050913          	mv	s2,a0
20003668:	00079463          	bnez	a5,20003670 <__sfp+0x28>
2000366c:	f79ff0ef          	jal	200035e4 <global_stdio_init.part.0>
20003670:	200054b7          	lui	s1,0x20005
20003674:	9f848493          	addi	s1,s1,-1544 # 200049f8 <__sglue>
20003678:	0084a403          	lw	s0,8(s1)
2000367c:	0044a783          	lw	a5,4(s1)
20003680:	fff78793          	addi	a5,a5,-1
20003684:	0207d863          	bgez	a5,200036b4 <__sfp+0x6c>
20003688:	0004a403          	lw	s0,0(s1)
2000368c:	0c041063          	bnez	s0,2000374c <__sfp+0x104>
20003690:	1ac00593          	li	a1,428
20003694:	00090513          	mv	a0,s2
20003698:	848ff0ef          	jal	200026e0 <_malloc_r>
2000369c:	00050413          	mv	s0,a0
200036a0:	08051463          	bnez	a0,20003728 <__sfp+0xe0>
200036a4:	0004a023          	sw	zero,0(s1)
200036a8:	00c00793          	li	a5,12
200036ac:	00f92023          	sw	a5,0(s2)
200036b0:	0540006f          	j	20003704 <__sfp+0xbc>
200036b4:	00c41703          	lh	a4,12(s0)
200036b8:	06071463          	bnez	a4,20003720 <__sfp+0xd8>
200036bc:	ffff07b7          	lui	a5,0xffff0
200036c0:	00178793          	addi	a5,a5,1 # ffff0001 <__stack_top+0xdffea89d>
200036c4:	06042223          	sw	zero,100(s0)
200036c8:	00042023          	sw	zero,0(s0)
200036cc:	00042223          	sw	zero,4(s0)
200036d0:	00042423          	sw	zero,8(s0)
200036d4:	00f42623          	sw	a5,12(s0)
200036d8:	00042823          	sw	zero,16(s0)
200036dc:	00042a23          	sw	zero,20(s0)
200036e0:	00042c23          	sw	zero,24(s0)
200036e4:	00800613          	li	a2,8
200036e8:	00000593          	li	a1,0
200036ec:	05c40513          	addi	a0,s0,92
200036f0:	50d000ef          	jal	200043fc <memset>
200036f4:	02042a23          	sw	zero,52(s0)
200036f8:	02042c23          	sw	zero,56(s0)
200036fc:	04042423          	sw	zero,72(s0)
20003700:	04042623          	sw	zero,76(s0)
20003704:	00c12083          	lw	ra,12(sp)
20003708:	00040513          	mv	a0,s0
2000370c:	00812403          	lw	s0,8(sp)
20003710:	00412483          	lw	s1,4(sp)
20003714:	00012903          	lw	s2,0(sp)
20003718:	01010113          	addi	sp,sp,16
2000371c:	00008067          	ret
20003720:	06840413          	addi	s0,s0,104
20003724:	f5dff06f          	j	20003680 <__sfp+0x38>
20003728:	00400793          	li	a5,4
2000372c:	00052023          	sw	zero,0(a0)
20003730:	00f52223          	sw	a5,4(a0)
20003734:	00c50513          	addi	a0,a0,12
20003738:	00a42423          	sw	a0,8(s0)
2000373c:	1a000613          	li	a2,416
20003740:	00000593          	li	a1,0
20003744:	4b9000ef          	jal	200043fc <memset>
20003748:	0084a023          	sw	s0,0(s1)
2000374c:	00040493          	mv	s1,s0
20003750:	f29ff06f          	j	20003678 <__sfp+0x30>

20003754 <__sinit>:
20003754:	02052783          	lw	a5,32(a0)
20003758:	02079063          	bnez	a5,20003778 <__sinit+0x24>
2000375c:	200037b7          	lui	a5,0x20003
20003760:	57478793          	addi	a5,a5,1396 # 20003574 <cleanup_stdio>
20003764:	02f52023          	sw	a5,32(a0)
20003768:	200057b7          	lui	a5,0x20005
2000376c:	b5c7a783          	lw	a5,-1188(a5) # 20004b5c <__stdio_exit_handler>
20003770:	00079463          	bnez	a5,20003778 <__sinit+0x24>
20003774:	e71ff06f          	j	200035e4 <global_stdio_init.part.0>
20003778:	00008067          	ret

2000377c <__sfp_lock_acquire>:
2000377c:	00008067          	ret

20003780 <__sfp_lock_release>:
20003780:	00008067          	ret

20003784 <__fp_lock_all>:
20003784:	20005637          	lui	a2,0x20005
20003788:	200035b7          	lui	a1,0x20003
2000378c:	9f860613          	addi	a2,a2,-1544 # 200049f8 <__sglue>
20003790:	4c858593          	addi	a1,a1,1224 # 200034c8 <__fp_lock>
20003794:	00000513          	li	a0,0
20003798:	47c0006f          	j	20003c14 <_fwalk_sglue>

2000379c <__fp_unlock_all>:
2000379c:	20005637          	lui	a2,0x20005
200037a0:	200035b7          	lui	a1,0x20003
200037a4:	9f860613          	addi	a2,a2,-1544 # 200049f8 <__sglue>
200037a8:	64058593          	addi	a1,a1,1600 # 20003640 <__fp_unlock>
200037ac:	00000513          	li	a0,0
200037b0:	4640006f          	j	20003c14 <_fwalk_sglue>

200037b4 <__sfvwrite_r>:
200037b4:	00862783          	lw	a5,8(a2)
200037b8:	04079663          	bnez	a5,20003804 <__sfvwrite_r+0x50>
200037bc:	00000513          	li	a0,0
200037c0:	00008067          	ret
200037c4:	00000513          	li	a0,0
200037c8:	03c12083          	lw	ra,60(sp)
200037cc:	03812403          	lw	s0,56(sp)
200037d0:	03412483          	lw	s1,52(sp)
200037d4:	03012903          	lw	s2,48(sp)
200037d8:	02c12983          	lw	s3,44(sp)
200037dc:	02812a03          	lw	s4,40(sp)
200037e0:	02412a83          	lw	s5,36(sp)
200037e4:	02012b03          	lw	s6,32(sp)
200037e8:	01c12b83          	lw	s7,28(sp)
200037ec:	01812c03          	lw	s8,24(sp)
200037f0:	01412c83          	lw	s9,20(sp)
200037f4:	01012d03          	lw	s10,16(sp)
200037f8:	00c12d83          	lw	s11,12(sp)
200037fc:	04010113          	addi	sp,sp,64
20003800:	00008067          	ret
20003804:	00c5d783          	lhu	a5,12(a1)
20003808:	fc010113          	addi	sp,sp,-64
2000380c:	02812c23          	sw	s0,56(sp)
20003810:	03312623          	sw	s3,44(sp)
20003814:	03512223          	sw	s5,36(sp)
20003818:	02112e23          	sw	ra,60(sp)
2000381c:	02912a23          	sw	s1,52(sp)
20003820:	03212823          	sw	s2,48(sp)
20003824:	03412423          	sw	s4,40(sp)
20003828:	03612023          	sw	s6,32(sp)
2000382c:	01712e23          	sw	s7,28(sp)
20003830:	01812c23          	sw	s8,24(sp)
20003834:	01912a23          	sw	s9,20(sp)
20003838:	01a12823          	sw	s10,16(sp)
2000383c:	01b12623          	sw	s11,12(sp)
20003840:	0087f793          	andi	a5,a5,8
20003844:	00060a93          	mv	s5,a2
20003848:	00058413          	mv	s0,a1
2000384c:	00050993          	mv	s3,a0
20003850:	0e078263          	beqz	a5,20003934 <__sfvwrite_r+0x180>
20003854:	0105a783          	lw	a5,16(a1)
20003858:	0c078e63          	beqz	a5,20003934 <__sfvwrite_r+0x180>
2000385c:	00c41783          	lh	a5,12(s0)
20003860:	000aaa03          	lw	s4,0(s5)
20003864:	0027f713          	andi	a4,a5,2
20003868:	12071c63          	bnez	a4,200039a0 <__sfvwrite_r+0x1ec>
2000386c:	0017f793          	andi	a5,a5,1
20003870:	1c078c63          	beqz	a5,20003a48 <__sfvwrite_r+0x294>
20003874:	00000b93          	li	s7,0
20003878:	00000513          	li	a0,0
2000387c:	00000b13          	li	s6,0
20003880:	00000913          	li	s2,0
20003884:	32090663          	beqz	s2,20003bb0 <__sfvwrite_r+0x3fc>
20003888:	02051263          	bnez	a0,200038ac <__sfvwrite_r+0xf8>
2000388c:	00090613          	mv	a2,s2
20003890:	00a00593          	li	a1,10
20003894:	000b0513          	mv	a0,s6
20003898:	758000ef          	jal	20003ff0 <memchr>
2000389c:	00190b93          	addi	s7,s2,1
200038a0:	00050663          	beqz	a0,200038ac <__sfvwrite_r+0xf8>
200038a4:	00150513          	addi	a0,a0,1
200038a8:	41650bb3          	sub	s7,a0,s6
200038ac:	000b8c13          	mv	s8,s7
200038b0:	01797463          	bgeu	s2,s7,200038b8 <__sfvwrite_r+0x104>
200038b4:	00090c13          	mv	s8,s2
200038b8:	01442683          	lw	a3,20(s0)
200038bc:	00842483          	lw	s1,8(s0)
200038c0:	00042503          	lw	a0,0(s0)
200038c4:	01042783          	lw	a5,16(s0)
200038c8:	009684b3          	add	s1,a3,s1
200038cc:	2ea7fc63          	bgeu	a5,a0,20003bc4 <__sfvwrite_r+0x410>
200038d0:	2f84da63          	bge	s1,s8,20003bc4 <__sfvwrite_r+0x410>
200038d4:	000b0593          	mv	a1,s6
200038d8:	00048613          	mv	a2,s1
200038dc:	2e5000ef          	jal	200043c0 <memmove>
200038e0:	00042783          	lw	a5,0(s0)
200038e4:	00040593          	mv	a1,s0
200038e8:	00098513          	mv	a0,s3
200038ec:	009787b3          	add	a5,a5,s1
200038f0:	00f42023          	sw	a5,0(s0)
200038f4:	b3dff0ef          	jal	20003430 <_fflush_r>
200038f8:	14051063          	bnez	a0,20003a38 <__sfvwrite_r+0x284>
200038fc:	409b8bb3          	sub	s7,s7,s1
20003900:	00100513          	li	a0,1
20003904:	000b9a63          	bnez	s7,20003918 <__sfvwrite_r+0x164>
20003908:	00040593          	mv	a1,s0
2000390c:	00098513          	mv	a0,s3
20003910:	b21ff0ef          	jal	20003430 <_fflush_r>
20003914:	12051263          	bnez	a0,20003a38 <__sfvwrite_r+0x284>
20003918:	008aa783          	lw	a5,8(s5)
2000391c:	409787b3          	sub	a5,a5,s1
20003920:	00faa423          	sw	a5,8(s5)
20003924:	ea0780e3          	beqz	a5,200037c4 <__sfvwrite_r+0x10>
20003928:	009b0b33          	add	s6,s6,s1
2000392c:	40990933          	sub	s2,s2,s1
20003930:	f55ff06f          	j	20003884 <__sfvwrite_r+0xd0>
20003934:	00040593          	mv	a1,s0
20003938:	00098513          	mv	a0,s3
2000393c:	ad9fe0ef          	jal	20002414 <__swsetup_r>
20003940:	f0050ee3          	beqz	a0,2000385c <__sfvwrite_r+0xa8>
20003944:	fff00513          	li	a0,-1
20003948:	e81ff06f          	j	200037c8 <__sfvwrite_r+0x14>
2000394c:	000a2903          	lw	s2,0(s4)
20003950:	004a2483          	lw	s1,4(s4)
20003954:	008a0a13          	addi	s4,s4,8
20003958:	fe048ae3          	beqz	s1,2000394c <__sfvwrite_r+0x198>
2000395c:	00048693          	mv	a3,s1
20003960:	009b7663          	bgeu	s6,s1,2000396c <__sfvwrite_r+0x1b8>
20003964:	800006b7          	lui	a3,0x80000
20003968:	c0068693          	addi	a3,a3,-1024 # 7ffffc00 <__stack_top+0x5fffa49c>
2000396c:	02842783          	lw	a5,40(s0)
20003970:	02042583          	lw	a1,32(s0)
20003974:	00090613          	mv	a2,s2
20003978:	00098513          	mv	a0,s3
2000397c:	000780e7          	jalr	a5
20003980:	0aa05c63          	blez	a0,20003a38 <__sfvwrite_r+0x284>
20003984:	008aa783          	lw	a5,8(s5)
20003988:	40a787b3          	sub	a5,a5,a0
2000398c:	00faa423          	sw	a5,8(s5)
20003990:	e2078ae3          	beqz	a5,200037c4 <__sfvwrite_r+0x10>
20003994:	00a90933          	add	s2,s2,a0
20003998:	40a484b3          	sub	s1,s1,a0
2000399c:	fbdff06f          	j	20003958 <__sfvwrite_r+0x1a4>
200039a0:	80000b37          	lui	s6,0x80000
200039a4:	00000913          	li	s2,0
200039a8:	00000493          	li	s1,0
200039ac:	c00b0b13          	addi	s6,s6,-1024 # 7ffffc00 <__stack_top+0x5fffa49c>
200039b0:	fa9ff06f          	j	20003958 <__sfvwrite_r+0x1a4>
200039b4:	000a2b03          	lw	s6,0(s4)
200039b8:	004a2483          	lw	s1,4(s4)
200039bc:	008a0a13          	addi	s4,s4,8
200039c0:	fe048ae3          	beqz	s1,200039b4 <__sfvwrite_r+0x200>
200039c4:	00c41783          	lh	a5,12(s0)
200039c8:	00842d03          	lw	s10,8(s0)
200039cc:	00042503          	lw	a0,0(s0)
200039d0:	2007f713          	andi	a4,a5,512
200039d4:	14070863          	beqz	a4,20003b24 <__sfvwrite_r+0x370>
200039d8:	000d0d93          	mv	s11,s10
200039dc:	13a4ec63          	bltu	s1,s10,20003b14 <__sfvwrite_r+0x360>
200039e0:	4807f713          	andi	a4,a5,1152
200039e4:	12070c63          	beqz	a4,20003b1c <__sfvwrite_r+0x368>
200039e8:	01442903          	lw	s2,20(s0)
200039ec:	01042583          	lw	a1,16(s0)
200039f0:	03890933          	mul	s2,s2,s8
200039f4:	40b50db3          	sub	s11,a0,a1
200039f8:	001d8713          	addi	a4,s11,1
200039fc:	00970733          	add	a4,a4,s1
20003a00:	03994933          	div	s2,s2,s9
20003a04:	00090613          	mv	a2,s2
20003a08:	00e97663          	bgeu	s2,a4,20003a14 <__sfvwrite_r+0x260>
20003a0c:	00070913          	mv	s2,a4
20003a10:	00070613          	mv	a2,a4
20003a14:	4007f793          	andi	a5,a5,1024
20003a18:	0c078863          	beqz	a5,20003ae8 <__sfvwrite_r+0x334>
20003a1c:	00060593          	mv	a1,a2
20003a20:	00098513          	mv	a0,s3
20003a24:	cbdfe0ef          	jal	200026e0 <_malloc_r>
20003a28:	00050d13          	mv	s10,a0
20003a2c:	02051c63          	bnez	a0,20003a64 <__sfvwrite_r+0x2b0>
20003a30:	00c00793          	li	a5,12
20003a34:	00f9a023          	sw	a5,0(s3)
20003a38:	00c45783          	lhu	a5,12(s0)
20003a3c:	0407e793          	ori	a5,a5,64
20003a40:	00f41623          	sh	a5,12(s0)
20003a44:	f01ff06f          	j	20003944 <__sfvwrite_r+0x190>
20003a48:	80000bb7          	lui	s7,0x80000
20003a4c:	00000b13          	li	s6,0
20003a50:	00000493          	li	s1,0
20003a54:	fffb8b93          	addi	s7,s7,-1 # 7fffffff <__stack_top+0x5fffa89b>
20003a58:	00300c13          	li	s8,3
20003a5c:	00200c93          	li	s9,2
20003a60:	f61ff06f          	j	200039c0 <__sfvwrite_r+0x20c>
20003a64:	01042583          	lw	a1,16(s0)
20003a68:	000d8613          	mv	a2,s11
20003a6c:	1ad000ef          	jal	20004418 <memcpy>
20003a70:	00c45783          	lhu	a5,12(s0)
20003a74:	b7f7f793          	andi	a5,a5,-1153
20003a78:	0807e793          	ori	a5,a5,128
20003a7c:	00f41623          	sh	a5,12(s0)
20003a80:	01a42823          	sw	s10,16(s0)
20003a84:	01242a23          	sw	s2,20(s0)
20003a88:	01bd0d33          	add	s10,s10,s11
20003a8c:	41b90933          	sub	s2,s2,s11
20003a90:	01a42023          	sw	s10,0(s0)
20003a94:	01242423          	sw	s2,8(s0)
20003a98:	00048d13          	mv	s10,s1
20003a9c:	00048913          	mv	s2,s1
20003aa0:	00048d93          	mv	s11,s1
20003aa4:	00042503          	lw	a0,0(s0)
20003aa8:	000d8613          	mv	a2,s11
20003aac:	000b0593          	mv	a1,s6
20003ab0:	111000ef          	jal	200043c0 <memmove>
20003ab4:	00842783          	lw	a5,8(s0)
20003ab8:	41a787b3          	sub	a5,a5,s10
20003abc:	00f42423          	sw	a5,8(s0)
20003ac0:	00042783          	lw	a5,0(s0)
20003ac4:	01b787b3          	add	a5,a5,s11
20003ac8:	00f42023          	sw	a5,0(s0)
20003acc:	008aa783          	lw	a5,8(s5)
20003ad0:	412787b3          	sub	a5,a5,s2
20003ad4:	00faa423          	sw	a5,8(s5)
20003ad8:	ce0786e3          	beqz	a5,200037c4 <__sfvwrite_r+0x10>
20003adc:	012b0b33          	add	s6,s6,s2
20003ae0:	412484b3          	sub	s1,s1,s2
20003ae4:	eddff06f          	j	200039c0 <__sfvwrite_r+0x20c>
20003ae8:	00098513          	mv	a0,s3
20003aec:	151000ef          	jal	2000443c <_realloc_r>
20003af0:	00050d13          	mv	s10,a0
20003af4:	f80516e3          	bnez	a0,20003a80 <__sfvwrite_r+0x2cc>
20003af8:	01042583          	lw	a1,16(s0)
20003afc:	00098513          	mv	a0,s3
20003b00:	a3dfe0ef          	jal	2000253c <_free_r>
20003b04:	00c45783          	lhu	a5,12(s0)
20003b08:	f7f7f793          	andi	a5,a5,-129
20003b0c:	00f41623          	sh	a5,12(s0)
20003b10:	f21ff06f          	j	20003a30 <__sfvwrite_r+0x27c>
20003b14:	00048d13          	mv	s10,s1
20003b18:	f85ff06f          	j	20003a9c <__sfvwrite_r+0x2e8>
20003b1c:	00048913          	mv	s2,s1
20003b20:	f85ff06f          	j	20003aa4 <__sfvwrite_r+0x2f0>
20003b24:	01042783          	lw	a5,16(s0)
20003b28:	00a7e663          	bltu	a5,a0,20003b34 <__sfvwrite_r+0x380>
20003b2c:	01442683          	lw	a3,20(s0)
20003b30:	04d4f663          	bgeu	s1,a3,20003b7c <__sfvwrite_r+0x3c8>
20003b34:	000d0913          	mv	s2,s10
20003b38:	01a4f463          	bgeu	s1,s10,20003b40 <__sfvwrite_r+0x38c>
20003b3c:	00048913          	mv	s2,s1
20003b40:	00090613          	mv	a2,s2
20003b44:	000b0593          	mv	a1,s6
20003b48:	079000ef          	jal	200043c0 <memmove>
20003b4c:	00842783          	lw	a5,8(s0)
20003b50:	00042703          	lw	a4,0(s0)
20003b54:	412787b3          	sub	a5,a5,s2
20003b58:	01270733          	add	a4,a4,s2
20003b5c:	00f42423          	sw	a5,8(s0)
20003b60:	00e42023          	sw	a4,0(s0)
20003b64:	f60794e3          	bnez	a5,20003acc <__sfvwrite_r+0x318>
20003b68:	00040593          	mv	a1,s0
20003b6c:	00098513          	mv	a0,s3
20003b70:	8c1ff0ef          	jal	20003430 <_fflush_r>
20003b74:	f4050ce3          	beqz	a0,20003acc <__sfvwrite_r+0x318>
20003b78:	ec1ff06f          	j	20003a38 <__sfvwrite_r+0x284>
20003b7c:	00048793          	mv	a5,s1
20003b80:	009bf463          	bgeu	s7,s1,20003b88 <__sfvwrite_r+0x3d4>
20003b84:	000b8793          	mv	a5,s7
20003b88:	02d7c7b3          	div	a5,a5,a3
20003b8c:	02842703          	lw	a4,40(s0)
20003b90:	02042583          	lw	a1,32(s0)
20003b94:	000b0613          	mv	a2,s6
20003b98:	00098513          	mv	a0,s3
20003b9c:	02d786b3          	mul	a3,a5,a3
20003ba0:	000700e7          	jalr	a4
20003ba4:	00050913          	mv	s2,a0
20003ba8:	f2a042e3          	bgtz	a0,20003acc <__sfvwrite_r+0x318>
20003bac:	e8dff06f          	j	20003a38 <__sfvwrite_r+0x284>
20003bb0:	000a2b03          	lw	s6,0(s4)
20003bb4:	004a2903          	lw	s2,4(s4)
20003bb8:	00000513          	li	a0,0
20003bbc:	008a0a13          	addi	s4,s4,8
20003bc0:	cc5ff06f          	j	20003884 <__sfvwrite_r+0xd0>
20003bc4:	02dc4263          	blt	s8,a3,20003be8 <__sfvwrite_r+0x434>
20003bc8:	02842783          	lw	a5,40(s0)
20003bcc:	02042583          	lw	a1,32(s0)
20003bd0:	000b0613          	mv	a2,s6
20003bd4:	00098513          	mv	a0,s3
20003bd8:	000780e7          	jalr	a5
20003bdc:	00050493          	mv	s1,a0
20003be0:	d0a04ee3          	bgtz	a0,200038fc <__sfvwrite_r+0x148>
20003be4:	e55ff06f          	j	20003a38 <__sfvwrite_r+0x284>
20003be8:	000c0613          	mv	a2,s8
20003bec:	000b0593          	mv	a1,s6
20003bf0:	7d0000ef          	jal	200043c0 <memmove>
20003bf4:	00842783          	lw	a5,8(s0)
20003bf8:	000c0493          	mv	s1,s8
20003bfc:	418787b3          	sub	a5,a5,s8
20003c00:	00f42423          	sw	a5,8(s0)
20003c04:	00042783          	lw	a5,0(s0)
20003c08:	018787b3          	add	a5,a5,s8
20003c0c:	00f42023          	sw	a5,0(s0)
20003c10:	cedff06f          	j	200038fc <__sfvwrite_r+0x148>

20003c14 <_fwalk_sglue>:
20003c14:	fd010113          	addi	sp,sp,-48
20003c18:	02812423          	sw	s0,40(sp)
20003c1c:	03212023          	sw	s2,32(sp)
20003c20:	01312e23          	sw	s3,28(sp)
20003c24:	01412c23          	sw	s4,24(sp)
20003c28:	01512a23          	sw	s5,20(sp)
20003c2c:	02112623          	sw	ra,44(sp)
20003c30:	02912223          	sw	s1,36(sp)
20003c34:	00050a13          	mv	s4,a0
20003c38:	00058a93          	mv	s5,a1
20003c3c:	00000413          	li	s0,0
20003c40:	00100913          	li	s2,1
20003c44:	fff00993          	li	s3,-1
20003c48:	00862583          	lw	a1,8(a2)
20003c4c:	00462483          	lw	s1,4(a2)
20003c50:	fff48493          	addi	s1,s1,-1
20003c54:	0204da63          	bgez	s1,20003c88 <_fwalk_sglue+0x74>
20003c58:	00062603          	lw	a2,0(a2)
20003c5c:	fe0616e3          	bnez	a2,20003c48 <_fwalk_sglue+0x34>
20003c60:	02c12083          	lw	ra,44(sp)
20003c64:	00040513          	mv	a0,s0
20003c68:	02812403          	lw	s0,40(sp)
20003c6c:	02412483          	lw	s1,36(sp)
20003c70:	02012903          	lw	s2,32(sp)
20003c74:	01c12983          	lw	s3,28(sp)
20003c78:	01812a03          	lw	s4,24(sp)
20003c7c:	01412a83          	lw	s5,20(sp)
20003c80:	03010113          	addi	sp,sp,48
20003c84:	00008067          	ret
20003c88:	00c5d783          	lhu	a5,12(a1)
20003c8c:	02f97463          	bgeu	s2,a5,20003cb4 <_fwalk_sglue+0xa0>
20003c90:	00e59783          	lh	a5,14(a1)
20003c94:	03378063          	beq	a5,s3,20003cb4 <_fwalk_sglue+0xa0>
20003c98:	000a0513          	mv	a0,s4
20003c9c:	00c12623          	sw	a2,12(sp)
20003ca0:	00b12423          	sw	a1,8(sp)
20003ca4:	000a80e7          	jalr	s5
20003ca8:	00c12603          	lw	a2,12(sp)
20003cac:	00812583          	lw	a1,8(sp)
20003cb0:	00a46433          	or	s0,s0,a0
20003cb4:	06858593          	addi	a1,a1,104
20003cb8:	f99ff06f          	j	20003c50 <_fwalk_sglue+0x3c>

20003cbc <__swhatbuf_r>:
20003cbc:	f8010113          	addi	sp,sp,-128
20003cc0:	06812c23          	sw	s0,120(sp)
20003cc4:	00058413          	mv	s0,a1
20003cc8:	00e59583          	lh	a1,14(a1)
20003ccc:	06912a23          	sw	s1,116(sp)
20003cd0:	06112e23          	sw	ra,124(sp)
20003cd4:	00060493          	mv	s1,a2
20003cd8:	0205da63          	bgez	a1,20003d0c <__swhatbuf_r+0x50>
20003cdc:	00c45783          	lhu	a5,12(s0)
20003ce0:	0807f793          	andi	a5,a5,128
20003ce4:	04079c63          	bnez	a5,20003d3c <__swhatbuf_r+0x80>
20003ce8:	40000713          	li	a4,1024
20003cec:	07c12083          	lw	ra,124(sp)
20003cf0:	07812403          	lw	s0,120(sp)
20003cf4:	00f6a023          	sw	a5,0(a3)
20003cf8:	00e4a023          	sw	a4,0(s1)
20003cfc:	00000513          	li	a0,0
20003d00:	07412483          	lw	s1,116(sp)
20003d04:	08010113          	addi	sp,sp,128
20003d08:	00008067          	ret
20003d0c:	01810613          	addi	a2,sp,24
20003d10:	00d12623          	sw	a3,12(sp)
20003d14:	4c8000ef          	jal	200041dc <_fstat_r>
20003d18:	00c12683          	lw	a3,12(sp)
20003d1c:	fc0540e3          	bltz	a0,20003cdc <__swhatbuf_r+0x20>
20003d20:	01c12783          	lw	a5,28(sp)
20003d24:	0000f737          	lui	a4,0xf
20003d28:	00e7f7b3          	and	a5,a5,a4
20003d2c:	ffffe737          	lui	a4,0xffffe
20003d30:	00e787b3          	add	a5,a5,a4
20003d34:	0017b793          	seqz	a5,a5
20003d38:	fb1ff06f          	j	20003ce8 <__swhatbuf_r+0x2c>
20003d3c:	00000793          	li	a5,0
20003d40:	04000713          	li	a4,64
20003d44:	fa9ff06f          	j	20003cec <__swhatbuf_r+0x30>

20003d48 <__smakebuf_r>:
20003d48:	00c5d703          	lhu	a4,12(a1)
20003d4c:	fd010113          	addi	sp,sp,-48
20003d50:	02812423          	sw	s0,40(sp)
20003d54:	02112623          	sw	ra,44(sp)
20003d58:	02912223          	sw	s1,36(sp)
20003d5c:	00277713          	andi	a4,a4,2
20003d60:	00058413          	mv	s0,a1
20003d64:	02070663          	beqz	a4,20003d90 <__smakebuf_r+0x48>
20003d68:	04740793          	addi	a5,s0,71
20003d6c:	00f42023          	sw	a5,0(s0)
20003d70:	00f42823          	sw	a5,16(s0)
20003d74:	00100793          	li	a5,1
20003d78:	00f42a23          	sw	a5,20(s0)
20003d7c:	02c12083          	lw	ra,44(sp)
20003d80:	02812403          	lw	s0,40(sp)
20003d84:	02412483          	lw	s1,36(sp)
20003d88:	03010113          	addi	sp,sp,48
20003d8c:	00008067          	ret
20003d90:	01c10693          	addi	a3,sp,28
20003d94:	01810613          	addi	a2,sp,24
20003d98:	00050493          	mv	s1,a0
20003d9c:	f21ff0ef          	jal	20003cbc <__swhatbuf_r>
20003da0:	01812583          	lw	a1,24(sp)
20003da4:	00048513          	mv	a0,s1
20003da8:	00b12623          	sw	a1,12(sp)
20003dac:	935fe0ef          	jal	200026e0 <_malloc_r>
20003db0:	00c41783          	lh	a5,12(s0)
20003db4:	00c12583          	lw	a1,12(sp)
20003db8:	00051e63          	bnez	a0,20003dd4 <__smakebuf_r+0x8c>
20003dbc:	2007f713          	andi	a4,a5,512
20003dc0:	fa071ee3          	bnez	a4,20003d7c <__smakebuf_r+0x34>
20003dc4:	ffc7f793          	andi	a5,a5,-4
20003dc8:	0027e793          	ori	a5,a5,2
20003dcc:	00f41623          	sh	a5,12(s0)
20003dd0:	f99ff06f          	j	20003d68 <__smakebuf_r+0x20>
20003dd4:	0807e793          	ori	a5,a5,128
20003dd8:	00f41623          	sh	a5,12(s0)
20003ddc:	01c12783          	lw	a5,28(sp)
20003de0:	00a42023          	sw	a0,0(s0)
20003de4:	00a42823          	sw	a0,16(s0)
20003de8:	00b42a23          	sw	a1,20(s0)
20003dec:	f80788e3          	beqz	a5,20003d7c <__smakebuf_r+0x34>
20003df0:	00e41583          	lh	a1,14(s0)
20003df4:	00048513          	mv	a0,s1
20003df8:	434000ef          	jal	2000422c <_isatty_r>
20003dfc:	f80500e3          	beqz	a0,20003d7c <__smakebuf_r+0x34>
20003e00:	00c45783          	lhu	a5,12(s0)
20003e04:	ffc7f793          	andi	a5,a5,-4
20003e08:	0017e793          	ori	a5,a5,1
20003e0c:	00f41623          	sh	a5,12(s0)
20003e10:	f6dff06f          	j	20003d7c <__smakebuf_r+0x34>

20003e14 <_putc_r>:
20003e14:	fe010113          	addi	sp,sp,-32
20003e18:	00812c23          	sw	s0,24(sp)
20003e1c:	00112e23          	sw	ra,28(sp)
20003e20:	00050413          	mv	s0,a0
20003e24:	02050063          	beqz	a0,20003e44 <_putc_r+0x30>
20003e28:	02052783          	lw	a5,32(a0)
20003e2c:	00079c63          	bnez	a5,20003e44 <_putc_r+0x30>
20003e30:	00c12623          	sw	a2,12(sp)
20003e34:	00b12423          	sw	a1,8(sp)
20003e38:	91dff0ef          	jal	20003754 <__sinit>
20003e3c:	00c12603          	lw	a2,12(sp)
20003e40:	00812583          	lw	a1,8(sp)
20003e44:	00862783          	lw	a5,8(a2)
20003e48:	0ff5f713          	zext.b	a4,a1
20003e4c:	fff78793          	addi	a5,a5,-1
20003e50:	00f62423          	sw	a5,8(a2)
20003e54:	0207d463          	bgez	a5,20003e7c <_putc_r+0x68>
20003e58:	01862683          	lw	a3,24(a2)
20003e5c:	00d7c663          	blt	a5,a3,20003e68 <_putc_r+0x54>
20003e60:	ff670793          	addi	a5,a4,-10 # ffffdff6 <__stack_top+0xdfff8892>
20003e64:	00079c63          	bnez	a5,20003e7c <_putc_r+0x68>
20003e68:	00040513          	mv	a0,s0
20003e6c:	01812403          	lw	s0,24(sp)
20003e70:	01c12083          	lw	ra,28(sp)
20003e74:	02010113          	addi	sp,sp,32
20003e78:	c8cfe06f          	j	20002304 <__swbuf_r>
20003e7c:	00062783          	lw	a5,0(a2)
20003e80:	0ff5f513          	zext.b	a0,a1
20003e84:	00178693          	addi	a3,a5,1
20003e88:	00d62023          	sw	a3,0(a2)
20003e8c:	00e78023          	sb	a4,0(a5)
20003e90:	01c12083          	lw	ra,28(sp)
20003e94:	01812403          	lw	s0,24(sp)
20003e98:	02010113          	addi	sp,sp,32
20003e9c:	00008067          	ret

20003ea0 <putc>:
20003ea0:	200057b7          	lui	a5,0x20005
20003ea4:	00058613          	mv	a2,a1
20003ea8:	00050593          	mv	a1,a0
20003eac:	a087a503          	lw	a0,-1528(a5) # 20004a08 <_impure_ptr>
20003eb0:	f65ff06f          	j	20003e14 <_putc_r>

20003eb4 <__sread>:
20003eb4:	ff010113          	addi	sp,sp,-16
20003eb8:	00812423          	sw	s0,8(sp)
20003ebc:	00058413          	mv	s0,a1
20003ec0:	00e59583          	lh	a1,14(a1)
20003ec4:	00112623          	sw	ra,12(sp)
20003ec8:	404000ef          	jal	200042cc <_read_r>
20003ecc:	02054063          	bltz	a0,20003eec <__sread+0x38>
20003ed0:	05442783          	lw	a5,84(s0)
20003ed4:	00a787b3          	add	a5,a5,a0
20003ed8:	04f42a23          	sw	a5,84(s0)
20003edc:	00c12083          	lw	ra,12(sp)
20003ee0:	00812403          	lw	s0,8(sp)
20003ee4:	01010113          	addi	sp,sp,16
20003ee8:	00008067          	ret
20003eec:	00c45783          	lhu	a5,12(s0)
20003ef0:	fffff737          	lui	a4,0xfffff
20003ef4:	fff70713          	addi	a4,a4,-1 # ffffefff <__stack_top+0xdfff989b>
20003ef8:	00e7f7b3          	and	a5,a5,a4
20003efc:	00f41623          	sh	a5,12(s0)
20003f00:	fddff06f          	j	20003edc <__sread+0x28>

20003f04 <__seofread>:
20003f04:	00000513          	li	a0,0
20003f08:	00008067          	ret

20003f0c <__swrite>:
20003f0c:	00c5d783          	lhu	a5,12(a1)
20003f10:	fe010113          	addi	sp,sp,-32
20003f14:	00812c23          	sw	s0,24(sp)
20003f18:	00912a23          	sw	s1,20(sp)
20003f1c:	01212823          	sw	s2,16(sp)
20003f20:	01312623          	sw	s3,12(sp)
20003f24:	00112e23          	sw	ra,28(sp)
20003f28:	1007f793          	andi	a5,a5,256
20003f2c:	00050493          	mv	s1,a0
20003f30:	00058413          	mv	s0,a1
20003f34:	00060913          	mv	s2,a2
20003f38:	00068993          	mv	s3,a3
20003f3c:	00078a63          	beqz	a5,20003f50 <__swrite+0x44>
20003f40:	00e59583          	lh	a1,14(a1)
20003f44:	00200693          	li	a3,2
20003f48:	00000613          	li	a2,0
20003f4c:	32c000ef          	jal	20004278 <_lseek_r>
20003f50:	00c45783          	lhu	a5,12(s0)
20003f54:	fffff737          	lui	a4,0xfffff
20003f58:	fff70713          	addi	a4,a4,-1 # ffffefff <__stack_top+0xdfff989b>
20003f5c:	00e7f7b3          	and	a5,a5,a4
20003f60:	00e41583          	lh	a1,14(s0)
20003f64:	00f41623          	sh	a5,12(s0)
20003f68:	01812403          	lw	s0,24(sp)
20003f6c:	01c12083          	lw	ra,28(sp)
20003f70:	00098693          	mv	a3,s3
20003f74:	00090613          	mv	a2,s2
20003f78:	00c12983          	lw	s3,12(sp)
20003f7c:	01012903          	lw	s2,16(sp)
20003f80:	00048513          	mv	a0,s1
20003f84:	01412483          	lw	s1,20(sp)
20003f88:	02010113          	addi	sp,sp,32
20003f8c:	3e00006f          	j	2000436c <_write_r>

20003f90 <__sseek>:
20003f90:	ff010113          	addi	sp,sp,-16
20003f94:	00812423          	sw	s0,8(sp)
20003f98:	00058413          	mv	s0,a1
20003f9c:	00e59583          	lh	a1,14(a1)
20003fa0:	00112623          	sw	ra,12(sp)
20003fa4:	2d4000ef          	jal	20004278 <_lseek_r>
20003fa8:	fff00713          	li	a4,-1
20003fac:	00c41783          	lh	a5,12(s0)
20003fb0:	02e51263          	bne	a0,a4,20003fd4 <__sseek+0x44>
20003fb4:	80050713          	addi	a4,a0,-2048
20003fb8:	80070713          	addi	a4,a4,-2048
20003fbc:	00e7f7b3          	and	a5,a5,a4
20003fc0:	00f41623          	sh	a5,12(s0)
20003fc4:	00c12083          	lw	ra,12(sp)
20003fc8:	00812403          	lw	s0,8(sp)
20003fcc:	01010113          	addi	sp,sp,16
20003fd0:	00008067          	ret
20003fd4:	00001737          	lui	a4,0x1
20003fd8:	00e7e7b3          	or	a5,a5,a4
20003fdc:	00f41623          	sh	a5,12(s0)
20003fe0:	04a42a23          	sw	a0,84(s0)
20003fe4:	fe1ff06f          	j	20003fc4 <__sseek+0x34>

20003fe8 <__sclose>:
20003fe8:	00e59583          	lh	a1,14(a1)
20003fec:	0280006f          	j	20004014 <_close_r>

20003ff0 <memchr>:
20003ff0:	0ff5f593          	zext.b	a1,a1
20003ff4:	00c50633          	add	a2,a0,a2
20003ff8:	00c51663          	bne	a0,a2,20004004 <memchr+0x14>
20003ffc:	00000513          	li	a0,0
20004000:	00008067          	ret
20004004:	00054783          	lbu	a5,0(a0)
20004008:	feb78ce3          	beq	a5,a1,20004000 <memchr+0x10>
2000400c:	00150513          	addi	a0,a0,1
20004010:	fe9ff06f          	j	20003ff8 <memchr+0x8>

20004014 <_close_r>:
20004014:	ff010113          	addi	sp,sp,-16
20004018:	00812423          	sw	s0,8(sp)
2000401c:	00912223          	sw	s1,4(sp)
20004020:	20005437          	lui	s0,0x20005
20004024:	00050493          	mv	s1,a0
20004028:	00058513          	mv	a0,a1
2000402c:	00112623          	sw	ra,12(sp)
20004030:	b6042023          	sw	zero,-1184(s0) # 20004b60 <errno>
20004034:	cdcfd0ef          	jal	20001510 <_close>
20004038:	fff00793          	li	a5,-1
2000403c:	00f51863          	bne	a0,a5,2000404c <_close_r+0x38>
20004040:	b6042783          	lw	a5,-1184(s0)
20004044:	00078463          	beqz	a5,2000404c <_close_r+0x38>
20004048:	00f4a023          	sw	a5,0(s1)
2000404c:	00c12083          	lw	ra,12(sp)
20004050:	00812403          	lw	s0,8(sp)
20004054:	00412483          	lw	s1,4(sp)
20004058:	01010113          	addi	sp,sp,16
2000405c:	00008067          	ret

20004060 <_reclaim_reent>:
20004060:	200057b7          	lui	a5,0x20005
20004064:	a087a783          	lw	a5,-1528(a5) # 20004a08 <_impure_ptr>
20004068:	16a78863          	beq	a5,a0,200041d8 <_reclaim_reent+0x178>
2000406c:	01c52783          	lw	a5,28(a0)
20004070:	fe010113          	addi	sp,sp,-32
20004074:	00812c23          	sw	s0,24(sp)
20004078:	00112e23          	sw	ra,28(sp)
2000407c:	00912a23          	sw	s1,20(sp)
20004080:	01212823          	sw	s2,16(sp)
20004084:	01312623          	sw	s3,12(sp)
20004088:	00050413          	mv	s0,a0
2000408c:	08078463          	beqz	a5,20004114 <_reclaim_reent+0xb4>
20004090:	00c7a783          	lw	a5,12(a5)
20004094:	02078c63          	beqz	a5,200040cc <_reclaim_reent+0x6c>
20004098:	00000493          	li	s1,0
2000409c:	08000913          	li	s2,128
200040a0:	01c42783          	lw	a5,28(s0)
200040a4:	00c7a783          	lw	a5,12(a5)
200040a8:	009787b3          	add	a5,a5,s1
200040ac:	0007a583          	lw	a1,0(a5)
200040b0:	04059863          	bnez	a1,20004100 <_reclaim_reent+0xa0>
200040b4:	00448493          	addi	s1,s1,4
200040b8:	ff2494e3          	bne	s1,s2,200040a0 <_reclaim_reent+0x40>
200040bc:	01c42783          	lw	a5,28(s0)
200040c0:	00040513          	mv	a0,s0
200040c4:	00c7a583          	lw	a1,12(a5)
200040c8:	c74fe0ef          	jal	2000253c <_free_r>
200040cc:	01c42783          	lw	a5,28(s0)
200040d0:	0007a583          	lw	a1,0(a5)
200040d4:	00058663          	beqz	a1,200040e0 <_reclaim_reent+0x80>
200040d8:	00040513          	mv	a0,s0
200040dc:	c60fe0ef          	jal	2000253c <_free_r>
200040e0:	01c42783          	lw	a5,28(s0)
200040e4:	0087a483          	lw	s1,8(a5)
200040e8:	02048663          	beqz	s1,20004114 <_reclaim_reent+0xb4>
200040ec:	00048593          	mv	a1,s1
200040f0:	00040513          	mv	a0,s0
200040f4:	0004a483          	lw	s1,0(s1)
200040f8:	c44fe0ef          	jal	2000253c <_free_r>
200040fc:	fedff06f          	j	200040e8 <_reclaim_reent+0x88>
20004100:	0005a983          	lw	s3,0(a1)
20004104:	00040513          	mv	a0,s0
20004108:	c34fe0ef          	jal	2000253c <_free_r>
2000410c:	00098593          	mv	a1,s3
20004110:	fa1ff06f          	j	200040b0 <_reclaim_reent+0x50>
20004114:	01442583          	lw	a1,20(s0)
20004118:	00058663          	beqz	a1,20004124 <_reclaim_reent+0xc4>
2000411c:	00040513          	mv	a0,s0
20004120:	c1cfe0ef          	jal	2000253c <_free_r>
20004124:	01c42583          	lw	a1,28(s0)
20004128:	00058663          	beqz	a1,20004134 <_reclaim_reent+0xd4>
2000412c:	00040513          	mv	a0,s0
20004130:	c0cfe0ef          	jal	2000253c <_free_r>
20004134:	03042583          	lw	a1,48(s0)
20004138:	00058663          	beqz	a1,20004144 <_reclaim_reent+0xe4>
2000413c:	00040513          	mv	a0,s0
20004140:	bfcfe0ef          	jal	2000253c <_free_r>
20004144:	03442583          	lw	a1,52(s0)
20004148:	00058663          	beqz	a1,20004154 <_reclaim_reent+0xf4>
2000414c:	00040513          	mv	a0,s0
20004150:	becfe0ef          	jal	2000253c <_free_r>
20004154:	03842583          	lw	a1,56(s0)
20004158:	00058663          	beqz	a1,20004164 <_reclaim_reent+0x104>
2000415c:	00040513          	mv	a0,s0
20004160:	bdcfe0ef          	jal	2000253c <_free_r>
20004164:	04842583          	lw	a1,72(s0)
20004168:	00058663          	beqz	a1,20004174 <_reclaim_reent+0x114>
2000416c:	00040513          	mv	a0,s0
20004170:	bccfe0ef          	jal	2000253c <_free_r>
20004174:	04442583          	lw	a1,68(s0)
20004178:	00058663          	beqz	a1,20004184 <_reclaim_reent+0x124>
2000417c:	00040513          	mv	a0,s0
20004180:	bbcfe0ef          	jal	2000253c <_free_r>
20004184:	02c42583          	lw	a1,44(s0)
20004188:	00058663          	beqz	a1,20004194 <_reclaim_reent+0x134>
2000418c:	00040513          	mv	a0,s0
20004190:	bacfe0ef          	jal	2000253c <_free_r>
20004194:	02042783          	lw	a5,32(s0)
20004198:	02078263          	beqz	a5,200041bc <_reclaim_reent+0x15c>
2000419c:	00040513          	mv	a0,s0
200041a0:	01812403          	lw	s0,24(sp)
200041a4:	01c12083          	lw	ra,28(sp)
200041a8:	01412483          	lw	s1,20(sp)
200041ac:	01012903          	lw	s2,16(sp)
200041b0:	00c12983          	lw	s3,12(sp)
200041b4:	02010113          	addi	sp,sp,32
200041b8:	00078067          	jr	a5
200041bc:	01c12083          	lw	ra,28(sp)
200041c0:	01812403          	lw	s0,24(sp)
200041c4:	01412483          	lw	s1,20(sp)
200041c8:	01012903          	lw	s2,16(sp)
200041cc:	00c12983          	lw	s3,12(sp)
200041d0:	02010113          	addi	sp,sp,32
200041d4:	00008067          	ret
200041d8:	00008067          	ret

200041dc <_fstat_r>:
200041dc:	ff010113          	addi	sp,sp,-16
200041e0:	00812423          	sw	s0,8(sp)
200041e4:	00912223          	sw	s1,4(sp)
200041e8:	20005437          	lui	s0,0x20005
200041ec:	00050493          	mv	s1,a0
200041f0:	00058513          	mv	a0,a1
200041f4:	00060593          	mv	a1,a2
200041f8:	00112623          	sw	ra,12(sp)
200041fc:	b6042023          	sw	zero,-1184(s0) # 20004b60 <errno>
20004200:	b70fd0ef          	jal	20001570 <_fstat>
20004204:	fff00793          	li	a5,-1
20004208:	00f51863          	bne	a0,a5,20004218 <_fstat_r+0x3c>
2000420c:	b6042783          	lw	a5,-1184(s0)
20004210:	00078463          	beqz	a5,20004218 <_fstat_r+0x3c>
20004214:	00f4a023          	sw	a5,0(s1)
20004218:	00c12083          	lw	ra,12(sp)
2000421c:	00812403          	lw	s0,8(sp)
20004220:	00412483          	lw	s1,4(sp)
20004224:	01010113          	addi	sp,sp,16
20004228:	00008067          	ret

2000422c <_isatty_r>:
2000422c:	ff010113          	addi	sp,sp,-16
20004230:	00812423          	sw	s0,8(sp)
20004234:	00912223          	sw	s1,4(sp)
20004238:	20005437          	lui	s0,0x20005
2000423c:	00050493          	mv	s1,a0
20004240:	00058513          	mv	a0,a1
20004244:	00112623          	sw	ra,12(sp)
20004248:	b6042023          	sw	zero,-1184(s0) # 20004b60 <errno>
2000424c:	b94fd0ef          	jal	200015e0 <_isatty>
20004250:	fff00793          	li	a5,-1
20004254:	00f51863          	bne	a0,a5,20004264 <_isatty_r+0x38>
20004258:	b6042783          	lw	a5,-1184(s0)
2000425c:	00078463          	beqz	a5,20004264 <_isatty_r+0x38>
20004260:	00f4a023          	sw	a5,0(s1)
20004264:	00c12083          	lw	ra,12(sp)
20004268:	00812403          	lw	s0,8(sp)
2000426c:	00412483          	lw	s1,4(sp)
20004270:	01010113          	addi	sp,sp,16
20004274:	00008067          	ret

20004278 <_lseek_r>:
20004278:	ff010113          	addi	sp,sp,-16
2000427c:	00812423          	sw	s0,8(sp)
20004280:	00912223          	sw	s1,4(sp)
20004284:	20005437          	lui	s0,0x20005
20004288:	00050493          	mv	s1,a0
2000428c:	00058513          	mv	a0,a1
20004290:	00060593          	mv	a1,a2
20004294:	00068613          	mv	a2,a3
20004298:	00112623          	sw	ra,12(sp)
2000429c:	b6042023          	sw	zero,-1184(s0) # 20004b60 <errno>
200042a0:	b0cfd0ef          	jal	200015ac <_lseek>
200042a4:	fff00793          	li	a5,-1
200042a8:	00f51863          	bne	a0,a5,200042b8 <_lseek_r+0x40>
200042ac:	b6042783          	lw	a5,-1184(s0)
200042b0:	00078463          	beqz	a5,200042b8 <_lseek_r+0x40>
200042b4:	00f4a023          	sw	a5,0(s1)
200042b8:	00c12083          	lw	ra,12(sp)
200042bc:	00812403          	lw	s0,8(sp)
200042c0:	00412483          	lw	s1,4(sp)
200042c4:	01010113          	addi	sp,sp,16
200042c8:	00008067          	ret

200042cc <_read_r>:
200042cc:	ff010113          	addi	sp,sp,-16
200042d0:	00812423          	sw	s0,8(sp)
200042d4:	00912223          	sw	s1,4(sp)
200042d8:	20005437          	lui	s0,0x20005
200042dc:	00050493          	mv	s1,a0
200042e0:	00058513          	mv	a0,a1
200042e4:	00060593          	mv	a1,a2
200042e8:	00068613          	mv	a2,a3
200042ec:	00112623          	sw	ra,12(sp)
200042f0:	b6042023          	sw	zero,-1184(s0) # 20004b60 <errno>
200042f4:	b80fd0ef          	jal	20001674 <_read>
200042f8:	fff00793          	li	a5,-1
200042fc:	00f51863          	bne	a0,a5,2000430c <_read_r+0x40>
20004300:	b6042783          	lw	a5,-1184(s0)
20004304:	00078463          	beqz	a5,2000430c <_read_r+0x40>
20004308:	00f4a023          	sw	a5,0(s1)
2000430c:	00c12083          	lw	ra,12(sp)
20004310:	00812403          	lw	s0,8(sp)
20004314:	00412483          	lw	s1,4(sp)
20004318:	01010113          	addi	sp,sp,16
2000431c:	00008067          	ret

20004320 <_sbrk_r>:
20004320:	ff010113          	addi	sp,sp,-16
20004324:	00812423          	sw	s0,8(sp)
20004328:	00912223          	sw	s1,4(sp)
2000432c:	20005437          	lui	s0,0x20005
20004330:	00050493          	mv	s1,a0
20004334:	00058513          	mv	a0,a1
20004338:	00112623          	sw	ra,12(sp)
2000433c:	b6042023          	sw	zero,-1184(s0) # 20004b60 <errno>
20004340:	e81fc0ef          	jal	200011c0 <_sbrk>
20004344:	fff00793          	li	a5,-1
20004348:	00f51863          	bne	a0,a5,20004358 <_sbrk_r+0x38>
2000434c:	b6042783          	lw	a5,-1184(s0)
20004350:	00078463          	beqz	a5,20004358 <_sbrk_r+0x38>
20004354:	00f4a023          	sw	a5,0(s1)
20004358:	00c12083          	lw	ra,12(sp)
2000435c:	00812403          	lw	s0,8(sp)
20004360:	00412483          	lw	s1,4(sp)
20004364:	01010113          	addi	sp,sp,16
20004368:	00008067          	ret

2000436c <_write_r>:
2000436c:	ff010113          	addi	sp,sp,-16
20004370:	00812423          	sw	s0,8(sp)
20004374:	00912223          	sw	s1,4(sp)
20004378:	20005437          	lui	s0,0x20005
2000437c:	00050493          	mv	s1,a0
20004380:	00058513          	mv	a0,a1
20004384:	00060593          	mv	a1,a2
20004388:	00068613          	mv	a2,a3
2000438c:	00112623          	sw	ra,12(sp)
20004390:	b6042023          	sw	zero,-1184(s0) # 20004b60 <errno>
20004394:	a78fd0ef          	jal	2000160c <_write>
20004398:	fff00793          	li	a5,-1
2000439c:	00f51863          	bne	a0,a5,200043ac <_write_r+0x40>
200043a0:	b6042783          	lw	a5,-1184(s0)
200043a4:	00078463          	beqz	a5,200043ac <_write_r+0x40>
200043a8:	00f4a023          	sw	a5,0(s1)
200043ac:	00c12083          	lw	ra,12(sp)
200043b0:	00812403          	lw	s0,8(sp)
200043b4:	00412483          	lw	s1,4(sp)
200043b8:	01010113          	addi	sp,sp,16
200043bc:	00008067          	ret

200043c0 <memmove>:
200043c0:	02060c63          	beqz	a2,200043f8 <memmove+0x38>
200043c4:	00050313          	mv	t1,a0
200043c8:	00100693          	li	a3,1
200043cc:	00b56a63          	bltu	a0,a1,200043e0 <memmove+0x20>
200043d0:	fff00693          	li	a3,-1
200043d4:	fff60713          	addi	a4,a2,-1
200043d8:	00e30333          	add	t1,t1,a4
200043dc:	00e585b3          	add	a1,a1,a4
200043e0:	00058383          	lb	t2,0(a1)
200043e4:	00730023          	sb	t2,0(t1) # 1000000 <_start-0x1f000000>
200043e8:	fff60613          	addi	a2,a2,-1
200043ec:	00d30333          	add	t1,t1,a3
200043f0:	00d585b3          	add	a1,a1,a3
200043f4:	fe0616e3          	bnez	a2,200043e0 <memmove+0x20>
200043f8:	00008067          	ret

200043fc <memset>:
200043fc:	00050313          	mv	t1,a0
20004400:	00060a63          	beqz	a2,20004414 <memset+0x18>
20004404:	00b30023          	sb	a1,0(t1)
20004408:	fff60613          	addi	a2,a2,-1
2000440c:	00130313          	addi	t1,t1,1
20004410:	fe061ae3          	bnez	a2,20004404 <memset+0x8>
20004414:	00008067          	ret

20004418 <memcpy>:
20004418:	00050313          	mv	t1,a0
2000441c:	00060e63          	beqz	a2,20004438 <memcpy+0x20>
20004420:	00058383          	lb	t2,0(a1)
20004424:	00730023          	sb	t2,0(t1)
20004428:	fff60613          	addi	a2,a2,-1
2000442c:	00130313          	addi	t1,t1,1
20004430:	00158593          	addi	a1,a1,1
20004434:	fe0616e3          	bnez	a2,20004420 <memcpy+0x8>
20004438:	00008067          	ret

2000443c <_realloc_r>:
2000443c:	00059663          	bnez	a1,20004448 <_realloc_r+0xc>
20004440:	00060593          	mv	a1,a2
20004444:	a9cfe06f          	j	200026e0 <_malloc_r>
20004448:	fe010113          	addi	sp,sp,-32
2000444c:	00812c23          	sw	s0,24(sp)
20004450:	01412423          	sw	s4,8(sp)
20004454:	00112e23          	sw	ra,28(sp)
20004458:	00912a23          	sw	s1,20(sp)
2000445c:	01212823          	sw	s2,16(sp)
20004460:	01312623          	sw	s3,12(sp)
20004464:	00060413          	mv	s0,a2
20004468:	00050a13          	mv	s4,a0
2000446c:	02061863          	bnez	a2,2000449c <_realloc_r+0x60>
20004470:	8ccfe0ef          	jal	2000253c <_free_r>
20004474:	00000493          	li	s1,0
20004478:	01c12083          	lw	ra,28(sp)
2000447c:	01812403          	lw	s0,24(sp)
20004480:	01012903          	lw	s2,16(sp)
20004484:	00c12983          	lw	s3,12(sp)
20004488:	00812a03          	lw	s4,8(sp)
2000448c:	00048513          	mv	a0,s1
20004490:	01412483          	lw	s1,20(sp)
20004494:	02010113          	addi	sp,sp,32
20004498:	00008067          	ret
2000449c:	00058493          	mv	s1,a1
200044a0:	058000ef          	jal	200044f8 <_malloc_usable_size_r>
200044a4:	00050913          	mv	s2,a0
200044a8:	00856663          	bltu	a0,s0,200044b4 <_realloc_r+0x78>
200044ac:	00155793          	srli	a5,a0,0x1
200044b0:	fc87e4e3          	bltu	a5,s0,20004478 <_realloc_r+0x3c>
200044b4:	00040593          	mv	a1,s0
200044b8:	000a0513          	mv	a0,s4
200044bc:	a24fe0ef          	jal	200026e0 <_malloc_r>
200044c0:	00050993          	mv	s3,a0
200044c4:	00051663          	bnez	a0,200044d0 <_realloc_r+0x94>
200044c8:	00098493          	mv	s1,s3
200044cc:	fadff06f          	j	20004478 <_realloc_r+0x3c>
200044d0:	00040613          	mv	a2,s0
200044d4:	00897463          	bgeu	s2,s0,200044dc <_realloc_r+0xa0>
200044d8:	00090613          	mv	a2,s2
200044dc:	00048593          	mv	a1,s1
200044e0:	00098513          	mv	a0,s3
200044e4:	f35ff0ef          	jal	20004418 <memcpy>
200044e8:	00048593          	mv	a1,s1
200044ec:	000a0513          	mv	a0,s4
200044f0:	84cfe0ef          	jal	2000253c <_free_r>
200044f4:	fd5ff06f          	j	200044c8 <_realloc_r+0x8c>

200044f8 <_malloc_usable_size_r>:
200044f8:	ffc5a783          	lw	a5,-4(a1)
200044fc:	ffc78513          	addi	a0,a5,-4
20004500:	0007d863          	bgez	a5,20004510 <_malloc_usable_size_r+0x18>
20004504:	00a585b3          	add	a1,a1,a0
20004508:	0005a783          	lw	a5,0(a1)
2000450c:	00f50533          	add	a0,a0,a5
20004510:	00008067          	ret
20004514:	6554                	.insn	2, 0x6554
20004516:	6e697473          	csrrci	s0,0x6e6,18
2000451a:	73612067          	.insn	4, 0x73612067
2000451e:	6e676973          	csrrsi	s2,0x6e6,14
20004522:	656d                	.insn	2, 0x656d
20004524:	746e                	.insn	2, 0x746e
20004526:	3120                	.insn	2, 0x3120
20004528:	2e2e                	.insn	2, 0x2e2e
2000452a:	002e                	.insn	2, 0x002e
2000452c:	6542                	.insn	2, 0x6542
2000452e:	6f66                	.insn	2, 0x6f66
20004530:	6572                	.insn	2, 0x6572
20004532:	7320                	.insn	2, 0x7320
20004534:	3a706177          	.insn	4, 0x3a706177
20004538:	7820                	.insn	2, 0x7820
2000453a:	3d20                	.insn	2, 0x3d20
2000453c:	2520                	.insn	2, 0x2520
2000453e:	2c64                	.insn	2, 0x2c64
20004540:	7920                	.insn	2, 0x7920
20004542:	3d20                	.insn	2, 0x3d20
20004544:	2520                	.insn	2, 0x2520
20004546:	0a64                	.insn	2, 0x0a64
20004548:	0000                	.insn	2, 0x0000
2000454a:	0000                	.insn	2, 0x0000
2000454c:	6641                	.insn	2, 0x6641
2000454e:	6574                	.insn	2, 0x6574
20004550:	2072                	.insn	2, 0x2072
20004552:	70617773          	csrrci	a4,0x706,2
20004556:	203a                	.insn	2, 0x203a
20004558:	2078                	.insn	2, 0x2078
2000455a:	203d                	.insn	2, 0x203d
2000455c:	6425                	.insn	2, 0x6425
2000455e:	202c                	.insn	2, 0x202c
20004560:	2079                	.insn	2, 0x2079
20004562:	203d                	.insn	2, 0x203d
20004564:	6425                	.insn	2, 0x6425
20004566:	000a                	.insn	2, 0x000a
20004568:	4150                	.insn	2, 0x4150
2000456a:	44455353          	.insn	4, 0x44455353
2000456e:	0a21                	.insn	2, 0x0a21
20004570:	0000                	.insn	2, 0x0000
20004572:	0000                	.insn	2, 0x0000
20004574:	4146                	.insn	2, 0x4146
20004576:	4c49                	.insn	2, 0x4c49
20004578:	4445                	.insn	2, 0x4445
2000457a:	0a21                	.insn	2, 0x0a21
2000457c:	0000                	.insn	2, 0x0000
2000457e:	0000                	.insn	2, 0x0000
20004580:	6554                	.insn	2, 0x6554
20004582:	6e697473          	csrrci	s0,0x6e6,18
20004586:	73612067          	.insn	4, 0x73612067
2000458a:	6e676973          	csrrsi	s2,0x6e6,14
2000458e:	656d                	.insn	2, 0x656d
20004590:	746e                	.insn	2, 0x746e
20004592:	3220                	.insn	2, 0x3220
20004594:	2e2e                	.insn	2, 0x2e2e
20004596:	002e                	.insn	2, 0x002e
20004598:	6542                	.insn	2, 0x6542
2000459a:	6f66                	.insn	2, 0x6f66
2000459c:	6572                	.insn	2, 0x6572
2000459e:	7320                	.insn	2, 0x7320
200045a0:	32706177          	.insn	4, 0x32706177
200045a4:	203a                	.insn	2, 0x203a
200045a6:	2061                	.insn	2, 0x2061
200045a8:	203d                	.insn	2, 0x203d
200045aa:	6425                	.insn	2, 0x6425
200045ac:	202c                	.insn	2, 0x202c
200045ae:	2062                	.insn	2, 0x2062
200045b0:	203d                	.insn	2, 0x203d
200045b2:	6425                	.insn	2, 0x6425
200045b4:	000a                	.insn	2, 0x000a
200045b6:	0000                	.insn	2, 0x0000
200045b8:	6641                	.insn	2, 0x6641
200045ba:	6574                	.insn	2, 0x6574
200045bc:	2072                	.insn	2, 0x2072
200045be:	70617773          	csrrci	a4,0x706,2
200045c2:	3a32                	.insn	2, 0x3a32
200045c4:	6120                	.insn	2, 0x6120
200045c6:	3d20                	.insn	2, 0x3d20
200045c8:	2520                	.insn	2, 0x2520
200045ca:	2c64                	.insn	2, 0x2c64
200045cc:	6220                	.insn	2, 0x6220
200045ce:	3d20                	.insn	2, 0x3d20
200045d0:	2520                	.insn	2, 0x2520
200045d2:	0a64                	.insn	2, 0x0a64
200045d4:	0000                	.insn	2, 0x0000
200045d6:	0000                	.insn	2, 0x0000
200045d8:	6554                	.insn	2, 0x6554
200045da:	6e697473          	csrrci	s0,0x6e6,18
200045de:	73612067          	.insn	4, 0x73612067
200045e2:	6e676973          	csrrsi	s2,0x6e6,14
200045e6:	656d                	.insn	2, 0x656d
200045e8:	746e                	.insn	2, 0x746e
200045ea:	3320                	.insn	2, 0x3320
200045ec:	2e2e                	.insn	2, 0x2e2e
200045ee:	002e                	.insn	2, 0x002e
200045f0:	6542                	.insn	2, 0x6542
200045f2:	6f66                	.insn	2, 0x6f66
200045f4:	6572                	.insn	2, 0x6572
200045f6:	7320                	.insn	2, 0x7320
200045f8:	5f706177          	.insn	4, 0x5f706177
200045fc:	7261                	.insn	2, 0x7261
200045fe:	6172                	.insn	2, 0x6172
20004600:	7379                	.insn	2, 0x7379
20004602:	003a                	.insn	2, 0x003a
20004604:	7261                	.insn	2, 0x7261
20004606:	3172                	.insn	2, 0x3172
20004608:	203a                	.insn	2, 0x203a
2000460a:	0000                	.insn	2, 0x0000
2000460c:	6425                	.insn	2, 0x6425
2000460e:	0020                	.insn	2, 0x0020
20004610:	610a                	.insn	2, 0x610a
20004612:	7272                	.insn	2, 0x7272
20004614:	3a32                	.insn	2, 0x3a32
20004616:	0020                	.insn	2, 0x0020
20004618:	6641                	.insn	2, 0x6641
2000461a:	6574                	.insn	2, 0x6574
2000461c:	2072                	.insn	2, 0x2072
2000461e:	70617773          	csrrci	a4,0x706,2
20004622:	615f 7272 7961      	.insn	6, 0x79617272615f
20004628:	00003a73          	csrrc	s4,ustatus,zero
2000462c:	6554                	.insn	2, 0x6554
2000462e:	6e697473          	csrrci	s0,0x6e6,18
20004632:	73612067          	.insn	4, 0x73612067
20004636:	6e676973          	csrrsi	s2,0x6e6,14
2000463a:	656d                	.insn	2, 0x656d
2000463c:	746e                	.insn	2, 0x746e
2000463e:	3420                	.insn	2, 0x3420
20004640:	2e2e                	.insn	2, 0x2e2e
20004642:	002e                	.insn	2, 0x002e
20004644:	6e49                	.insn	2, 0x6e49
20004646:	7570                	.insn	2, 0x7570
20004648:	2074                	.insn	2, 0x2074
2000464a:	7261                	.insn	2, 0x7261
2000464c:	6172                	.insn	2, 0x6172
2000464e:	3a79                	.insn	2, 0x3a79
20004650:	0020                	.insn	2, 0x0020
20004652:	0000                	.insn	2, 0x0000
20004654:	7074754f          	fnmadd.s	fa0,fs0,ft7,fa4
20004658:	7475                	.insn	2, 0x7475
2000465a:	6120                	.insn	2, 0x6120
2000465c:	7272                	.insn	2, 0x7272
2000465e:	7961                	.insn	2, 0x7961
20004660:	203a                	.insn	2, 0x203a
20004662:	0000                	.insn	2, 0x0000
20004664:	4e0a                	.insn	2, 0x4e0a
20004666:	6d75                	.insn	2, 0x6d75
20004668:	6562                	.insn	2, 0x6562
2000466a:	2072                	.insn	2, 0x2072
2000466c:	6320666f          	jal	a2,2000ac9e <__stack_top+0x553a>
20004670:	6569706f          	j	2009bcc6 <__stack_top+0x96562>
20004674:	2064                	.insn	2, 0x2064
20004676:	6c65                	.insn	2, 0x6c65
20004678:	6d65                	.insn	2, 0x6d65
2000467a:	6e65                	.insn	2, 0x6e65
2000467c:	7374                	.insn	2, 0x7374
2000467e:	203a                	.insn	2, 0x203a
20004680:	6425                	.insn	2, 0x6425
20004682:	000a                	.insn	2, 0x000a
20004684:	6554                	.insn	2, 0x6554
20004686:	6e697473          	csrrci	s0,0x6e6,18
2000468a:	73612067          	.insn	4, 0x73612067
2000468e:	6e676973          	csrrsi	s2,0x6e6,14
20004692:	656d                	.insn	2, 0x656d
20004694:	746e                	.insn	2, 0x746e
20004696:	3520                	.insn	2, 0x3520
20004698:	2e2e                	.insn	2, 0x2e2e
2000469a:	002e                	.insn	2, 0x002e
2000469c:	6542                	.insn	2, 0x6542
2000469e:	6f66                	.insn	2, 0x6f66
200046a0:	6572                	.insn	2, 0x6572
200046a2:	7320                	.insn	2, 0x7320
200046a4:	7465                	.insn	2, 0x7465
200046a6:	665f 7269 7473      	.insn	6, 0x74737269665f
200046ac:	655f 656c 656d      	.insn	6, 0x656d656c655f
200046b2:	746e                	.insn	2, 0x746e
200046b4:	003a                	.insn	2, 0x003a
200046b6:	0000                	.insn	2, 0x0000
200046b8:	7261                	.insn	2, 0x7261
200046ba:	5b72                	.insn	2, 0x5b72
200046bc:	5d30                	.insn	2, 0x5d30
200046be:	3d20                	.insn	2, 0x3d20
200046c0:	2520                	.insn	2, 0x2520
200046c2:	0a64                	.insn	2, 0x0a64
200046c4:	0000                	.insn	2, 0x0000
200046c6:	0000                	.insn	2, 0x0000
200046c8:	5f61                	.insn	2, 0x5f61
200046ca:	6176                	.insn	2, 0x6176
200046cc:	2072                	.insn	2, 0x2072
200046ce:	203d                	.insn	2, 0x203d
200046d0:	7830                	.insn	2, 0x7830
200046d2:	5825                	.insn	2, 0x5825
200046d4:	000a                	.insn	2, 0x000a
200046d6:	0000                	.insn	2, 0x0000
200046d8:	6641                	.insn	2, 0x6641
200046da:	6574                	.insn	2, 0x6574
200046dc:	2072                	.insn	2, 0x2072
200046de:	5f746573          	csrrsi	a0,0x5f7,8
200046e2:	6966                	.insn	2, 0x6966
200046e4:	7372                	.insn	2, 0x7372
200046e6:	5f74                	.insn	2, 0x5f74
200046e8:	6c65                	.insn	2, 0x6c65
200046ea:	6d65                	.insn	2, 0x6d65
200046ec:	6e65                	.insn	2, 0x6e65
200046ee:	3a74                	.insn	2, 0x3a74
200046f0:	0000                	.insn	2, 0x0000
200046f2:	0000                	.insn	2, 0x0000
200046f4:	6554                	.insn	2, 0x6554
200046f6:	6e697473          	csrrci	s0,0x6e6,18
200046fa:	73612067          	.insn	4, 0x73612067
200046fe:	6e676973          	csrrsi	s2,0x6e6,14
20004702:	656d                	.insn	2, 0x656d
20004704:	746e                	.insn	2, 0x746e
20004706:	3620                	.insn	2, 0x3620
20004708:	2e2e                	.insn	2, 0x2e2e
2000470a:	002e                	.insn	2, 0x002e
2000470c:	626f6c67          	.insn	4, 0x626f6c67
20004710:	6c61                	.insn	2, 0x6c61
20004712:	615f 3d20 2520      	.insn	6, 0x25203d20615f
20004718:	0a64                	.insn	2, 0x0a64
2000471a:	0000                	.insn	2, 0x0000
2000471c:	626f6c67          	.insn	4, 0x626f6c67
20004720:	6c61                	.insn	2, 0x6c61
20004722:	625f 3d20 2520      	.insn	6, 0x25203d20625f
20004728:	0a64                	.insn	2, 0x0a64
2000472a:	0000                	.insn	2, 0x0000
2000472c:	7552                	.insn	2, 0x7552
2000472e:	6e6e                	.insn	2, 0x6e6e
20004730:	6e69                	.insn	2, 0x6e69
20004732:	77732067          	.insn	4, 0x77732067
20004736:	7061                	.insn	2, 0x7061
20004738:	675f 6f6c 6162      	.insn	6, 0x61626f6c675f
2000473e:	736c                	.insn	2, 0x736c
20004740:	2928                	.insn	2, 0x2928
20004742:	2e2e                	.insn	2, 0x2e2e
20004744:	002e                	.insn	2, 0x002e
20004746:	0000                	.insn	2, 0x0000
20004748:	6641                	.insn	2, 0x6641
2000474a:	6574                	.insn	2, 0x6574
2000474c:	2072                	.insn	2, 0x2072
2000474e:	70617773          	csrrci	a4,0x706,2
20004752:	675f 6f6c 6162      	.insn	6, 0x61626f6c675f
20004758:	736c                	.insn	2, 0x736c
2000475a:	2928                	.insn	2, 0x2928
2000475c:	003a                	.insn	2, 0x003a
2000475e:	0000                	.insn	2, 0x0000
20004760:	0001                	.insn	2, 0x0001
20004762:	0000                	.insn	2, 0x0000
20004764:	0002                	.insn	2, 0x0002
20004766:	0000                	.insn	2, 0x0000
20004768:	00000003          	lb	zero,0(zero) # 0 <_start-0x20000000>
2000476c:	0004                	.insn	2, 0x0004
2000476e:	0000                	.insn	2, 0x0000
20004770:	0005                	.insn	2, 0x0005
20004772:	0000                	.insn	2, 0x0000
20004774:	0006                	.insn	2, 0x0006
20004776:	0000                	.insn	2, 0x0000
20004778:	00000007          	.insn	4, 0x0007
2000477c:	0008                	.insn	2, 0x0008
2000477e:	0000                	.insn	2, 0x0000
20004780:	0009                	.insn	2, 0x0009
20004782:	0000                	.insn	2, 0x0000
20004784:	000a                	.insn	2, 0x000a
20004786:	0000                	.insn	2, 0x0000
20004788:	0064                	.insn	2, 0x0064
2000478a:	0000                	.insn	2, 0x0000
2000478c:	0100                	.insn	2, 0x0100
2000478e:	0000                	.insn	2, 0x0000
20004790:	0032                	.insn	2, 0x0032
20004792:	0000                	.insn	2, 0x0000
20004794:	012c                	.insn	2, 0x012c
20004796:	0000                	.insn	2, 0x0000
20004798:	00c8                	.insn	2, 0x00c8
2000479a:	0000                	.insn	2, 0x0000
2000479c:	0080                	.insn	2, 0x0080
2000479e:	0000                	.insn	2, 0x0000
200047a0:	0200                	.insn	2, 0x0200
200047a2:	0000                	.insn	2, 0x0000
200047a4:	00ff 0000 0000 0001 	.insn	10, 0x000200010000000000ff
200047ac:	0002 
200047ae:	00040003          	lb	zero,0(s0)
200047b2:	0005                	.insn	2, 0x0005
200047b4:	0006                	.insn	2, 0x0006
200047b6:	00080007          	.insn	4, 0x00080007
200047ba:	0009                	.insn	2, 0x0009
200047bc:	500a                	.insn	2, 0x500a
200047be:	6f72                	.insn	2, 0x6f72
200047c0:	6d617267          	.insn	4, 0x6d617267
200047c4:	6520                	.insn	2, 0x6520
200047c6:	6978                	.insn	2, 0x6978
200047c8:	6574                	.insn	2, 0x6574
200047ca:	2064                	.insn	2, 0x2064
200047cc:	68746977          	.insn	4, 0x68746977
200047d0:	6320                	.insn	2, 0x6320
200047d2:	2065646f          	jal	s0,2005a9d8 <__stack_top+0x55274>
200047d6:	6425                	.insn	2, 0x6425
200047d8:	000a                	.insn	2, 0x000a
	...

200047dc <__clz_tab>:
200047dc:	0100 0202 0303 0303 0404 0404 0404 0404     ................
200047ec:	0505 0505 0505 0505 0505 0505 0505 0505     ................
200047fc:	0606 0606 0606 0606 0606 0606 0606 0606     ................
2000480c:	0606 0606 0606 0606 0606 0606 0606 0606     ................
2000481c:	0707 0707 0707 0707 0707 0707 0707 0707     ................
2000482c:	0707 0707 0707 0707 0707 0707 0707 0707     ................
2000483c:	0707 0707 0707 0707 0707 0707 0707 0707     ................
2000484c:	0707 0707 0707 0707 0707 0707 0707 0707     ................
2000485c:	0808 0808 0808 0808 0808 0808 0808 0808     ................
2000486c:	0808 0808 0808 0808 0808 0808 0808 0808     ................
2000487c:	0808 0808 0808 0808 0808 0808 0808 0808     ................
2000488c:	0808 0808 0808 0808 0808 0808 0808 0808     ................
2000489c:	0808 0808 0808 0808 0808 0808 0808 0808     ................
200048ac:	0808 0808 0808 0808 0808 0808 0808 0808     ................
200048bc:	0808 0808 0808 0808 0808 0808 0808 0808     ................
200048cc:	0808 0808 0808 0808 0808 0808 0808 0808     ................
200048dc:	2d23 2b30 0020 0000 6c68 004c 6665 4567     #-0+ ...hlL.efgE
200048ec:	4746 0000 3130 3332 3534 3736 3938 4241     FG..0123456789AB
200048fc:	4443 4645 0000 0000 3130 3332 3534 3736     CDEF....01234567
2000490c:	3938 6261 6463 6665 0000 0000 2f60 2000     89abcdef....`/. 
2000491c:	2f80 2000 2f30 2000 2f30 2000 2f30 2000     ./. 0/. 0/. 0/. 
2000492c:	2f30 2000 2f80 2000 2f30 2000 2f30 2000     0/. ./. 0/. 0/. 
2000493c:	2f30 2000 2f30 2000 316c 2000 2fd8 2000     0/. 0/. l1. ./. 
2000494c:	30e4 2000 2f30 2000 2f30 2000 31b4 2000     .0. 0/. 0/. .1. 
2000495c:	2f30 2000 2fd8 2000 2f30 2000 2f30 2000     0/. ./. 0/. 0/. 
2000496c:	30f0 2000                                   .0. 
