
build/code.elf:     file format elf32-littleriscv


Disassembly of section .text:

20000000 <_start>:
20000000:	2001c137          	lui	sp,0x2001c
20000004:	13c010ef          	jal	20001140 <_crt_init>
20000008:	00000297          	auipc	t0,0x0
2000000c:	0e428293          	addi	t0,t0,228 # 200000ec <main>
20000010:	00000097          	auipc	ra,0x0
20000014:	02008093          	addi	ra,ra,32 # 20000030 <exit>
20000018:	34129073          	csrw	mepc,t0
2000001c:	00002337          	lui	t1,0x2
20000020:	80030313          	addi	t1,t1,-2048 # 1800 <_start-0x1fffe800>
20000024:	08036313          	ori	t1,t1,128
20000028:	30031073          	csrw	mstatus,t1
2000002c:	30200073          	mret

20000030 <exit>:
20000030:	2e0010ef          	jal	20001310 <_crt_deinit>
20000034:	0000006f          	j	20000034 <exit+0x4>

20000038 <init_vectors>:
short dst[sizeof(src)/sizeof(src[0]) * 2];
char message[] = "{{{NLK{ILXPHz{{{";
char password[] = "KZHHDLIW";

void init_vectors()
{
20000038:	fe010113          	addi	sp,sp,-32 # 2001bfe0 <__stack_top+0x16ac4>
2000003c:	00112e23          	sw	ra,28(sp)
20000040:	00812c23          	sw	s0,24(sp)
20000044:	02010413          	addi	s0,sp,32
    for(int i=0; i<num_elements * 2; i++) dst[i] = 0;
20000048:	fe042623          	sw	zero,-20(s0)
2000004c:	0280006f          	j	20000074 <init_vectors+0x3c>
20000050:	200047b7          	lui	a5,0x20004
20000054:	7a078713          	addi	a4,a5,1952 # 200047a0 <dst>
20000058:	fec42783          	lw	a5,-20(s0)
2000005c:	00179793          	slli	a5,a5,0x1
20000060:	00f707b3          	add	a5,a4,a5
20000064:	00079023          	sh	zero,0(a5)
20000068:	fec42783          	lw	a5,-20(s0)
2000006c:	00178793          	addi	a5,a5,1
20000070:	fef42623          	sw	a5,-20(s0)
20000074:	00a00793          	li	a5,10
20000078:	00179793          	slli	a5,a5,0x1
2000007c:	fec42703          	lw	a4,-20(s0)
20000080:	fcf748e3          	blt	a4,a5,20000050 <init_vectors+0x18>
    for(int i=0; i<num_elements; i++) src[i] = src_backup[i];
20000084:	fe042423          	sw	zero,-24(s0)
20000088:	0400006f          	j	200000c8 <init_vectors+0x90>
2000008c:	200047b7          	lui	a5,0x20004
20000090:	77878713          	addi	a4,a5,1912 # 20004778 <src_backup>
20000094:	fe842783          	lw	a5,-24(s0)
20000098:	00279793          	slli	a5,a5,0x2
2000009c:	00f707b3          	add	a5,a4,a5
200000a0:	0007a703          	lw	a4,0(a5)
200000a4:	200047b7          	lui	a5,0x20004
200000a8:	6d478693          	addi	a3,a5,1748 # 200046d4 <src>
200000ac:	fe842783          	lw	a5,-24(s0)
200000b0:	00279793          	slli	a5,a5,0x2
200000b4:	00f687b3          	add	a5,a3,a5
200000b8:	00e7a023          	sw	a4,0(a5)
200000bc:	fe842783          	lw	a5,-24(s0)
200000c0:	00178793          	addi	a5,a5,1
200000c4:	fef42423          	sw	a5,-24(s0)
200000c8:	00a00793          	li	a5,10
200000cc:	fe842703          	lw	a4,-24(s0)
200000d0:	faf74ee3          	blt	a4,a5,2000008c <init_vectors+0x54>
}
200000d4:	00000013          	nop
200000d8:	00000013          	nop
200000dc:	01c12083          	lw	ra,28(sp)
200000e0:	01812403          	lw	s0,24(sp)
200000e4:	02010113          	addi	sp,sp,32
200000e8:	00008067          	ret

200000ec <main>:

int main(void)
{
200000ec:	f8010113          	addi	sp,sp,-128
200000f0:	06112e23          	sw	ra,124(sp)
200000f4:	06812c23          	sw	s0,120(sp)
200000f8:	08010413          	addi	s0,sp,128
    printf("\n\n\n\n");
200000fc:	200047b7          	lui	a5,0x20004
20000100:	3c878513          	addi	a0,a5,968 # 200043c8 <_malloc_usable_size_r+0x1c>
20000104:	08d020ef          	jal	20002990 <puts>
    // Decrypt message
    decrypt_message();
20000108:	089000ef          	jal	20000990 <decrypt_message>
    hidden(message); 
2000010c:	200047b7          	lui	a5,0x20004
20000110:	6fc78513          	addi	a0,a5,1788 # 200046fc <message>
20000114:	14d000ef          	jal	20000a60 <hidden>

    // Backup source
    for(int i=0; i<num_elements; i++) src_backup[i] = src[i]; 
20000118:	fe042623          	sw	zero,-20(s0)
2000011c:	0400006f          	j	2000015c <main+0x70>
20000120:	200047b7          	lui	a5,0x20004
20000124:	6d478713          	addi	a4,a5,1748 # 200046d4 <src>
20000128:	fec42783          	lw	a5,-20(s0)
2000012c:	00279793          	slli	a5,a5,0x2
20000130:	00f707b3          	add	a5,a4,a5
20000134:	0007a703          	lw	a4,0(a5)
20000138:	200047b7          	lui	a5,0x20004
2000013c:	77878693          	addi	a3,a5,1912 # 20004778 <src_backup>
20000140:	fec42783          	lw	a5,-20(s0)
20000144:	00279793          	slli	a5,a5,0x2
20000148:	00f687b3          	add	a5,a3,a5
2000014c:	00e7a023          	sw	a4,0(a5)
20000150:	fec42783          	lw	a5,-20(s0)
20000154:	00178793          	addi	a5,a5,1
20000158:	fef42623          	sw	a5,-20(s0)
2000015c:	00a00793          	li	a5,10
20000160:	fec42703          	lw	a4,-20(s0)
20000164:	faf74ee3          	blt	a4,a5,20000120 <main+0x34>

    int num_passed_tests = 0; 
20000168:	fe042423          	sw	zero,-24(s0)
    printf("Testing copyvec()\n");
2000016c:	200047b7          	lui	a5,0x20004
20000170:	3cc78513          	addi	a0,a5,972 # 200043cc <_malloc_usable_size_r+0x20>
20000174:	01d020ef          	jal	20002990 <puts>
    {
        init_vectors(); 
20000178:	ec1ff0ef          	jal	20000038 <init_vectors>
        printf("  Copy all elements: ... ");
2000017c:	200047b7          	lui	a5,0x20004
20000180:	3e078513          	addi	a0,a5,992 # 200043e0 <_malloc_usable_size_r+0x34>
20000184:	6b4020ef          	jal	20002838 <iprintf>
        fflush(stdout); 
20000188:	200047b7          	lui	a5,0x20004
2000018c:	7747a783          	lw	a5,1908(a5) # 20004774 <_impure_ptr>
20000190:	0087a783          	lw	a5,8(a5)
20000194:	00078513          	mv	a0,a5
20000198:	751010ef          	jal	200020e8 <fflush>
        copyvec(src, dst, num_elements);
2000019c:	00a00793          	li	a5,10
200001a0:	00078613          	mv	a2,a5
200001a4:	200047b7          	lui	a5,0x20004
200001a8:	7a078593          	addi	a1,a5,1952 # 200047a0 <dst>
200001ac:	200047b7          	lui	a5,0x20004
200001b0:	6d478513          	addi	a0,a5,1748 # 200046d4 <src>
200001b4:	0b1000ef          	jal	20000a64 <copyvec>
        int passed = 1;
200001b8:	00100793          	li	a5,1
200001bc:	fef42223          	sw	a5,-28(s0)
        for(int i=0; i<num_elements; i++) if(src[i] != dst[i]) passed = 0; 
200001c0:	fe042023          	sw	zero,-32(s0)
200001c4:	0480006f          	j	2000020c <main+0x120>
200001c8:	200047b7          	lui	a5,0x20004
200001cc:	6d478713          	addi	a4,a5,1748 # 200046d4 <src>
200001d0:	fe042783          	lw	a5,-32(s0)
200001d4:	00279793          	slli	a5,a5,0x2
200001d8:	00f707b3          	add	a5,a4,a5
200001dc:	0007a783          	lw	a5,0(a5)
200001e0:	20004737          	lui	a4,0x20004
200001e4:	7a070693          	addi	a3,a4,1952 # 200047a0 <dst>
200001e8:	fe042703          	lw	a4,-32(s0)
200001ec:	00171713          	slli	a4,a4,0x1
200001f0:	00e68733          	add	a4,a3,a4
200001f4:	00071703          	lh	a4,0(a4)
200001f8:	00e78463          	beq	a5,a4,20000200 <main+0x114>
200001fc:	fe042223          	sw	zero,-28(s0)
20000200:	fe042783          	lw	a5,-32(s0)
20000204:	00178793          	addi	a5,a5,1
20000208:	fef42023          	sw	a5,-32(s0)
2000020c:	00a00793          	li	a5,10
20000210:	fe042703          	lw	a4,-32(s0)
20000214:	faf74ae3          	blt	a4,a5,200001c8 <main+0xdc>
        for(int i=num_elements; i<num_elements * 2; i++) if(dst[i] != 0) passed = 0; 
20000218:	00a00793          	li	a5,10
2000021c:	fcf42e23          	sw	a5,-36(s0)
20000220:	0300006f          	j	20000250 <main+0x164>
20000224:	200047b7          	lui	a5,0x20004
20000228:	7a078713          	addi	a4,a5,1952 # 200047a0 <dst>
2000022c:	fdc42783          	lw	a5,-36(s0)
20000230:	00179793          	slli	a5,a5,0x1
20000234:	00f707b3          	add	a5,a4,a5
20000238:	00079783          	lh	a5,0(a5)
2000023c:	00078463          	beqz	a5,20000244 <main+0x158>
20000240:	fe042223          	sw	zero,-28(s0)
20000244:	fdc42783          	lw	a5,-36(s0)
20000248:	00178793          	addi	a5,a5,1
2000024c:	fcf42e23          	sw	a5,-36(s0)
20000250:	00a00793          	li	a5,10
20000254:	00179793          	slli	a5,a5,0x1
20000258:	fdc42703          	lw	a4,-36(s0)
2000025c:	fcf744e3          	blt	a4,a5,20000224 <main+0x138>
        for(int i=0; i<num_elements; i++) if(src[i] != src_backup[i]) passed = 0;  
20000260:	fc042c23          	sw	zero,-40(s0)
20000264:	0480006f          	j	200002ac <main+0x1c0>
20000268:	200047b7          	lui	a5,0x20004
2000026c:	6d478713          	addi	a4,a5,1748 # 200046d4 <src>
20000270:	fd842783          	lw	a5,-40(s0)
20000274:	00279793          	slli	a5,a5,0x2
20000278:	00f707b3          	add	a5,a4,a5
2000027c:	0007a703          	lw	a4,0(a5)
20000280:	200047b7          	lui	a5,0x20004
20000284:	77878693          	addi	a3,a5,1912 # 20004778 <src_backup>
20000288:	fd842783          	lw	a5,-40(s0)
2000028c:	00279793          	slli	a5,a5,0x2
20000290:	00f687b3          	add	a5,a3,a5
20000294:	0007a783          	lw	a5,0(a5)
20000298:	00f70463          	beq	a4,a5,200002a0 <main+0x1b4>
2000029c:	fe042223          	sw	zero,-28(s0)
200002a0:	fd842783          	lw	a5,-40(s0)
200002a4:	00178793          	addi	a5,a5,1
200002a8:	fcf42c23          	sw	a5,-40(s0)
200002ac:	00a00793          	li	a5,10
200002b0:	fd842703          	lw	a4,-40(s0)
200002b4:	faf74ae3          	blt	a4,a5,20000268 <main+0x17c>
        if(passed) { printf("passed.\n"); num_passed_tests++; }
200002b8:	fe442783          	lw	a5,-28(s0)
200002bc:	02078063          	beqz	a5,200002dc <main+0x1f0>
200002c0:	200047b7          	lui	a5,0x20004
200002c4:	3fc78513          	addi	a0,a5,1020 # 200043fc <_malloc_usable_size_r+0x50>
200002c8:	6c8020ef          	jal	20002990 <puts>
200002cc:	fe842783          	lw	a5,-24(s0)
200002d0:	00178793          	addi	a5,a5,1
200002d4:	fef42423          	sw	a5,-24(s0)
200002d8:	0100006f          	j	200002e8 <main+0x1fc>
        else printf("failed.\n");
200002dc:	200047b7          	lui	a5,0x20004
200002e0:	40478513          	addi	a0,a5,1028 # 20004404 <_malloc_usable_size_r+0x58>
200002e4:	6ac020ef          	jal	20002990 <puts>
    }

    {
        init_vectors(); 
200002e8:	d51ff0ef          	jal	20000038 <init_vectors>
        printf("  Copy some elements: ... ");
200002ec:	200047b7          	lui	a5,0x20004
200002f0:	40c78513          	addi	a0,a5,1036 # 2000440c <_malloc_usable_size_r+0x60>
200002f4:	544020ef          	jal	20002838 <iprintf>
        fflush(stdout); 
200002f8:	200047b7          	lui	a5,0x20004
200002fc:	7747a783          	lw	a5,1908(a5) # 20004774 <_impure_ptr>
20000300:	0087a783          	lw	a5,8(a5)
20000304:	00078513          	mv	a0,a5
20000308:	5e1010ef          	jal	200020e8 <fflush>
        copyvec(src, dst, num_elements/2);
2000030c:	00a00793          	li	a5,10
20000310:	4017d793          	srai	a5,a5,0x1
20000314:	00078613          	mv	a2,a5
20000318:	200047b7          	lui	a5,0x20004
2000031c:	7a078593          	addi	a1,a5,1952 # 200047a0 <dst>
20000320:	200047b7          	lui	a5,0x20004
20000324:	6d478513          	addi	a0,a5,1748 # 200046d4 <src>
20000328:	73c000ef          	jal	20000a64 <copyvec>
        int passed = 1;
2000032c:	00100793          	li	a5,1
20000330:	fcf42a23          	sw	a5,-44(s0)
        for(int i=0; i<num_elements/2; i++) if(src[i] != dst[i]) passed = 0; 
20000334:	fc042823          	sw	zero,-48(s0)
20000338:	0480006f          	j	20000380 <main+0x294>
2000033c:	200047b7          	lui	a5,0x20004
20000340:	6d478713          	addi	a4,a5,1748 # 200046d4 <src>
20000344:	fd042783          	lw	a5,-48(s0)
20000348:	00279793          	slli	a5,a5,0x2
2000034c:	00f707b3          	add	a5,a4,a5
20000350:	0007a783          	lw	a5,0(a5)
20000354:	20004737          	lui	a4,0x20004
20000358:	7a070693          	addi	a3,a4,1952 # 200047a0 <dst>
2000035c:	fd042703          	lw	a4,-48(s0)
20000360:	00171713          	slli	a4,a4,0x1
20000364:	00e68733          	add	a4,a3,a4
20000368:	00071703          	lh	a4,0(a4)
2000036c:	00e78463          	beq	a5,a4,20000374 <main+0x288>
20000370:	fc042a23          	sw	zero,-44(s0)
20000374:	fd042783          	lw	a5,-48(s0)
20000378:	00178793          	addi	a5,a5,1
2000037c:	fcf42823          	sw	a5,-48(s0)
20000380:	00a00793          	li	a5,10
20000384:	4017d793          	srai	a5,a5,0x1
20000388:	fd042703          	lw	a4,-48(s0)
2000038c:	faf748e3          	blt	a4,a5,2000033c <main+0x250>
        for(int i=num_elements/2; i<num_elements * 2; i++) if(dst[i] != 0) passed = 0; 
20000390:	00a00793          	li	a5,10
20000394:	4017d793          	srai	a5,a5,0x1
20000398:	fcf42623          	sw	a5,-52(s0)
2000039c:	0300006f          	j	200003cc <main+0x2e0>
200003a0:	200047b7          	lui	a5,0x20004
200003a4:	7a078713          	addi	a4,a5,1952 # 200047a0 <dst>
200003a8:	fcc42783          	lw	a5,-52(s0)
200003ac:	00179793          	slli	a5,a5,0x1
200003b0:	00f707b3          	add	a5,a4,a5
200003b4:	00079783          	lh	a5,0(a5)
200003b8:	00078463          	beqz	a5,200003c0 <main+0x2d4>
200003bc:	fc042a23          	sw	zero,-44(s0)
200003c0:	fcc42783          	lw	a5,-52(s0)
200003c4:	00178793          	addi	a5,a5,1
200003c8:	fcf42623          	sw	a5,-52(s0)
200003cc:	00a00793          	li	a5,10
200003d0:	00179793          	slli	a5,a5,0x1
200003d4:	fcc42703          	lw	a4,-52(s0)
200003d8:	fcf744e3          	blt	a4,a5,200003a0 <main+0x2b4>
        for(int i=0; i<num_elements; i++) if(src[i] != src_backup[i]) passed = 0;  
200003dc:	fc042423          	sw	zero,-56(s0)
200003e0:	0480006f          	j	20000428 <main+0x33c>
200003e4:	200047b7          	lui	a5,0x20004
200003e8:	6d478713          	addi	a4,a5,1748 # 200046d4 <src>
200003ec:	fc842783          	lw	a5,-56(s0)
200003f0:	00279793          	slli	a5,a5,0x2
200003f4:	00f707b3          	add	a5,a4,a5
200003f8:	0007a703          	lw	a4,0(a5)
200003fc:	200047b7          	lui	a5,0x20004
20000400:	77878693          	addi	a3,a5,1912 # 20004778 <src_backup>
20000404:	fc842783          	lw	a5,-56(s0)
20000408:	00279793          	slli	a5,a5,0x2
2000040c:	00f687b3          	add	a5,a3,a5
20000410:	0007a783          	lw	a5,0(a5)
20000414:	00f70463          	beq	a4,a5,2000041c <main+0x330>
20000418:	fc042a23          	sw	zero,-44(s0)
2000041c:	fc842783          	lw	a5,-56(s0)
20000420:	00178793          	addi	a5,a5,1
20000424:	fcf42423          	sw	a5,-56(s0)
20000428:	00a00793          	li	a5,10
2000042c:	fc842703          	lw	a4,-56(s0)
20000430:	faf74ae3          	blt	a4,a5,200003e4 <main+0x2f8>
        if(passed) { printf("passed.\n"); num_passed_tests++; }
20000434:	fd442783          	lw	a5,-44(s0)
20000438:	02078063          	beqz	a5,20000458 <main+0x36c>
2000043c:	200047b7          	lui	a5,0x20004
20000440:	3fc78513          	addi	a0,a5,1020 # 200043fc <_malloc_usable_size_r+0x50>
20000444:	54c020ef          	jal	20002990 <puts>
20000448:	fe842783          	lw	a5,-24(s0)
2000044c:	00178793          	addi	a5,a5,1
20000450:	fef42423          	sw	a5,-24(s0)
20000454:	0100006f          	j	20000464 <main+0x378>
        else printf("failed.\n");
20000458:	200047b7          	lui	a5,0x20004
2000045c:	40478513          	addi	a0,a5,1028 # 20004404 <_malloc_usable_size_r+0x58>
20000460:	530020ef          	jal	20002990 <puts>
    }
    
    {
        init_vectors(); 
20000464:	bd5ff0ef          	jal	20000038 <init_vectors>
        printf("  Copy no elements: ... ");
20000468:	200047b7          	lui	a5,0x20004
2000046c:	42878513          	addi	a0,a5,1064 # 20004428 <_malloc_usable_size_r+0x7c>
20000470:	3c8020ef          	jal	20002838 <iprintf>
        fflush(stdout); 
20000474:	200047b7          	lui	a5,0x20004
20000478:	7747a783          	lw	a5,1908(a5) # 20004774 <_impure_ptr>
2000047c:	0087a783          	lw	a5,8(a5)
20000480:	00078513          	mv	a0,a5
20000484:	465010ef          	jal	200020e8 <fflush>
        copyvec(src, dst, 0);
20000488:	00000613          	li	a2,0
2000048c:	200047b7          	lui	a5,0x20004
20000490:	7a078593          	addi	a1,a5,1952 # 200047a0 <dst>
20000494:	200047b7          	lui	a5,0x20004
20000498:	6d478513          	addi	a0,a5,1748 # 200046d4 <src>
2000049c:	5c8000ef          	jal	20000a64 <copyvec>
        int passed = 1;
200004a0:	00100793          	li	a5,1
200004a4:	fcf42223          	sw	a5,-60(s0)
        for(int i=0; i<num_elements * 2; i++) if(dst[i] != 0) passed = 0; 
200004a8:	fc042023          	sw	zero,-64(s0)
200004ac:	0300006f          	j	200004dc <main+0x3f0>
200004b0:	200047b7          	lui	a5,0x20004
200004b4:	7a078713          	addi	a4,a5,1952 # 200047a0 <dst>
200004b8:	fc042783          	lw	a5,-64(s0)
200004bc:	00179793          	slli	a5,a5,0x1
200004c0:	00f707b3          	add	a5,a4,a5
200004c4:	00079783          	lh	a5,0(a5)
200004c8:	00078463          	beqz	a5,200004d0 <main+0x3e4>
200004cc:	fc042223          	sw	zero,-60(s0)
200004d0:	fc042783          	lw	a5,-64(s0)
200004d4:	00178793          	addi	a5,a5,1
200004d8:	fcf42023          	sw	a5,-64(s0)
200004dc:	00a00793          	li	a5,10
200004e0:	00179793          	slli	a5,a5,0x1
200004e4:	fc042703          	lw	a4,-64(s0)
200004e8:	fcf744e3          	blt	a4,a5,200004b0 <main+0x3c4>
        for(int i=0; i<num_elements; i++) if(src[i] != src_backup[i]) passed = 0;  
200004ec:	fa042e23          	sw	zero,-68(s0)
200004f0:	0480006f          	j	20000538 <main+0x44c>
200004f4:	200047b7          	lui	a5,0x20004
200004f8:	6d478713          	addi	a4,a5,1748 # 200046d4 <src>
200004fc:	fbc42783          	lw	a5,-68(s0)
20000500:	00279793          	slli	a5,a5,0x2
20000504:	00f707b3          	add	a5,a4,a5
20000508:	0007a703          	lw	a4,0(a5)
2000050c:	200047b7          	lui	a5,0x20004
20000510:	77878693          	addi	a3,a5,1912 # 20004778 <src_backup>
20000514:	fbc42783          	lw	a5,-68(s0)
20000518:	00279793          	slli	a5,a5,0x2
2000051c:	00f687b3          	add	a5,a3,a5
20000520:	0007a783          	lw	a5,0(a5)
20000524:	00f70463          	beq	a4,a5,2000052c <main+0x440>
20000528:	fc042223          	sw	zero,-60(s0)
2000052c:	fbc42783          	lw	a5,-68(s0)
20000530:	00178793          	addi	a5,a5,1
20000534:	faf42e23          	sw	a5,-68(s0)
20000538:	00a00793          	li	a5,10
2000053c:	fbc42703          	lw	a4,-68(s0)
20000540:	faf74ae3          	blt	a4,a5,200004f4 <main+0x408>
        if(passed) { printf("passed.\n"); num_passed_tests++; }
20000544:	fc442783          	lw	a5,-60(s0)
20000548:	02078063          	beqz	a5,20000568 <main+0x47c>
2000054c:	200047b7          	lui	a5,0x20004
20000550:	3fc78513          	addi	a0,a5,1020 # 200043fc <_malloc_usable_size_r+0x50>
20000554:	43c020ef          	jal	20002990 <puts>
20000558:	fe842783          	lw	a5,-24(s0)
2000055c:	00178793          	addi	a5,a5,1
20000560:	fef42423          	sw	a5,-24(s0)
20000564:	0100006f          	j	20000574 <main+0x488>
        else printf("failed.\n");
20000568:	200047b7          	lui	a5,0x20004
2000056c:	40478513          	addi	a0,a5,1028 # 20004404 <_malloc_usable_size_r+0x58>
20000570:	420020ef          	jal	20002990 <puts>
    }

    printf("Testing copyelements()\n");
20000574:	200047b7          	lui	a5,0x20004
20000578:	44478513          	addi	a0,a5,1092 # 20004444 <_malloc_usable_size_r+0x98>
2000057c:	414020ef          	jal	20002990 <puts>
    {
        init_vectors();
20000580:	ab9ff0ef          	jal	20000038 <init_vectors>
        printf("  Copy random slice: ...");
20000584:	200047b7          	lui	a5,0x20004
20000588:	45c78513          	addi	a0,a5,1116 # 2000445c <_malloc_usable_size_r+0xb0>
2000058c:	2ac020ef          	jal	20002838 <iprintf>
        fflush(stdout); 
20000590:	200047b7          	lui	a5,0x20004
20000594:	7747a783          	lw	a5,1908(a5) # 20004774 <_impure_ptr>
20000598:	0087a783          	lw	a5,8(a5)
2000059c:	00078513          	mv	a0,a5
200005a0:	349010ef          	jal	200020e8 <fflush>
        int start = 3;
200005a4:	00300793          	li	a5,3
200005a8:	f8f42823          	sw	a5,-112(s0)
        int end = num_elements - 3;
200005ac:	00a00793          	li	a5,10
200005b0:	ffd78793          	addi	a5,a5,-3
200005b4:	f8f42623          	sw	a5,-116(s0)
        int passed = 1;
200005b8:	00100793          	li	a5,1
200005bc:	faf42c23          	sw	a5,-72(s0)
        int result = copyelements(src, dst, start, end);
200005c0:	f8c42683          	lw	a3,-116(s0)
200005c4:	f9042603          	lw	a2,-112(s0)
200005c8:	200047b7          	lui	a5,0x20004
200005cc:	7a078593          	addi	a1,a5,1952 # 200047a0 <dst>
200005d0:	200047b7          	lui	a5,0x20004
200005d4:	6d478513          	addi	a0,a5,1748 # 200046d4 <src>
200005d8:	4b8000ef          	jal	20000a90 <copyelements>
200005dc:	f8a42423          	sw	a0,-120(s0)
        if(result != end - start + 1) { printf("(wrong return value)"); passed = 0; } 
200005e0:	f8c42703          	lw	a4,-116(s0)
200005e4:	f9042783          	lw	a5,-112(s0)
200005e8:	40f707b3          	sub	a5,a4,a5
200005ec:	00178793          	addi	a5,a5,1
200005f0:	f8842703          	lw	a4,-120(s0)
200005f4:	00f70a63          	beq	a4,a5,20000608 <main+0x51c>
200005f8:	200047b7          	lui	a5,0x20004
200005fc:	47878513          	addi	a0,a5,1144 # 20004478 <_malloc_usable_size_r+0xcc>
20000600:	238020ef          	jal	20002838 <iprintf>
20000604:	fa042c23          	sw	zero,-72(s0)
        for(int i=0; i<start; i++) if(dst[i] != 0) passed = 0; 
20000608:	fa042a23          	sw	zero,-76(s0)
2000060c:	0300006f          	j	2000063c <main+0x550>
20000610:	200047b7          	lui	a5,0x20004
20000614:	7a078713          	addi	a4,a5,1952 # 200047a0 <dst>
20000618:	fb442783          	lw	a5,-76(s0)
2000061c:	00179793          	slli	a5,a5,0x1
20000620:	00f707b3          	add	a5,a4,a5
20000624:	00079783          	lh	a5,0(a5)
20000628:	00078463          	beqz	a5,20000630 <main+0x544>
2000062c:	fa042c23          	sw	zero,-72(s0)
20000630:	fb442783          	lw	a5,-76(s0)
20000634:	00178793          	addi	a5,a5,1
20000638:	faf42a23          	sw	a5,-76(s0)
2000063c:	fb442703          	lw	a4,-76(s0)
20000640:	f9042783          	lw	a5,-112(s0)
20000644:	fcf746e3          	blt	a4,a5,20000610 <main+0x524>
        for(int i=start; i<=end; i++) if(dst[i] != src[i]) passed = 0; 
20000648:	f9042783          	lw	a5,-112(s0)
2000064c:	faf42823          	sw	a5,-80(s0)
20000650:	04c0006f          	j	2000069c <main+0x5b0>
20000654:	200047b7          	lui	a5,0x20004
20000658:	7a078713          	addi	a4,a5,1952 # 200047a0 <dst>
2000065c:	fb042783          	lw	a5,-80(s0)
20000660:	00179793          	slli	a5,a5,0x1
20000664:	00f707b3          	add	a5,a4,a5
20000668:	00079783          	lh	a5,0(a5)
2000066c:	00078693          	mv	a3,a5
20000670:	200047b7          	lui	a5,0x20004
20000674:	6d478713          	addi	a4,a5,1748 # 200046d4 <src>
20000678:	fb042783          	lw	a5,-80(s0)
2000067c:	00279793          	slli	a5,a5,0x2
20000680:	00f707b3          	add	a5,a4,a5
20000684:	0007a783          	lw	a5,0(a5)
20000688:	00f68463          	beq	a3,a5,20000690 <main+0x5a4>
2000068c:	fa042c23          	sw	zero,-72(s0)
20000690:	fb042783          	lw	a5,-80(s0)
20000694:	00178793          	addi	a5,a5,1
20000698:	faf42823          	sw	a5,-80(s0)
2000069c:	fb042703          	lw	a4,-80(s0)
200006a0:	f8c42783          	lw	a5,-116(s0)
200006a4:	fae7d8e3          	bge	a5,a4,20000654 <main+0x568>
        for(int i=end+1; i<num_elements; i++) if(dst[i] != 0) passed = 0; 
200006a8:	f8c42783          	lw	a5,-116(s0)
200006ac:	00178793          	addi	a5,a5,1
200006b0:	faf42623          	sw	a5,-84(s0)
200006b4:	0300006f          	j	200006e4 <main+0x5f8>
200006b8:	200047b7          	lui	a5,0x20004
200006bc:	7a078713          	addi	a4,a5,1952 # 200047a0 <dst>
200006c0:	fac42783          	lw	a5,-84(s0)
200006c4:	00179793          	slli	a5,a5,0x1
200006c8:	00f707b3          	add	a5,a4,a5
200006cc:	00079783          	lh	a5,0(a5)
200006d0:	00078463          	beqz	a5,200006d8 <main+0x5ec>
200006d4:	fa042c23          	sw	zero,-72(s0)
200006d8:	fac42783          	lw	a5,-84(s0)
200006dc:	00178793          	addi	a5,a5,1
200006e0:	faf42623          	sw	a5,-84(s0)
200006e4:	00a00793          	li	a5,10
200006e8:	fac42703          	lw	a4,-84(s0)
200006ec:	fcf746e3          	blt	a4,a5,200006b8 <main+0x5cc>
        for(int i=0; i<num_elements; i++) if(src[i] != src_backup[i]) passed = 0;  
200006f0:	fa042423          	sw	zero,-88(s0)
200006f4:	0480006f          	j	2000073c <main+0x650>
200006f8:	200047b7          	lui	a5,0x20004
200006fc:	6d478713          	addi	a4,a5,1748 # 200046d4 <src>
20000700:	fa842783          	lw	a5,-88(s0)
20000704:	00279793          	slli	a5,a5,0x2
20000708:	00f707b3          	add	a5,a4,a5
2000070c:	0007a703          	lw	a4,0(a5)
20000710:	200047b7          	lui	a5,0x20004
20000714:	77878693          	addi	a3,a5,1912 # 20004778 <src_backup>
20000718:	fa842783          	lw	a5,-88(s0)
2000071c:	00279793          	slli	a5,a5,0x2
20000720:	00f687b3          	add	a5,a3,a5
20000724:	0007a783          	lw	a5,0(a5)
20000728:	00f70463          	beq	a4,a5,20000730 <main+0x644>
2000072c:	fa042c23          	sw	zero,-72(s0)
20000730:	fa842783          	lw	a5,-88(s0)
20000734:	00178793          	addi	a5,a5,1
20000738:	faf42423          	sw	a5,-88(s0)
2000073c:	00a00793          	li	a5,10
20000740:	fa842703          	lw	a4,-88(s0)
20000744:	faf74ae3          	blt	a4,a5,200006f8 <main+0x60c>
        if(passed) { printf("passed.\n"); num_passed_tests++; }
20000748:	fb842783          	lw	a5,-72(s0)
2000074c:	02078063          	beqz	a5,2000076c <main+0x680>
20000750:	200047b7          	lui	a5,0x20004
20000754:	3fc78513          	addi	a0,a5,1020 # 200043fc <_malloc_usable_size_r+0x50>
20000758:	238020ef          	jal	20002990 <puts>
2000075c:	fe842783          	lw	a5,-24(s0)
20000760:	00178793          	addi	a5,a5,1
20000764:	fef42423          	sw	a5,-24(s0)
20000768:	0100006f          	j	20000778 <main+0x68c>
        else printf("failed.\n");
2000076c:	200047b7          	lui	a5,0x20004
20000770:	40478513          	addi	a0,a5,1028 # 20004404 <_malloc_usable_size_r+0x58>
20000774:	21c020ef          	jal	20002990 <puts>
    } 
    {
        init_vectors();
20000778:	8c1ff0ef          	jal	20000038 <init_vectors>
        printf("  Copy random slice: ...");
2000077c:	200047b7          	lui	a5,0x20004
20000780:	45c78513          	addi	a0,a5,1116 # 2000445c <_malloc_usable_size_r+0xb0>
20000784:	0b4020ef          	jal	20002838 <iprintf>
        fflush(stdout); 
20000788:	200047b7          	lui	a5,0x20004
2000078c:	7747a783          	lw	a5,1908(a5) # 20004774 <_impure_ptr>
20000790:	0087a783          	lw	a5,8(a5)
20000794:	00078513          	mv	a0,a5
20000798:	151010ef          	jal	200020e8 <fflush>
        int start = 4;
2000079c:	00400793          	li	a5,4
200007a0:	f8f42223          	sw	a5,-124(s0)
        int end = num_elements - 2;
200007a4:	00a00793          	li	a5,10
200007a8:	ffe78793          	addi	a5,a5,-2
200007ac:	f8f42023          	sw	a5,-128(s0)
        int passed = 1;
200007b0:	00100793          	li	a5,1
200007b4:	faf42223          	sw	a5,-92(s0)
        copyelements(src, dst, start, end);
200007b8:	f8042683          	lw	a3,-128(s0)
200007bc:	f8442603          	lw	a2,-124(s0)
200007c0:	200047b7          	lui	a5,0x20004
200007c4:	7a078593          	addi	a1,a5,1952 # 200047a0 <dst>
200007c8:	200047b7          	lui	a5,0x20004
200007cc:	6d478513          	addi	a0,a5,1748 # 200046d4 <src>
200007d0:	2c0000ef          	jal	20000a90 <copyelements>
        for(int i=0; i<start; i++) if(dst[i] != 0) passed = 0; 
200007d4:	fa042023          	sw	zero,-96(s0)
200007d8:	0300006f          	j	20000808 <main+0x71c>
200007dc:	200047b7          	lui	a5,0x20004
200007e0:	7a078713          	addi	a4,a5,1952 # 200047a0 <dst>
200007e4:	fa042783          	lw	a5,-96(s0)
200007e8:	00179793          	slli	a5,a5,0x1
200007ec:	00f707b3          	add	a5,a4,a5
200007f0:	00079783          	lh	a5,0(a5)
200007f4:	00078463          	beqz	a5,200007fc <main+0x710>
200007f8:	fa042223          	sw	zero,-92(s0)
200007fc:	fa042783          	lw	a5,-96(s0)
20000800:	00178793          	addi	a5,a5,1
20000804:	faf42023          	sw	a5,-96(s0)
20000808:	fa042703          	lw	a4,-96(s0)
2000080c:	f8442783          	lw	a5,-124(s0)
20000810:	fcf746e3          	blt	a4,a5,200007dc <main+0x6f0>
        for(int i=start; i<=end; i++) if(dst[i] != src[i]) passed = 0; 
20000814:	f8442783          	lw	a5,-124(s0)
20000818:	f8f42e23          	sw	a5,-100(s0)
2000081c:	04c0006f          	j	20000868 <main+0x77c>
20000820:	200047b7          	lui	a5,0x20004
20000824:	7a078713          	addi	a4,a5,1952 # 200047a0 <dst>
20000828:	f9c42783          	lw	a5,-100(s0)
2000082c:	00179793          	slli	a5,a5,0x1
20000830:	00f707b3          	add	a5,a4,a5
20000834:	00079783          	lh	a5,0(a5)
20000838:	00078693          	mv	a3,a5
2000083c:	200047b7          	lui	a5,0x20004
20000840:	6d478713          	addi	a4,a5,1748 # 200046d4 <src>
20000844:	f9c42783          	lw	a5,-100(s0)
20000848:	00279793          	slli	a5,a5,0x2
2000084c:	00f707b3          	add	a5,a4,a5
20000850:	0007a783          	lw	a5,0(a5)
20000854:	00f68463          	beq	a3,a5,2000085c <main+0x770>
20000858:	fa042223          	sw	zero,-92(s0)
2000085c:	f9c42783          	lw	a5,-100(s0)
20000860:	00178793          	addi	a5,a5,1
20000864:	f8f42e23          	sw	a5,-100(s0)
20000868:	f9c42703          	lw	a4,-100(s0)
2000086c:	f8042783          	lw	a5,-128(s0)
20000870:	fae7d8e3          	bge	a5,a4,20000820 <main+0x734>
        for(int i=end+1; i<num_elements; i++) if(dst[i] != 0) passed = 0; 
20000874:	f8042783          	lw	a5,-128(s0)
20000878:	00178793          	addi	a5,a5,1
2000087c:	f8f42c23          	sw	a5,-104(s0)
20000880:	0300006f          	j	200008b0 <main+0x7c4>
20000884:	200047b7          	lui	a5,0x20004
20000888:	7a078713          	addi	a4,a5,1952 # 200047a0 <dst>
2000088c:	f9842783          	lw	a5,-104(s0)
20000890:	00179793          	slli	a5,a5,0x1
20000894:	00f707b3          	add	a5,a4,a5
20000898:	00079783          	lh	a5,0(a5)
2000089c:	00078463          	beqz	a5,200008a4 <main+0x7b8>
200008a0:	fa042223          	sw	zero,-92(s0)
200008a4:	f9842783          	lw	a5,-104(s0)
200008a8:	00178793          	addi	a5,a5,1
200008ac:	f8f42c23          	sw	a5,-104(s0)
200008b0:	00a00793          	li	a5,10
200008b4:	f9842703          	lw	a4,-104(s0)
200008b8:	fcf746e3          	blt	a4,a5,20000884 <main+0x798>
        for(int i=0; i<num_elements; i++) if(src[i] != src_backup[i]) passed = 0;  
200008bc:	f8042a23          	sw	zero,-108(s0)
200008c0:	0480006f          	j	20000908 <main+0x81c>
200008c4:	200047b7          	lui	a5,0x20004
200008c8:	6d478713          	addi	a4,a5,1748 # 200046d4 <src>
200008cc:	f9442783          	lw	a5,-108(s0)
200008d0:	00279793          	slli	a5,a5,0x2
200008d4:	00f707b3          	add	a5,a4,a5
200008d8:	0007a703          	lw	a4,0(a5)
200008dc:	200047b7          	lui	a5,0x20004
200008e0:	77878693          	addi	a3,a5,1912 # 20004778 <src_backup>
200008e4:	f9442783          	lw	a5,-108(s0)
200008e8:	00279793          	slli	a5,a5,0x2
200008ec:	00f687b3          	add	a5,a3,a5
200008f0:	0007a783          	lw	a5,0(a5)
200008f4:	00f70463          	beq	a4,a5,200008fc <main+0x810>
200008f8:	fa042223          	sw	zero,-92(s0)
200008fc:	f9442783          	lw	a5,-108(s0)
20000900:	00178793          	addi	a5,a5,1
20000904:	f8f42a23          	sw	a5,-108(s0)
20000908:	00a00793          	li	a5,10
2000090c:	f9442703          	lw	a4,-108(s0)
20000910:	faf74ae3          	blt	a4,a5,200008c4 <main+0x7d8>
        if(passed) { printf("passed.\n"); num_passed_tests++; }
20000914:	fa442783          	lw	a5,-92(s0)
20000918:	02078063          	beqz	a5,20000938 <main+0x84c>
2000091c:	200047b7          	lui	a5,0x20004
20000920:	3fc78513          	addi	a0,a5,1020 # 200043fc <_malloc_usable_size_r+0x50>
20000924:	06c020ef          	jal	20002990 <puts>
20000928:	fe842783          	lw	a5,-24(s0)
2000092c:	00178793          	addi	a5,a5,1
20000930:	fef42423          	sw	a5,-24(s0)
20000934:	0100006f          	j	20000944 <main+0x858>
        else printf("failed.\n");
20000938:	200047b7          	lui	a5,0x20004
2000093c:	40478513          	addi	a0,a5,1028 # 20004404 <_malloc_usable_size_r+0x58>
20000940:	050020ef          	jal	20002990 <puts>
    }     

    if(num_passed_tests == 5) {
20000944:	fe842703          	lw	a4,-24(s0)
20000948:	00500793          	li	a5,5
2000094c:	02f71063          	bne	a4,a5,2000096c <main+0x880>
        printf("\nAll tests passed! The Secret Password is:\n");
20000950:	200047b7          	lui	a5,0x20004
20000954:	49078513          	addi	a0,a5,1168 # 20004490 <_malloc_usable_size_r+0xe4>
20000958:	038020ef          	jal	20002990 <puts>
        printf("%s\n", password);
2000095c:	200047b7          	lui	a5,0x20004
20000960:	71078513          	addi	a0,a5,1808 # 20004710 <password>
20000964:	02c020ef          	jal	20002990 <puts>
20000968:	0100006f          	j	20000978 <main+0x88c>
    } else {
        printf("\nSome tests failed. Keep trying!\n");
2000096c:	200047b7          	lui	a5,0x20004
20000970:	4bc78513          	addi	a0,a5,1212 # 200044bc <_malloc_usable_size_r+0x110>
20000974:	01c020ef          	jal	20002990 <puts>
20000978:	00000793          	li	a5,0
    }

}
2000097c:	00078513          	mv	a0,a5
20000980:	07c12083          	lw	ra,124(sp)
20000984:	07812403          	lw	s0,120(sp)
20000988:	08010113          	addi	sp,sp,128
2000098c:	00008067          	ret

20000990 <decrypt_message>:

// We could hide these in an .o file to stop students from wasting their
// time in trying to crack my encryption instead of learning about assembly...

void decrypt_message()
{
20000990:	fe010113          	addi	sp,sp,-32
20000994:	00112e23          	sw	ra,28(sp)
20000998:	00812c23          	sw	s0,24(sp)
2000099c:	02010413          	addi	s0,sp,32
    for(unsigned int i=0; i < sizeof(message) - 1; i++) {
200009a0:	fe042623          	sw	zero,-20(s0)
200009a4:	0440006f          	j	200009e8 <decrypt_message+0x58>
        message[i] = 'A' - (message[i] - 'Z');
200009a8:	200047b7          	lui	a5,0x20004
200009ac:	6fc78713          	addi	a4,a5,1788 # 200046fc <message>
200009b0:	fec42783          	lw	a5,-20(s0)
200009b4:	00f707b3          	add	a5,a4,a5
200009b8:	0007c783          	lbu	a5,0(a5)
200009bc:	f9b00713          	li	a4,-101
200009c0:	40f707b3          	sub	a5,a4,a5
200009c4:	0ff7f713          	zext.b	a4,a5
200009c8:	200047b7          	lui	a5,0x20004
200009cc:	6fc78693          	addi	a3,a5,1788 # 200046fc <message>
200009d0:	fec42783          	lw	a5,-20(s0)
200009d4:	00f687b3          	add	a5,a3,a5
200009d8:	00e78023          	sb	a4,0(a5)
    for(unsigned int i=0; i < sizeof(message) - 1; i++) {
200009dc:	fec42783          	lw	a5,-20(s0)
200009e0:	00178793          	addi	a5,a5,1
200009e4:	fef42623          	sw	a5,-20(s0)
200009e8:	fec42703          	lw	a4,-20(s0)
200009ec:	00f00793          	li	a5,15
200009f0:	fae7fce3          	bgeu	a5,a4,200009a8 <decrypt_message+0x18>
    }     

    // TODO: Don't decrupt this until the end when all tests pass

    for(unsigned int i=0; i < sizeof(password) - 1; i++) {
200009f4:	fe042423          	sw	zero,-24(s0)
200009f8:	0440006f          	j	20000a3c <decrypt_message+0xac>
        password[i] = 'A' - (password[i] - 'Z');
200009fc:	200047b7          	lui	a5,0x20004
20000a00:	71078713          	addi	a4,a5,1808 # 20004710 <password>
20000a04:	fe842783          	lw	a5,-24(s0)
20000a08:	00f707b3          	add	a5,a4,a5
20000a0c:	0007c783          	lbu	a5,0(a5)
20000a10:	f9b00713          	li	a4,-101
20000a14:	40f707b3          	sub	a5,a4,a5
20000a18:	0ff7f713          	zext.b	a4,a5
20000a1c:	200047b7          	lui	a5,0x20004
20000a20:	71078693          	addi	a3,a5,1808 # 20004710 <password>
20000a24:	fe842783          	lw	a5,-24(s0)
20000a28:	00f687b3          	add	a5,a3,a5
20000a2c:	00e78023          	sb	a4,0(a5)
    for(unsigned int i=0; i < sizeof(password) - 1; i++) {
20000a30:	fe842783          	lw	a5,-24(s0)
20000a34:	00178793          	addi	a5,a5,1
20000a38:	fef42423          	sw	a5,-24(s0)
20000a3c:	fe842703          	lw	a4,-24(s0)
20000a40:	00700793          	li	a5,7
20000a44:	fae7fce3          	bgeu	a5,a4,200009fc <decrypt_message+0x6c>
    }     
20000a48:	00000013          	nop
20000a4c:	00000013          	nop
20000a50:	01c12083          	lw	ra,28(sp)
20000a54:	01812403          	lw	s0,24(sp)
20000a58:	02010113          	addi	sp,sp,32
20000a5c:	00008067          	ret

20000a60 <hidden>:
    #
    # Once you have written down the address and the message, and feel like
    # you understand what the memory viewer does, move on to the next
    # assignment. 
    ###########################################################################
    ret
20000a60:	00008067          	ret

20000a64 <copyvec>:
    # Write a loop that copies `size` elements from src to dst
    # 
    # If you are having trouble, use the debugger and memory view (as in the
    # first assignment) to see what is getting copied. 
    ###########################################################################
    li t0, 0                        # t0: loop counter
20000a64:	00000293          	li	t0,0
    mv t1, a0                       # Address to src element
20000a68:	00050313          	mv	t1,a0
    mv t2, a1                       # Address to dst element
20000a6c:	00058393          	mv	t2,a1

20000a70 <loop>:
loop: 
    beq t0, a2, done                # If loop counter eached size, we are done
20000a70:	00c28e63          	beq	t0,a2,20000a8c <done>
    lw t3, 0(t1)                    # Load element from src
20000a74:	00032e03          	lw	t3,0(t1)
    addi t1, t1, 4                  # Move t1 to next element
20000a78:	00430313          	addi	t1,t1,4
    sh t3, 0(t2)                    # Store element in dst
20000a7c:	01c39023          	sh	t3,0(t2)
    addi t2, t2, 2                  # Move t2 to next element
20000a80:	00238393          	addi	t2,t2,2
    addi t0, t0, 1                  # Increase loop counter
20000a84:	00128293          	addi	t0,t0,1
    j loop
20000a88:	fe9ff06f          	j	20000a70 <loop>

20000a8c <done>:
done: 
    ret                             # Return from function
20000a8c:	00008067          	ret

20000a90 <copyelements>:
    ###########################################################################
    # Assignment 4 (not 3, do 3 first): 
    #
    # Remember to push any registers (that are callee saved) to the stack
    ###########################################################################
    addi sp, sp, -8
20000a90:	ff810113          	addi	sp,sp,-8
    sw s0, 4(sp)
20000a94:	00812223          	sw	s0,4(sp)
    sw ra, 0(sp)
20000a98:	00112023          	sw	ra,0(sp)
    # To copy the correct elements
    #
    # Then place a breakpoint at the `ret` instruction and check with the
    # view if the copying worked.
    ###########################################################################
    li t0, 4
20000a9c:	00400293          	li	t0,4
    mul t0, a2, t0                  # Put offset from src in t0
20000aa0:	025602b3          	mul	t0,a2,t0
    add t0, a0, t0                  # t0 is src_start
20000aa4:	005502b3          	add	t0,a0,t0
    li t1, 2
20000aa8:	00200313          	li	t1,2
    mul t1, a2, t1                  # Put offset from src in t0
20000aac:	02660333          	mul	t1,a2,t1
    add t1, a1, t1                  # t1 is dst_start
20000ab0:	00658333          	add	t1,a1,t1
    sub t2, a3, a2                  
20000ab4:	40c683b3          	sub	t2,a3,a2
    addi s0, t2, 1                  # s0 is number of elements
20000ab8:	00138413          	addi	s0,t2,1
    mv a0, t0
20000abc:	00028513          	mv	a0,t0
    mv a1, t1
20000ac0:	00030593          	mv	a1,t1
    mv a2, s0
20000ac4:	00040613          	mv	a2,s0
    call copyvec
20000ac8:	f9dff0ef          	jal	20000a64 <copyvec>
    mv a0, s0                       # s0 is safe to use here
20000acc:	00040513          	mv	a0,s0
    ###########################################################################
    # Assignment 5:
    #
    # Remember to restore any values you pushed to the stack.
    ###########################################################################
    lw s0, 4(sp)
20000ad0:	00412403          	lw	s0,4(sp)
    lw ra, 0(sp)
20000ad4:	00012083          	lw	ra,0(sp)
    addi sp, sp, 8
20000ad8:	00810113          	addi	sp,sp,8

    ret
20000adc:	00008067          	ret

20000ae0 <_pll_init_144>:
20000ae0:	fe010113          	addi	sp,sp,-32
20000ae4:	00112e23          	sw	ra,28(sp)
20000ae8:	00812c23          	sw	s0,24(sp)
20000aec:	02010413          	addi	s0,sp,32
20000af0:	fe042623          	sw	zero,-20(s0)
20000af4:	fe042423          	sw	zero,-24(s0)
20000af8:	400217b7          	lui	a5,0x40021
20000afc:	0007a703          	lw	a4,0(a5) # 40021000 <__stack_top+0x2001bae4>
20000b00:	400217b7          	lui	a5,0x40021
20000b04:	00176713          	ori	a4,a4,1
20000b08:	00e7a023          	sw	a4,0(a5) # 40021000 <__stack_top+0x2001bae4>
20000b0c:	400217b7          	lui	a5,0x40021
20000b10:	00478793          	addi	a5,a5,4 # 40021004 <__stack_top+0x2001bae8>
20000b14:	0007a683          	lw	a3,0(a5)
20000b18:	400217b7          	lui	a5,0x40021
20000b1c:	00478793          	addi	a5,a5,4 # 40021004 <__stack_top+0x2001bae8>
20000b20:	f8ff0737          	lui	a4,0xf8ff0
20000b24:	00e6f733          	and	a4,a3,a4
20000b28:	00e7a023          	sw	a4,0(a5)
20000b2c:	400217b7          	lui	a5,0x40021
20000b30:	0007a683          	lw	a3,0(a5) # 40021000 <__stack_top+0x2001bae4>
20000b34:	400217b7          	lui	a5,0x40021
20000b38:	fef70737          	lui	a4,0xfef70
20000b3c:	fff70713          	addi	a4,a4,-1 # fef6ffff <__stack_top+0xdef6aae3>
20000b40:	00e6f733          	and	a4,a3,a4
20000b44:	00e7a023          	sw	a4,0(a5) # 40021000 <__stack_top+0x2001bae4>
20000b48:	400217b7          	lui	a5,0x40021
20000b4c:	0007a683          	lw	a3,0(a5) # 40021000 <__stack_top+0x2001bae4>
20000b50:	400217b7          	lui	a5,0x40021
20000b54:	fffc0737          	lui	a4,0xfffc0
20000b58:	fff70713          	addi	a4,a4,-1 # fffbffff <__stack_top+0xdffbaae3>
20000b5c:	00e6f733          	and	a4,a3,a4
20000b60:	00e7a023          	sw	a4,0(a5) # 40021000 <__stack_top+0x2001bae4>
20000b64:	400217b7          	lui	a5,0x40021
20000b68:	00478793          	addi	a5,a5,4 # 40021004 <__stack_top+0x2001bae8>
20000b6c:	0007a683          	lw	a3,0(a5)
20000b70:	400217b7          	lui	a5,0x40021
20000b74:	00478793          	addi	a5,a5,4 # 40021004 <__stack_top+0x2001bae8>
20000b78:	ff810737          	lui	a4,0xff810
20000b7c:	fff70713          	addi	a4,a4,-1 # ff80ffff <__stack_top+0xdf80aae3>
20000b80:	00e6f733          	and	a4,a3,a4
20000b84:	00e7a023          	sw	a4,0(a5)
20000b88:	400217b7          	lui	a5,0x40021
20000b8c:	0007a683          	lw	a3,0(a5) # 40021000 <__stack_top+0x2001bae4>
20000b90:	400217b7          	lui	a5,0x40021
20000b94:	ec000737          	lui	a4,0xec000
20000b98:	fff70713          	addi	a4,a4,-1 # ebffffff <__stack_top+0xcbffaae3>
20000b9c:	00e6f733          	and	a4,a3,a4
20000ba0:	00e7a023          	sw	a4,0(a5) # 40021000 <__stack_top+0x2001bae4>
20000ba4:	400217b7          	lui	a5,0x40021
20000ba8:	00878793          	addi	a5,a5,8 # 40021008 <__stack_top+0x2001baec>
20000bac:	00ff0737          	lui	a4,0xff0
20000bb0:	00e7a023          	sw	a4,0(a5)
20000bb4:	400217b7          	lui	a5,0x40021
20000bb8:	02c78793          	addi	a5,a5,44 # 4002102c <__stack_top+0x2001bb10>
20000bbc:	0007a023          	sw	zero,0(a5)
20000bc0:	400217b7          	lui	a5,0x40021
20000bc4:	0007a683          	lw	a3,0(a5) # 40021000 <__stack_top+0x2001bae4>
20000bc8:	400217b7          	lui	a5,0x40021
20000bcc:	00010737          	lui	a4,0x10
20000bd0:	00e6e733          	or	a4,a3,a4
20000bd4:	00e7a023          	sw	a4,0(a5) # 40021000 <__stack_top+0x2001bae4>
20000bd8:	400217b7          	lui	a5,0x40021
20000bdc:	0007a703          	lw	a4,0(a5) # 40021000 <__stack_top+0x2001bae4>
20000be0:	000207b7          	lui	a5,0x20
20000be4:	00f777b3          	and	a5,a4,a5
20000be8:	fef42423          	sw	a5,-24(s0)
20000bec:	fec42783          	lw	a5,-20(s0)
20000bf0:	00178793          	addi	a5,a5,1 # 20001 <_start-0x1ffdffff>
20000bf4:	fef42623          	sw	a5,-20(s0)
20000bf8:	fe842783          	lw	a5,-24(s0)
20000bfc:	00079863          	bnez	a5,20000c0c <_pll_init_144+0x12c>
20000c00:	fec42703          	lw	a4,-20(s0)
20000c04:	1f400793          	li	a5,500
20000c08:	fcf718e3          	bne	a4,a5,20000bd8 <_pll_init_144+0xf8>
20000c0c:	400217b7          	lui	a5,0x40021
20000c10:	0007a703          	lw	a4,0(a5) # 40021000 <__stack_top+0x2001bae4>
20000c14:	000207b7          	lui	a5,0x20
20000c18:	00f777b3          	and	a5,a4,a5
20000c1c:	00079663          	bnez	a5,20000c28 <_pll_init_144+0x148>
20000c20:	00100793          	li	a5,1
20000c24:	11c0006f          	j	20000d40 <_pll_init_144+0x260>
20000c28:	400217b7          	lui	a5,0x40021
20000c2c:	00478713          	addi	a4,a5,4 # 40021004 <__stack_top+0x2001bae8>
20000c30:	400217b7          	lui	a5,0x40021
20000c34:	00478793          	addi	a5,a5,4 # 40021004 <__stack_top+0x2001bae8>
20000c38:	00072703          	lw	a4,0(a4) # 10000 <_start-0x1fff0000>
20000c3c:	00e7a023          	sw	a4,0(a5)
20000c40:	400217b7          	lui	a5,0x40021
20000c44:	00478713          	addi	a4,a5,4 # 40021004 <__stack_top+0x2001bae8>
20000c48:	400217b7          	lui	a5,0x40021
20000c4c:	00478793          	addi	a5,a5,4 # 40021004 <__stack_top+0x2001bae8>
20000c50:	00072703          	lw	a4,0(a4)
20000c54:	00e7a023          	sw	a4,0(a5)
20000c58:	400217b7          	lui	a5,0x40021
20000c5c:	02c78793          	addi	a5,a5,44 # 4002102c <__stack_top+0x2001bb10>
20000c60:	0007a703          	lw	a4,0(a5)
20000c64:	400217b7          	lui	a5,0x40021
20000c68:	02c78793          	addi	a5,a5,44 # 4002102c <__stack_top+0x2001bb10>
20000c6c:	40076713          	ori	a4,a4,1024
20000c70:	00e7a023          	sw	a4,0(a5)
20000c74:	400217b7          	lui	a5,0x40021
20000c78:	00478793          	addi	a5,a5,4 # 40021004 <__stack_top+0x2001bae8>
20000c7c:	0007a683          	lw	a3,0(a5)
20000c80:	400217b7          	lui	a5,0x40021
20000c84:	00478793          	addi	a5,a5,4 # 40021004 <__stack_top+0x2001bae8>
20000c88:	ffc10737          	lui	a4,0xffc10
20000c8c:	fff70713          	addi	a4,a4,-1 # ffc0ffff <__stack_top+0xdfc0aae3>
20000c90:	00e6f733          	and	a4,a3,a4
20000c94:	00e7a023          	sw	a4,0(a5)
20000c98:	400217b7          	lui	a5,0x40021
20000c9c:	00478793          	addi	a5,a5,4 # 40021004 <__stack_top+0x2001bae8>
20000ca0:	0007a683          	lw	a3,0(a5)
20000ca4:	400217b7          	lui	a5,0x40021
20000ca8:	00478793          	addi	a5,a5,4 # 40021004 <__stack_top+0x2001bae8>
20000cac:	00010737          	lui	a4,0x10
20000cb0:	00e6e733          	or	a4,a3,a4
20000cb4:	00e7a023          	sw	a4,0(a5)
20000cb8:	400217b7          	lui	a5,0x40021
20000cbc:	0007a683          	lw	a3,0(a5) # 40021000 <__stack_top+0x2001bae4>
20000cc0:	400217b7          	lui	a5,0x40021
20000cc4:	01000737          	lui	a4,0x1000
20000cc8:	00e6e733          	or	a4,a3,a4
20000ccc:	00e7a023          	sw	a4,0(a5) # 40021000 <__stack_top+0x2001bae4>
20000cd0:	00000013          	nop
20000cd4:	400217b7          	lui	a5,0x40021
20000cd8:	0007a703          	lw	a4,0(a5) # 40021000 <__stack_top+0x2001bae4>
20000cdc:	020007b7          	lui	a5,0x2000
20000ce0:	00f777b3          	and	a5,a4,a5
20000ce4:	fe0788e3          	beqz	a5,20000cd4 <_pll_init_144+0x1f4>
20000ce8:	400217b7          	lui	a5,0x40021
20000cec:	00478793          	addi	a5,a5,4 # 40021004 <__stack_top+0x2001bae8>
20000cf0:	0007a703          	lw	a4,0(a5)
20000cf4:	400217b7          	lui	a5,0x40021
20000cf8:	00478793          	addi	a5,a5,4 # 40021004 <__stack_top+0x2001bae8>
20000cfc:	ffc77713          	andi	a4,a4,-4
20000d00:	00e7a023          	sw	a4,0(a5)
20000d04:	400217b7          	lui	a5,0x40021
20000d08:	00478793          	addi	a5,a5,4 # 40021004 <__stack_top+0x2001bae8>
20000d0c:	0007a703          	lw	a4,0(a5)
20000d10:	400217b7          	lui	a5,0x40021
20000d14:	00478793          	addi	a5,a5,4 # 40021004 <__stack_top+0x2001bae8>
20000d18:	00276713          	ori	a4,a4,2
20000d1c:	00e7a023          	sw	a4,0(a5)
20000d20:	00000013          	nop
20000d24:	400217b7          	lui	a5,0x40021
20000d28:	00478793          	addi	a5,a5,4 # 40021004 <__stack_top+0x2001bae8>
20000d2c:	0007a783          	lw	a5,0(a5)
20000d30:	00c7f713          	andi	a4,a5,12
20000d34:	00800793          	li	a5,8
20000d38:	fef716e3          	bne	a4,a5,20000d24 <_pll_init_144+0x244>
20000d3c:	00000793          	li	a5,0
20000d40:	00078513          	mv	a0,a5
20000d44:	01c12083          	lw	ra,28(sp)
20000d48:	01812403          	lw	s0,24(sp)
20000d4c:	02010113          	addi	sp,sp,32
20000d50:	00008067          	ret

20000d54 <crt_timer_interrupt>:
20000d54:	fd010113          	addi	sp,sp,-48
20000d58:	02112623          	sw	ra,44(sp)
20000d5c:	02512423          	sw	t0,40(sp)
20000d60:	02812223          	sw	s0,36(sp)
20000d64:	02a12023          	sw	a0,32(sp)
20000d68:	00b12e23          	sw	a1,28(sp)
20000d6c:	00c12c23          	sw	a2,24(sp)
20000d70:	00d12a23          	sw	a3,20(sp)
20000d74:	00e12823          	sw	a4,16(sp)
20000d78:	00f12623          	sw	a5,12(sp)
20000d7c:	01012423          	sw	a6,8(sp)
20000d80:	03010413          	addi	s0,sp,48
20000d84:	400017b7          	lui	a5,0x40001
20000d88:	0107d783          	lhu	a5,16(a5) # 40001010 <__stack_top+0x1fffbaf4>
20000d8c:	01079713          	slli	a4,a5,0x10
20000d90:	01075713          	srli	a4,a4,0x10
20000d94:	400017b7          	lui	a5,0x40001
20000d98:	ffe77713          	andi	a4,a4,-2
20000d9c:	01071713          	slli	a4,a4,0x10
20000da0:	01075713          	srli	a4,a4,0x10
20000da4:	00e79823          	sh	a4,16(a5) # 40001010 <__stack_top+0x1fffbaf4>
20000da8:	200047b7          	lui	a5,0x20004
20000dac:	7c87a703          	lw	a4,1992(a5) # 200047c8 <current_time>
20000db0:	7cc7a783          	lw	a5,1996(a5)
20000db4:	00100513          	li	a0,1
20000db8:	00000593          	li	a1,0
20000dbc:	00a70633          	add	a2,a4,a0
20000dc0:	00060813          	mv	a6,a2
20000dc4:	00e83833          	sltu	a6,a6,a4
20000dc8:	00b786b3          	add	a3,a5,a1
20000dcc:	00d807b3          	add	a5,a6,a3
20000dd0:	00078693          	mv	a3,a5
20000dd4:	00060713          	mv	a4,a2
20000dd8:	00068793          	mv	a5,a3
20000ddc:	200046b7          	lui	a3,0x20004
20000de0:	7ce6a423          	sw	a4,1992(a3) # 200047c8 <current_time>
20000de4:	7cf6a623          	sw	a5,1996(a3)
20000de8:	00000013          	nop
20000dec:	02c12083          	lw	ra,44(sp)
20000df0:	02812283          	lw	t0,40(sp)
20000df4:	02412403          	lw	s0,36(sp)
20000df8:	02012503          	lw	a0,32(sp)
20000dfc:	01c12583          	lw	a1,28(sp)
20000e00:	01812603          	lw	a2,24(sp)
20000e04:	01412683          	lw	a3,20(sp)
20000e08:	01012703          	lw	a4,16(sp)
20000e0c:	00c12783          	lw	a5,12(sp)
20000e10:	00812803          	lw	a6,8(sp)
20000e14:	03010113          	addi	sp,sp,48
20000e18:	30200073          	mret

20000e1c <_times>:
20000e1c:	fe010113          	addi	sp,sp,-32
20000e20:	00112e23          	sw	ra,28(sp)
20000e24:	00812c23          	sw	s0,24(sp)
20000e28:	02010413          	addi	s0,sp,32
20000e2c:	fea42623          	sw	a0,-20(s0)
20000e30:	200047b7          	lui	a5,0x20004
20000e34:	7c87a703          	lw	a4,1992(a5) # 200047c8 <current_time>
20000e38:	7cc7a783          	lw	a5,1996(a5)
20000e3c:	fec42783          	lw	a5,-20(s0)
20000e40:	00e7a223          	sw	a4,4(a5)
20000e44:	fec42783          	lw	a5,-20(s0)
20000e48:	0047a703          	lw	a4,4(a5)
20000e4c:	fec42783          	lw	a5,-20(s0)
20000e50:	00e7a023          	sw	a4,0(a5)
20000e54:	200047b7          	lui	a5,0x20004
20000e58:	7c87a703          	lw	a4,1992(a5) # 200047c8 <current_time>
20000e5c:	7cc7a783          	lw	a5,1996(a5)
20000e60:	00070793          	mv	a5,a4
20000e64:	00078513          	mv	a0,a5
20000e68:	01c12083          	lw	ra,28(sp)
20000e6c:	01812403          	lw	s0,24(sp)
20000e70:	02010113          	addi	sp,sp,32
20000e74:	00008067          	ret

20000e78 <_gettimeofday>:
20000e78:	fd010113          	addi	sp,sp,-48
20000e7c:	02112623          	sw	ra,44(sp)
20000e80:	02812423          	sw	s0,40(sp)
20000e84:	03010413          	addi	s0,sp,48
20000e88:	fca42e23          	sw	a0,-36(s0)
20000e8c:	fcb42c23          	sw	a1,-40(s0)
20000e90:	200047b7          	lui	a5,0x20004
20000e94:	7c87a703          	lw	a4,1992(a5) # 200047c8 <current_time>
20000e98:	7cc7a783          	lw	a5,1996(a5)
20000e9c:	fee42423          	sw	a4,-24(s0)
20000ea0:	fef42623          	sw	a5,-20(s0)
20000ea4:	fe842703          	lw	a4,-24(s0)
20000ea8:	fec42783          	lw	a5,-20(s0)
20000eac:	06400613          	li	a2,100
20000eb0:	00000693          	li	a3,0
20000eb4:	00070513          	mv	a0,a4
20000eb8:	00078593          	mv	a1,a5
20000ebc:	6f0000ef          	jal	200015ac <__udivdi3>
20000ec0:	00050713          	mv	a4,a0
20000ec4:	00058793          	mv	a5,a1
20000ec8:	fdc42683          	lw	a3,-36(s0)
20000ecc:	00e6a023          	sw	a4,0(a3)
20000ed0:	00f6a223          	sw	a5,4(a3)
20000ed4:	fe842703          	lw	a4,-24(s0)
20000ed8:	fec42783          	lw	a5,-20(s0)
20000edc:	06400613          	li	a2,100
20000ee0:	00000693          	li	a3,0
20000ee4:	00070513          	mv	a0,a4
20000ee8:	00078593          	mv	a1,a5
20000eec:	329000ef          	jal	20001a14 <__umoddi3>
20000ef0:	00050713          	mv	a4,a0
20000ef4:	00058793          	mv	a5,a1
20000ef8:	fdc42783          	lw	a5,-36(s0)
20000efc:	00e7a423          	sw	a4,8(a5)
20000f00:	00000793          	li	a5,0
20000f04:	00078513          	mv	a0,a5
20000f08:	02c12083          	lw	ra,44(sp)
20000f0c:	02812403          	lw	s0,40(sp)
20000f10:	03010113          	addi	sp,sp,48
20000f14:	00008067          	ret

20000f18 <_settimeofday>:
20000f18:	fe010113          	addi	sp,sp,-32
20000f1c:	00112e23          	sw	ra,28(sp)
20000f20:	00812c23          	sw	s0,24(sp)
20000f24:	02010413          	addi	s0,sp,32
20000f28:	fea42623          	sw	a0,-20(s0)
20000f2c:	feb42423          	sw	a1,-24(s0)
20000f30:	fec42783          	lw	a5,-20(s0)
20000f34:	0007a703          	lw	a4,0(a5)
20000f38:	0047a783          	lw	a5,4(a5)
20000f3c:	06400593          	li	a1,100
20000f40:	02b78533          	mul	a0,a5,a1
20000f44:	00000593          	li	a1,0
20000f48:	02b705b3          	mul	a1,a4,a1
20000f4c:	00b50533          	add	a0,a0,a1
20000f50:	06400593          	li	a1,100
20000f54:	02b70333          	mul	t1,a4,a1
20000f58:	02b738b3          	mulhu	a7,a4,a1
20000f5c:	00030813          	mv	a6,t1
20000f60:	011507b3          	add	a5,a0,a7
20000f64:	00078893          	mv	a7,a5
20000f68:	00080713          	mv	a4,a6
20000f6c:	00088793          	mv	a5,a7
20000f70:	200045b7          	lui	a1,0x20004
20000f74:	7ce5a423          	sw	a4,1992(a1) # 200047c8 <current_time>
20000f78:	7cf5a623          	sw	a5,1996(a1)
20000f7c:	fec42783          	lw	a5,-20(s0)
20000f80:	0087a783          	lw	a5,8(a5)
20000f84:	00078613          	mv	a2,a5
20000f88:	41f7d793          	srai	a5,a5,0x1f
20000f8c:	00078693          	mv	a3,a5
20000f90:	200047b7          	lui	a5,0x20004
20000f94:	7c87a503          	lw	a0,1992(a5) # 200047c8 <current_time>
20000f98:	7cc7a583          	lw	a1,1996(a5)
20000f9c:	00a60733          	add	a4,a2,a0
20000fa0:	00070813          	mv	a6,a4
20000fa4:	00c83833          	sltu	a6,a6,a2
20000fa8:	00b687b3          	add	a5,a3,a1
20000fac:	00f806b3          	add	a3,a6,a5
20000fb0:	00068793          	mv	a5,a3
20000fb4:	200046b7          	lui	a3,0x20004
20000fb8:	7ce6a423          	sw	a4,1992(a3) # 200047c8 <current_time>
20000fbc:	7cf6a623          	sw	a5,1996(a3)
20000fc0:	00000793          	li	a5,0
20000fc4:	00078513          	mv	a0,a5
20000fc8:	01c12083          	lw	ra,28(sp)
20000fcc:	01812403          	lw	s0,24(sp)
20000fd0:	02010113          	addi	sp,sp,32
20000fd4:	00008067          	ret

20000fd8 <_tstchar>:
20000fd8:	ff010113          	addi	sp,sp,-16
20000fdc:	00112623          	sw	ra,12(sp)
20000fe0:	00812423          	sw	s0,8(sp)
20000fe4:	01010413          	addi	s0,sp,16
20000fe8:	400147b7          	lui	a5,0x40014
20000fec:	80078793          	addi	a5,a5,-2048 # 40013800 <__stack_top+0x2000e2e4>
20000ff0:	0007d783          	lhu	a5,0(a5)
20000ff4:	01079793          	slli	a5,a5,0x10
20000ff8:	0107d793          	srli	a5,a5,0x10
20000ffc:	0207f793          	andi	a5,a5,32
20001000:	02078063          	beqz	a5,20001020 <_tstchar+0x48>
20001004:	400147b7          	lui	a5,0x40014
20001008:	80078793          	addi	a5,a5,-2048 # 40013800 <__stack_top+0x2000e2e4>
2000100c:	0047d783          	lhu	a5,4(a5)
20001010:	01079793          	slli	a5,a5,0x10
20001014:	0107d793          	srli	a5,a5,0x10
20001018:	0ff7f793          	zext.b	a5,a5
2000101c:	0080006f          	j	20001024 <_tstchar+0x4c>
20001020:	00000793          	li	a5,0
20001024:	00078513          	mv	a0,a5
20001028:	00c12083          	lw	ra,12(sp)
2000102c:	00812403          	lw	s0,8(sp)
20001030:	01010113          	addi	sp,sp,16
20001034:	00008067          	ret

20001038 <_outchar>:
20001038:	fe010113          	addi	sp,sp,-32
2000103c:	00112e23          	sw	ra,28(sp)
20001040:	00812c23          	sw	s0,24(sp)
20001044:	02010413          	addi	s0,sp,32
20001048:	00050793          	mv	a5,a0
2000104c:	fef407a3          	sb	a5,-17(s0)
20001050:	400147b7          	lui	a5,0x40014
20001054:	80078793          	addi	a5,a5,-2048 # 40013800 <__stack_top+0x2000e2e4>
20001058:	fef44703          	lbu	a4,-17(s0)
2000105c:	01071713          	slli	a4,a4,0x10
20001060:	01075713          	srli	a4,a4,0x10
20001064:	00e79223          	sh	a4,4(a5)
20001068:	00000013          	nop
2000106c:	400147b7          	lui	a5,0x40014
20001070:	80078793          	addi	a5,a5,-2048 # 40013800 <__stack_top+0x2000e2e4>
20001074:	0007d783          	lhu	a5,0(a5)
20001078:	01079793          	slli	a5,a5,0x10
2000107c:	0107d793          	srli	a5,a5,0x10
20001080:	0807f793          	andi	a5,a5,128
20001084:	fe0784e3          	beqz	a5,2000106c <_outchar+0x34>
20001088:	00000013          	nop
2000108c:	00000013          	nop
20001090:	01c12083          	lw	ra,28(sp)
20001094:	01812403          	lw	s0,24(sp)
20001098:	02010113          	addi	sp,sp,32
2000109c:	00008067          	ret

200010a0 <_sbrk>:
200010a0:	fd010113          	addi	sp,sp,-48
200010a4:	02112623          	sw	ra,44(sp)
200010a8:	02812423          	sw	s0,40(sp)
200010ac:	03010413          	addi	s0,sp,48
200010b0:	fca42e23          	sw	a0,-36(s0)
200010b4:	200047b7          	lui	a5,0x20004
200010b8:	7d07a783          	lw	a5,2000(a5) # 200047d0 <heap_end>
200010bc:	00079a63          	bnez	a5,200010d0 <_sbrk+0x30>
200010c0:	200047b7          	lui	a5,0x20004
200010c4:	20005737          	lui	a4,0x20005
200010c8:	91c70713          	addi	a4,a4,-1764 # 2000491c <__bss_end__>
200010cc:	7ce7a823          	sw	a4,2000(a5) # 200047d0 <heap_end>
200010d0:	200047b7          	lui	a5,0x20004
200010d4:	7d07a783          	lw	a5,2000(a5) # 200047d0 <heap_end>
200010d8:	fef42623          	sw	a5,-20(s0)
200010dc:	200047b7          	lui	a5,0x20004
200010e0:	7d07a703          	lw	a4,2000(a5) # 200047d0 <heap_end>
200010e4:	fdc42783          	lw	a5,-36(s0)
200010e8:	00f70733          	add	a4,a4,a5
200010ec:	200057b7          	lui	a5,0x20005
200010f0:	11c78793          	addi	a5,a5,284 # 2000511c <__heap_top>
200010f4:	00e7fe63          	bgeu	a5,a4,20001110 <_sbrk+0x70>
200010f8:	0f1010ef          	jal	200029e8 <__errno>
200010fc:	00050713          	mv	a4,a0
20001100:	00c00793          	li	a5,12
20001104:	00f72023          	sw	a5,0(a4)
20001108:	fff00793          	li	a5,-1
2000110c:	0200006f          	j	2000112c <_sbrk+0x8c>
20001110:	200047b7          	lui	a5,0x20004
20001114:	7d07a703          	lw	a4,2000(a5) # 200047d0 <heap_end>
20001118:	fdc42783          	lw	a5,-36(s0)
2000111c:	00f70733          	add	a4,a4,a5
20001120:	200047b7          	lui	a5,0x20004
20001124:	7ce7a823          	sw	a4,2000(a5) # 200047d0 <heap_end>
20001128:	fec42783          	lw	a5,-20(s0)
2000112c:	00078513          	mv	a0,a5
20001130:	02c12083          	lw	ra,44(sp)
20001134:	02812403          	lw	s0,40(sp)
20001138:	03010113          	addi	sp,sp,48
2000113c:	00008067          	ret

20001140 <_crt_init>:
20001140:	fe010113          	addi	sp,sp,-32
20001144:	00112e23          	sw	ra,28(sp)
20001148:	00812c23          	sw	s0,24(sp)
2000114c:	02010413          	addi	s0,sp,32
20001150:	00000013          	nop
20001154:	98dff0ef          	jal	20000ae0 <_pll_init_144>
20001158:	00050793          	mv	a5,a0
2000115c:	fe079ce3          	bnez	a5,20001154 <_crt_init+0x14>
20001160:	400217b7          	lui	a5,0x40021
20001164:	0187a683          	lw	a3,24(a5) # 40021018 <__stack_top+0x2001bafc>
20001168:	400217b7          	lui	a5,0x40021
2000116c:	00004737          	lui	a4,0x4
20001170:	00e6e733          	or	a4,a3,a4
20001174:	00e7ac23          	sw	a4,24(a5) # 40021018 <__stack_top+0x2001bafc>
20001178:	400217b7          	lui	a5,0x40021
2000117c:	0187a703          	lw	a4,24(a5) # 40021018 <__stack_top+0x2001bafc>
20001180:	400217b7          	lui	a5,0x40021
20001184:	00476713          	ori	a4,a4,4
20001188:	00e7ac23          	sw	a4,24(a5) # 40021018 <__stack_top+0x2001bafc>
2000118c:	400217b7          	lui	a5,0x40021
20001190:	0187a703          	lw	a4,24(a5) # 40021018 <__stack_top+0x2001bafc>
20001194:	400217b7          	lui	a5,0x40021
20001198:	00176713          	ori	a4,a4,1
2000119c:	00e7ac23          	sw	a4,24(a5) # 40021018 <__stack_top+0x2001bafc>
200011a0:	400217b7          	lui	a5,0x40021
200011a4:	0187a703          	lw	a4,24(a5) # 40021018 <__stack_top+0x2001bafc>
200011a8:	400217b7          	lui	a5,0x40021
200011ac:	02076713          	ori	a4,a4,32
200011b0:	00e7ac23          	sw	a4,24(a5) # 40021018 <__stack_top+0x2001bafc>
200011b4:	400217b7          	lui	a5,0x40021
200011b8:	0187a703          	lw	a4,24(a5) # 40021018 <__stack_top+0x2001bafc>
200011bc:	400217b7          	lui	a5,0x40021
200011c0:	04076713          	ori	a4,a4,64
200011c4:	00e7ac23          	sw	a4,24(a5) # 40021018 <__stack_top+0x2001bafc>
200011c8:	400217b7          	lui	a5,0x40021
200011cc:	00c7a683          	lw	a3,12(a5) # 4002100c <__stack_top+0x2001baf0>
200011d0:	400217b7          	lui	a5,0x40021
200011d4:	00004737          	lui	a4,0x4
200011d8:	06070713          	addi	a4,a4,96 # 4060 <_start-0x1fffbfa0>
200011dc:	00e6e733          	or	a4,a3,a4
200011e0:	00e7a623          	sw	a4,12(a5) # 4002100c <__stack_top+0x2001baf0>
200011e4:	400217b7          	lui	a5,0x40021
200011e8:	00c7a683          	lw	a3,12(a5) # 4002100c <__stack_top+0x2001baf0>
200011ec:	400217b7          	lui	a5,0x40021
200011f0:	ffffc737          	lui	a4,0xffffc
200011f4:	f9f70713          	addi	a4,a4,-97 # ffffbf9f <__stack_top+0xdfff6a83>
200011f8:	00e6f733          	and	a4,a3,a4
200011fc:	00e7a623          	sw	a4,12(a5) # 4002100c <__stack_top+0x2001baf0>
20001200:	400117b7          	lui	a5,0x40011
20001204:	80478793          	addi	a5,a5,-2044 # 40010804 <__stack_top+0x2000b2e8>
20001208:	0007a703          	lw	a4,0(a5)
2000120c:	400117b7          	lui	a5,0x40011
20001210:	80478793          	addi	a5,a5,-2044 # 40010804 <__stack_top+0x2000b2e8>
20001214:	0b076713          	ori	a4,a4,176
20001218:	00e7a023          	sw	a4,0(a5)
2000121c:	400117b7          	lui	a5,0x40011
20001220:	80478793          	addi	a5,a5,-2044 # 40010804 <__stack_top+0x2000b2e8>
20001224:	0007a703          	lw	a4,0(a5)
20001228:	400117b7          	lui	a5,0x40011
2000122c:	80478793          	addi	a5,a5,-2044 # 40010804 <__stack_top+0x2000b2e8>
20001230:	40076713          	ori	a4,a4,1024
20001234:	00e7a023          	sw	a4,0(a5)
20001238:	400147b7          	lui	a5,0x40014
2000123c:	80078793          	addi	a5,a5,-2048 # 40013800 <__stack_top+0x2000e2e4>
20001240:	4e200713          	li	a4,1250
20001244:	00e79423          	sh	a4,8(a5)
20001248:	400147b7          	lui	a5,0x40014
2000124c:	80078793          	addi	a5,a5,-2048 # 40013800 <__stack_top+0x2000e2e4>
20001250:	00002737          	lui	a4,0x2
20001254:	00c70713          	addi	a4,a4,12 # 200c <_start-0x1fffdff4>
20001258:	00e79623          	sh	a4,12(a5)
2000125c:	200047b7          	lui	a5,0x20004
20001260:	7c07a823          	sw	zero,2000(a5) # 200047d0 <heap_end>
20001264:	200047b7          	lui	a5,0x20004
20001268:	77878793          	addi	a5,a5,1912 # 20004778 <src_backup>
2000126c:	fef42623          	sw	a5,-20(s0)
20001270:	200057b7          	lui	a5,0x20005
20001274:	91c78793          	addi	a5,a5,-1764 # 2000491c <__bss_end__>
20001278:	fef42423          	sw	a5,-24(s0)
2000127c:	0140006f          	j	20001290 <_crt_init+0x150>
20001280:	fec42783          	lw	a5,-20(s0)
20001284:	00178713          	addi	a4,a5,1
20001288:	fee42623          	sw	a4,-20(s0)
2000128c:	00078023          	sb	zero,0(a5)
20001290:	fec42703          	lw	a4,-20(s0)
20001294:	fe842783          	lw	a5,-24(s0)
20001298:	fef764e3          	bltu	a4,a5,20001280 <_crt_init+0x140>
2000129c:	200047b7          	lui	a5,0x20004
200012a0:	7747a783          	lw	a5,1908(a5) # 20004774 <_impure_ptr>
200012a4:	0047a783          	lw	a5,4(a5)
200012a8:	00000693          	li	a3,0
200012ac:	00200613          	li	a2,2
200012b0:	00000593          	li	a1,0
200012b4:	00078513          	mv	a0,a5
200012b8:	661000ef          	jal	20002118 <setvbuf>
200012bc:	200047b7          	lui	a5,0x20004
200012c0:	7747a783          	lw	a5,1908(a5) # 20004774 <_impure_ptr>
200012c4:	0087a783          	lw	a5,8(a5)
200012c8:	00000693          	li	a3,0
200012cc:	00200613          	li	a2,2
200012d0:	00000593          	li	a1,0
200012d4:	00078513          	mv	a0,a5
200012d8:	641000ef          	jal	20002118 <setvbuf>
200012dc:	200047b7          	lui	a5,0x20004
200012e0:	7747a783          	lw	a5,1908(a5) # 20004774 <_impure_ptr>
200012e4:	00c7a783          	lw	a5,12(a5)
200012e8:	00000693          	li	a3,0
200012ec:	00200613          	li	a2,2
200012f0:	00000593          	li	a1,0
200012f4:	00078513          	mv	a0,a5
200012f8:	621000ef          	jal	20002118 <setvbuf>
200012fc:	00000013          	nop
20001300:	01c12083          	lw	ra,28(sp)
20001304:	01812403          	lw	s0,24(sp)
20001308:	02010113          	addi	sp,sp,32
2000130c:	00008067          	ret

20001310 <_crt_deinit>:
20001310:	ff010113          	addi	sp,sp,-16
20001314:	00112623          	sw	ra,12(sp)
20001318:	00812423          	sw	s0,8(sp)
2000131c:	01010413          	addi	s0,sp,16
20001320:	00000013          	nop
20001324:	00c12083          	lw	ra,12(sp)
20001328:	00812403          	lw	s0,8(sp)
2000132c:	01010113          	addi	sp,sp,16
20001330:	00008067          	ret

20001334 <_exit>:
20001334:	fe010113          	addi	sp,sp,-32
20001338:	00112e23          	sw	ra,28(sp)
2000133c:	00812c23          	sw	s0,24(sp)
20001340:	02010413          	addi	s0,sp,32
20001344:	fea42623          	sw	a0,-20(s0)
20001348:	fec42783          	lw	a5,-20(s0)
2000134c:	00078a63          	beqz	a5,20001360 <_exit+0x2c>
20001350:	fec42583          	lw	a1,-20(s0)
20001354:	200047b7          	lui	a5,0x20004
20001358:	4e078513          	addi	a0,a5,1248 # 200044e0 <_malloc_usable_size_r+0x134>
2000135c:	4dc010ef          	jal	20002838 <iprintf>
20001360:	fb1ff0ef          	jal	20001310 <_crt_deinit>
20001364:	00000013          	nop
20001368:	01c12083          	lw	ra,28(sp)
2000136c:	01812403          	lw	s0,24(sp)
20001370:	02010113          	addi	sp,sp,32
20001374:	00008067          	ret

20001378 <_close>:
20001378:	fe010113          	addi	sp,sp,-32
2000137c:	00112e23          	sw	ra,28(sp)
20001380:	00812c23          	sw	s0,24(sp)
20001384:	02010413          	addi	s0,sp,32
20001388:	fea42623          	sw	a0,-20(s0)
2000138c:	fff00793          	li	a5,-1
20001390:	00078513          	mv	a0,a5
20001394:	01c12083          	lw	ra,28(sp)
20001398:	01812403          	lw	s0,24(sp)
2000139c:	02010113          	addi	sp,sp,32
200013a0:	00008067          	ret

200013a4 <_open>:
200013a4:	fe010113          	addi	sp,sp,-32
200013a8:	00112e23          	sw	ra,28(sp)
200013ac:	00812c23          	sw	s0,24(sp)
200013b0:	02010413          	addi	s0,sp,32
200013b4:	fea42623          	sw	a0,-20(s0)
200013b8:	feb42423          	sw	a1,-24(s0)
200013bc:	fec42223          	sw	a2,-28(s0)
200013c0:	fff00793          	li	a5,-1
200013c4:	00078513          	mv	a0,a5
200013c8:	01c12083          	lw	ra,28(sp)
200013cc:	01812403          	lw	s0,24(sp)
200013d0:	02010113          	addi	sp,sp,32
200013d4:	00008067          	ret

200013d8 <_fstat>:
200013d8:	fe010113          	addi	sp,sp,-32
200013dc:	00112e23          	sw	ra,28(sp)
200013e0:	00812c23          	sw	s0,24(sp)
200013e4:	02010413          	addi	s0,sp,32
200013e8:	fea42623          	sw	a0,-20(s0)
200013ec:	feb42423          	sw	a1,-24(s0)
200013f0:	fe842783          	lw	a5,-24(s0)
200013f4:	00002737          	lui	a4,0x2
200013f8:	00e7a223          	sw	a4,4(a5)
200013fc:	00000793          	li	a5,0
20001400:	00078513          	mv	a0,a5
20001404:	01c12083          	lw	ra,28(sp)
20001408:	01812403          	lw	s0,24(sp)
2000140c:	02010113          	addi	sp,sp,32
20001410:	00008067          	ret

20001414 <_lseek>:
20001414:	fe010113          	addi	sp,sp,-32
20001418:	00112e23          	sw	ra,28(sp)
2000141c:	00812c23          	sw	s0,24(sp)
20001420:	02010413          	addi	s0,sp,32
20001424:	fea42623          	sw	a0,-20(s0)
20001428:	feb42423          	sw	a1,-24(s0)
2000142c:	fec42223          	sw	a2,-28(s0)
20001430:	00000793          	li	a5,0
20001434:	00078513          	mv	a0,a5
20001438:	01c12083          	lw	ra,28(sp)
2000143c:	01812403          	lw	s0,24(sp)
20001440:	02010113          	addi	sp,sp,32
20001444:	00008067          	ret

20001448 <_isatty>:
20001448:	fe010113          	addi	sp,sp,-32
2000144c:	00112e23          	sw	ra,28(sp)
20001450:	00812c23          	sw	s0,24(sp)
20001454:	02010413          	addi	s0,sp,32
20001458:	fea42623          	sw	a0,-20(s0)
2000145c:	00000793          	li	a5,0
20001460:	00078513          	mv	a0,a5
20001464:	01c12083          	lw	ra,28(sp)
20001468:	01812403          	lw	s0,24(sp)
2000146c:	02010113          	addi	sp,sp,32
20001470:	00008067          	ret

20001474 <_write>:
20001474:	fd010113          	addi	sp,sp,-48
20001478:	02112623          	sw	ra,44(sp)
2000147c:	02812423          	sw	s0,40(sp)
20001480:	03010413          	addi	s0,sp,48
20001484:	fca42e23          	sw	a0,-36(s0)
20001488:	fcb42c23          	sw	a1,-40(s0)
2000148c:	fcc42a23          	sw	a2,-44(s0)
20001490:	fd442783          	lw	a5,-44(s0)
20001494:	fef42623          	sw	a5,-20(s0)
20001498:	01c0006f          	j	200014b4 <_write+0x40>
2000149c:	fd842783          	lw	a5,-40(s0)
200014a0:	00178713          	addi	a4,a5,1
200014a4:	fce42c23          	sw	a4,-40(s0)
200014a8:	0007c783          	lbu	a5,0(a5)
200014ac:	00078513          	mv	a0,a5
200014b0:	b89ff0ef          	jal	20001038 <_outchar>
200014b4:	fd442783          	lw	a5,-44(s0)
200014b8:	fff78713          	addi	a4,a5,-1
200014bc:	fce42a23          	sw	a4,-44(s0)
200014c0:	fc079ee3          	bnez	a5,2000149c <_write+0x28>
200014c4:	fec42783          	lw	a5,-20(s0)
200014c8:	00078513          	mv	a0,a5
200014cc:	02c12083          	lw	ra,44(sp)
200014d0:	02812403          	lw	s0,40(sp)
200014d4:	03010113          	addi	sp,sp,48
200014d8:	00008067          	ret

200014dc <_read>:
200014dc:	fd010113          	addi	sp,sp,-48
200014e0:	02112623          	sw	ra,44(sp)
200014e4:	02812423          	sw	s0,40(sp)
200014e8:	03010413          	addi	s0,sp,48
200014ec:	fca42e23          	sw	a0,-36(s0)
200014f0:	fcb42c23          	sw	a1,-40(s0)
200014f4:	fcc42a23          	sw	a2,-44(s0)
200014f8:	fe042623          	sw	zero,-20(s0)
200014fc:	addff0ef          	jal	20000fd8 <_tstchar>
20001500:	00050793          	mv	a5,a0
20001504:	fef405a3          	sb	a5,-21(s0)
20001508:	feb44783          	lbu	a5,-21(s0)
2000150c:	02078263          	beqz	a5,20001530 <_read+0x54>
20001510:	fd842783          	lw	a5,-40(s0)
20001514:	00178713          	addi	a4,a5,1
20001518:	fce42c23          	sw	a4,-40(s0)
2000151c:	feb44703          	lbu	a4,-21(s0)
20001520:	00e78023          	sb	a4,0(a5)
20001524:	fec42783          	lw	a5,-20(s0)
20001528:	00178793          	addi	a5,a5,1
2000152c:	fef42623          	sw	a5,-20(s0)
20001530:	fd442703          	lw	a4,-44(s0)
20001534:	fec42783          	lw	a5,-20(s0)
20001538:	fcf712e3          	bne	a4,a5,200014fc <_read+0x20>
2000153c:	fec42783          	lw	a5,-20(s0)
20001540:	00078513          	mv	a0,a5
20001544:	02c12083          	lw	ra,44(sp)
20001548:	02812403          	lw	s0,40(sp)
2000154c:	03010113          	addi	sp,sp,48
20001550:	00008067          	ret

20001554 <_getpid>:
20001554:	ff010113          	addi	sp,sp,-16
20001558:	00112623          	sw	ra,12(sp)
2000155c:	00812423          	sw	s0,8(sp)
20001560:	01010413          	addi	s0,sp,16
20001564:	00000793          	li	a5,0
20001568:	00078513          	mv	a0,a5
2000156c:	00c12083          	lw	ra,12(sp)
20001570:	00812403          	lw	s0,8(sp)
20001574:	01010113          	addi	sp,sp,16
20001578:	00008067          	ret

2000157c <_kill>:
2000157c:	fe010113          	addi	sp,sp,-32
20001580:	00112e23          	sw	ra,28(sp)
20001584:	00812c23          	sw	s0,24(sp)
20001588:	02010413          	addi	s0,sp,32
2000158c:	fea42623          	sw	a0,-20(s0)
20001590:	feb42423          	sw	a1,-24(s0)
20001594:	00000793          	li	a5,0
20001598:	00078513          	mv	a0,a5
2000159c:	01c12083          	lw	ra,28(sp)
200015a0:	01812403          	lw	s0,24(sp)
200015a4:	02010113          	addi	sp,sp,32
200015a8:	00008067          	ret

200015ac <__udivdi3>:
200015ac:	00060813          	mv	a6,a2
200015b0:	00050793          	mv	a5,a0
200015b4:	00058893          	mv	a7,a1
200015b8:	0c069c63          	bnez	a3,20001690 <__udivdi3+0xe4>
200015bc:	22c5fa63          	bgeu	a1,a2,200017f0 <__udivdi3+0x244>
200015c0:	00010737          	lui	a4,0x10
200015c4:	36e66863          	bltu	a2,a4,20001934 <__udivdi3+0x388>
200015c8:	01000737          	lui	a4,0x1000
200015cc:	01800313          	li	t1,24
200015d0:	00e67463          	bgeu	a2,a4,200015d8 <__udivdi3+0x2c>
200015d4:	01000313          	li	t1,16
200015d8:	20004737          	lui	a4,0x20004
200015dc:	006656b3          	srl	a3,a2,t1
200015e0:	50070713          	addi	a4,a4,1280 # 20004500 <__clz_tab>
200015e4:	00d70733          	add	a4,a4,a3
200015e8:	00074703          	lbu	a4,0(a4)
200015ec:	02000693          	li	a3,32
200015f0:	00670733          	add	a4,a4,t1
200015f4:	00d70e63          	beq	a4,a3,20001610 <__udivdi3+0x64>
200015f8:	40e686b3          	sub	a3,a3,a4
200015fc:	00d598b3          	sll	a7,a1,a3
20001600:	00e55733          	srl	a4,a0,a4
20001604:	00d61833          	sll	a6,a2,a3
20001608:	00d517b3          	sll	a5,a0,a3
2000160c:	011768b3          	or	a7,a4,a7
20001610:	01085613          	srli	a2,a6,0x10
20001614:	02c8d533          	divu	a0,a7,a2
20001618:	01081693          	slli	a3,a6,0x10
2000161c:	0106d693          	srli	a3,a3,0x10
20001620:	0107d713          	srli	a4,a5,0x10
20001624:	02c8f8b3          	remu	a7,a7,a2
20001628:	02a685b3          	mul	a1,a3,a0
2000162c:	01089893          	slli	a7,a7,0x10
20001630:	01176733          	or	a4,a4,a7
20001634:	00b77c63          	bgeu	a4,a1,2000164c <__udivdi3+0xa0>
20001638:	00e808b3          	add	a7,a6,a4
2000163c:	00088713          	mv	a4,a7
20001640:	00b8f463          	bgeu	a7,a1,20001648 <__udivdi3+0x9c>
20001644:	3908f463          	bgeu	a7,a6,200019cc <__udivdi3+0x420>
20001648:	fff50513          	addi	a0,a0,-1
2000164c:	40b70733          	sub	a4,a4,a1
20001650:	02c755b3          	divu	a1,a4,a2
20001654:	01079793          	slli	a5,a5,0x10
20001658:	0107d793          	srli	a5,a5,0x10
2000165c:	02c77733          	remu	a4,a4,a2
20001660:	02b686b3          	mul	a3,a3,a1
20001664:	01071713          	slli	a4,a4,0x10
20001668:	00e7e7b3          	or	a5,a5,a4
2000166c:	00d7fa63          	bgeu	a5,a3,20001680 <__udivdi3+0xd4>
20001670:	00f807b3          	add	a5,a6,a5
20001674:	00d7f463          	bgeu	a5,a3,2000167c <__udivdi3+0xd0>
20001678:	3507f663          	bgeu	a5,a6,200019c4 <__udivdi3+0x418>
2000167c:	fff58593          	addi	a1,a1,-1
20001680:	01051513          	slli	a0,a0,0x10
20001684:	00b56533          	or	a0,a0,a1
20001688:	00000593          	li	a1,0
2000168c:	00008067          	ret
20001690:	00d5f863          	bgeu	a1,a3,200016a0 <__udivdi3+0xf4>
20001694:	00000593          	li	a1,0
20001698:	00000513          	li	a0,0
2000169c:	00008067          	ret
200016a0:	000107b7          	lui	a5,0x10
200016a4:	2af6e663          	bltu	a3,a5,20001950 <__udivdi3+0x3a4>
200016a8:	010007b7          	lui	a5,0x1000
200016ac:	01800713          	li	a4,24
200016b0:	00f6f463          	bgeu	a3,a5,200016b8 <__udivdi3+0x10c>
200016b4:	01000713          	li	a4,16
200016b8:	200047b7          	lui	a5,0x20004
200016bc:	00e6d833          	srl	a6,a3,a4
200016c0:	50078793          	addi	a5,a5,1280 # 20004500 <__clz_tab>
200016c4:	010787b3          	add	a5,a5,a6
200016c8:	0007c783          	lbu	a5,0(a5)
200016cc:	02000813          	li	a6,32
200016d0:	00e787b3          	add	a5,a5,a4
200016d4:	29078663          	beq	a5,a6,20001960 <__udivdi3+0x3b4>
200016d8:	40f80833          	sub	a6,a6,a5
200016dc:	00f658b3          	srl	a7,a2,a5
200016e0:	010696b3          	sll	a3,a3,a6
200016e4:	00d8e8b3          	or	a7,a7,a3
200016e8:	00f5d333          	srl	t1,a1,a5
200016ec:	0108de93          	srli	t4,a7,0x10
200016f0:	03d356b3          	divu	a3,t1,t4
200016f4:	01089e13          	slli	t3,a7,0x10
200016f8:	010595b3          	sll	a1,a1,a6
200016fc:	010e5e13          	srli	t3,t3,0x10
20001700:	00f557b3          	srl	a5,a0,a5
20001704:	00b7e7b3          	or	a5,a5,a1
20001708:	0107d713          	srli	a4,a5,0x10
2000170c:	01061633          	sll	a2,a2,a6
20001710:	03d37333          	remu	t1,t1,t4
20001714:	02de05b3          	mul	a1,t3,a3
20001718:	01031313          	slli	t1,t1,0x10
2000171c:	00676733          	or	a4,a4,t1
20001720:	00b77c63          	bgeu	a4,a1,20001738 <__udivdi3+0x18c>
20001724:	00e88333          	add	t1,a7,a4
20001728:	00030713          	mv	a4,t1
2000172c:	00b37463          	bgeu	t1,a1,20001734 <__udivdi3+0x188>
20001730:	2d137c63          	bgeu	t1,a7,20001a08 <__udivdi3+0x45c>
20001734:	fff68693          	addi	a3,a3,-1
20001738:	40b70733          	sub	a4,a4,a1
2000173c:	03d75333          	divu	t1,a4,t4
20001740:	01079793          	slli	a5,a5,0x10
20001744:	0107d793          	srli	a5,a5,0x10
20001748:	03d77733          	remu	a4,a4,t4
2000174c:	026e05b3          	mul	a1,t3,t1
20001750:	01071713          	slli	a4,a4,0x10
20001754:	00e7e7b3          	or	a5,a5,a4
20001758:	00b7fc63          	bgeu	a5,a1,20001770 <__udivdi3+0x1c4>
2000175c:	00f88733          	add	a4,a7,a5
20001760:	00070793          	mv	a5,a4
20001764:	00b77463          	bgeu	a4,a1,2000176c <__udivdi3+0x1c0>
20001768:	29177463          	bgeu	a4,a7,200019f0 <__udivdi3+0x444>
2000176c:	fff30313          	addi	t1,t1,-1
20001770:	01069693          	slli	a3,a3,0x10
20001774:	0066e6b3          	or	a3,a3,t1
20001778:	01061893          	slli	a7,a2,0x10
2000177c:	01069713          	slli	a4,a3,0x10
20001780:	01075713          	srli	a4,a4,0x10
20001784:	0108d893          	srli	a7,a7,0x10
20001788:	01065613          	srli	a2,a2,0x10
2000178c:	0106d313          	srli	t1,a3,0x10
20001790:	03170e33          	mul	t3,a4,a7
20001794:	40b787b3          	sub	a5,a5,a1
20001798:	031308b3          	mul	a7,t1,a7
2000179c:	02c705b3          	mul	a1,a4,a2
200017a0:	010e5713          	srli	a4,t3,0x10
200017a4:	011585b3          	add	a1,a1,a7
200017a8:	00b70733          	add	a4,a4,a1
200017ac:	02c30333          	mul	t1,t1,a2
200017b0:	01177663          	bgeu	a4,a7,200017bc <__udivdi3+0x210>
200017b4:	00010637          	lui	a2,0x10
200017b8:	00c30333          	add	t1,t1,a2
200017bc:	01075613          	srli	a2,a4,0x10
200017c0:	00660633          	add	a2,a2,t1
200017c4:	02c7e063          	bltu	a5,a2,200017e4 <__udivdi3+0x238>
200017c8:	010e1e13          	slli	t3,t3,0x10
200017cc:	010e5e13          	srli	t3,t3,0x10
200017d0:	01071713          	slli	a4,a4,0x10
200017d4:	01051533          	sll	a0,a0,a6
200017d8:	01c70733          	add	a4,a4,t3
200017dc:	1ee57e63          	bgeu	a0,a4,200019d8 <__udivdi3+0x42c>
200017e0:	1ec79c63          	bne	a5,a2,200019d8 <__udivdi3+0x42c>
200017e4:	fff68513          	addi	a0,a3,-1
200017e8:	00000593          	li	a1,0
200017ec:	00008067          	ret
200017f0:	14060a63          	beqz	a2,20001944 <__udivdi3+0x398>
200017f4:	00010737          	lui	a4,0x10
200017f8:	18e67c63          	bgeu	a2,a4,20001990 <__udivdi3+0x3e4>
200017fc:	10063893          	sltiu	a7,a2,256
20001800:	0018b893          	seqz	a7,a7
20001804:	00389893          	slli	a7,a7,0x3
20001808:	011656b3          	srl	a3,a2,a7
2000180c:	20004737          	lui	a4,0x20004
20001810:	50070713          	addi	a4,a4,1280 # 20004500 <__clz_tab>
20001814:	00d70733          	add	a4,a4,a3
20001818:	00074703          	lbu	a4,0(a4)
2000181c:	02000693          	li	a3,32
20001820:	01170733          	add	a4,a4,a7
20001824:	14d70a63          	beq	a4,a3,20001978 <__udivdi3+0x3cc>
20001828:	40e687b3          	sub	a5,a3,a4
2000182c:	00f61833          	sll	a6,a2,a5
20001830:	00e5d333          	srl	t1,a1,a4
20001834:	01085893          	srli	a7,a6,0x10
20001838:	03135e33          	divu	t3,t1,a7
2000183c:	01081613          	slli	a2,a6,0x10
20001840:	00f595b3          	sll	a1,a1,a5
20001844:	01065613          	srli	a2,a2,0x10
20001848:	00e55733          	srl	a4,a0,a4
2000184c:	00b76733          	or	a4,a4,a1
20001850:	01075693          	srli	a3,a4,0x10
20001854:	00f517b3          	sll	a5,a0,a5
20001858:	03137333          	remu	t1,t1,a7
2000185c:	03c605b3          	mul	a1,a2,t3
20001860:	01031313          	slli	t1,t1,0x10
20001864:	0066e6b3          	or	a3,a3,t1
20001868:	00b6fc63          	bgeu	a3,a1,20001880 <__udivdi3+0x2d4>
2000186c:	00d80533          	add	a0,a6,a3
20001870:	00050693          	mv	a3,a0
20001874:	00b57463          	bgeu	a0,a1,2000187c <__udivdi3+0x2d0>
20001878:	17057663          	bgeu	a0,a6,200019e4 <__udivdi3+0x438>
2000187c:	fffe0e13          	addi	t3,t3,-1
20001880:	40b686b3          	sub	a3,a3,a1
20001884:	0316d533          	divu	a0,a3,a7
20001888:	01071713          	slli	a4,a4,0x10
2000188c:	01075713          	srli	a4,a4,0x10
20001890:	0316f6b3          	remu	a3,a3,a7
20001894:	02a60333          	mul	t1,a2,a0
20001898:	01069693          	slli	a3,a3,0x10
2000189c:	00d76733          	or	a4,a4,a3
200018a0:	00677c63          	bgeu	a4,t1,200018b8 <__udivdi3+0x30c>
200018a4:	00e806b3          	add	a3,a6,a4
200018a8:	00068713          	mv	a4,a3
200018ac:	0066f463          	bgeu	a3,t1,200018b4 <__udivdi3+0x308>
200018b0:	1506f663          	bgeu	a3,a6,200019fc <__udivdi3+0x450>
200018b4:	fff50513          	addi	a0,a0,-1
200018b8:	010e1593          	slli	a1,t3,0x10
200018bc:	00a5e5b3          	or	a1,a1,a0
200018c0:	40670733          	sub	a4,a4,t1
200018c4:	03175533          	divu	a0,a4,a7
200018c8:	0107d693          	srli	a3,a5,0x10
200018cc:	03177733          	remu	a4,a4,a7
200018d0:	02c50333          	mul	t1,a0,a2
200018d4:	01071713          	slli	a4,a4,0x10
200018d8:	00e6e733          	or	a4,a3,a4
200018dc:	00677c63          	bgeu	a4,t1,200018f4 <__udivdi3+0x348>
200018e0:	00e806b3          	add	a3,a6,a4
200018e4:	00068713          	mv	a4,a3
200018e8:	0066f463          	bgeu	a3,t1,200018f0 <__udivdi3+0x344>
200018ec:	0d06f663          	bgeu	a3,a6,200019b8 <__udivdi3+0x40c>
200018f0:	fff50513          	addi	a0,a0,-1
200018f4:	40670733          	sub	a4,a4,t1
200018f8:	031756b3          	divu	a3,a4,a7
200018fc:	01079793          	slli	a5,a5,0x10
20001900:	0107d793          	srli	a5,a5,0x10
20001904:	03177733          	remu	a4,a4,a7
20001908:	02c68633          	mul	a2,a3,a2
2000190c:	01071713          	slli	a4,a4,0x10
20001910:	00e7e7b3          	or	a5,a5,a4
20001914:	00c7fa63          	bgeu	a5,a2,20001928 <__udivdi3+0x37c>
20001918:	00f807b3          	add	a5,a6,a5
2000191c:	00c7f463          	bgeu	a5,a2,20001924 <__udivdi3+0x378>
20001920:	0907f863          	bgeu	a5,a6,200019b0 <__udivdi3+0x404>
20001924:	fff68693          	addi	a3,a3,-1
20001928:	01051513          	slli	a0,a0,0x10
2000192c:	00d56533          	or	a0,a0,a3
20001930:	00008067          	ret
20001934:	10063313          	sltiu	t1,a2,256
20001938:	00133313          	seqz	t1,t1
2000193c:	00331313          	slli	t1,t1,0x3
20001940:	c99ff06f          	j	200015d8 <__udivdi3+0x2c>
20001944:	00000693          	li	a3,0
20001948:	00000893          	li	a7,0
2000194c:	ec1ff06f          	j	2000180c <__udivdi3+0x260>
20001950:	1006b713          	sltiu	a4,a3,256
20001954:	00173713          	seqz	a4,a4
20001958:	00371713          	slli	a4,a4,0x3
2000195c:	d5dff06f          	j	200016b8 <__udivdi3+0x10c>
20001960:	00c53633          	sltu	a2,a0,a2
20001964:	00b6b6b3          	sltu	a3,a3,a1
20001968:	00163613          	seqz	a2,a2
2000196c:	00c6e533          	or	a0,a3,a2
20001970:	00000593          	li	a1,0
20001974:	00008067          	ret
20001978:	40c58733          	sub	a4,a1,a2
2000197c:	01065893          	srli	a7,a2,0x10
20001980:	01061613          	slli	a2,a2,0x10
20001984:	01065613          	srli	a2,a2,0x10
20001988:	00100593          	li	a1,1
2000198c:	f39ff06f          	j	200018c4 <__udivdi3+0x318>
20001990:	01000737          	lui	a4,0x1000
20001994:	00e67863          	bgeu	a2,a4,200019a4 <__udivdi3+0x3f8>
20001998:	01065693          	srli	a3,a2,0x10
2000199c:	01000893          	li	a7,16
200019a0:	e6dff06f          	j	2000180c <__udivdi3+0x260>
200019a4:	01865693          	srli	a3,a2,0x18
200019a8:	01800893          	li	a7,24
200019ac:	e61ff06f          	j	2000180c <__udivdi3+0x260>
200019b0:	ffe68693          	addi	a3,a3,-2
200019b4:	f75ff06f          	j	20001928 <__udivdi3+0x37c>
200019b8:	ffe50513          	addi	a0,a0,-2
200019bc:	01068733          	add	a4,a3,a6
200019c0:	f35ff06f          	j	200018f4 <__udivdi3+0x348>
200019c4:	ffe58593          	addi	a1,a1,-2
200019c8:	cb9ff06f          	j	20001680 <__udivdi3+0xd4>
200019cc:	ffe50513          	addi	a0,a0,-2
200019d0:	01088733          	add	a4,a7,a6
200019d4:	c79ff06f          	j	2000164c <__udivdi3+0xa0>
200019d8:	00068513          	mv	a0,a3
200019dc:	00000593          	li	a1,0
200019e0:	00008067          	ret
200019e4:	ffee0e13          	addi	t3,t3,-2
200019e8:	010506b3          	add	a3,a0,a6
200019ec:	e95ff06f          	j	20001880 <__udivdi3+0x2d4>
200019f0:	ffe30313          	addi	t1,t1,-2
200019f4:	011707b3          	add	a5,a4,a7
200019f8:	d79ff06f          	j	20001770 <__udivdi3+0x1c4>
200019fc:	ffe50513          	addi	a0,a0,-2
20001a00:	01068733          	add	a4,a3,a6
20001a04:	eb5ff06f          	j	200018b8 <__udivdi3+0x30c>
20001a08:	ffe68693          	addi	a3,a3,-2
20001a0c:	01130733          	add	a4,t1,a7
20001a10:	d29ff06f          	j	20001738 <__udivdi3+0x18c>

20001a14 <__umoddi3>:
20001a14:	00060813          	mv	a6,a2
20001a18:	00050893          	mv	a7,a0
20001a1c:	00058313          	mv	t1,a1
20001a20:	00058713          	mv	a4,a1
20001a24:	0e069a63          	bnez	a3,20001b18 <__umoddi3+0x104>
20001a28:	26c5fe63          	bgeu	a1,a2,20001ca4 <__umoddi3+0x290>
20001a2c:	000107b7          	lui	a5,0x10
20001a30:	3ef66463          	bltu	a2,a5,20001e18 <__umoddi3+0x404>
20001a34:	010007b7          	lui	a5,0x1000
20001a38:	01800693          	li	a3,24
20001a3c:	00f67463          	bgeu	a2,a5,20001a44 <__umoddi3+0x30>
20001a40:	01000693          	li	a3,16
20001a44:	200047b7          	lui	a5,0x20004
20001a48:	00d65333          	srl	t1,a2,a3
20001a4c:	50078793          	addi	a5,a5,1280 # 20004500 <__clz_tab>
20001a50:	006787b3          	add	a5,a5,t1
20001a54:	0007c783          	lbu	a5,0(a5)
20001a58:	02000313          	li	t1,32
20001a5c:	00d787b3          	add	a5,a5,a3
20001a60:	40f306b3          	sub	a3,t1,a5
20001a64:	00678c63          	beq	a5,t1,20001a7c <__umoddi3+0x68>
20001a68:	00d59733          	sll	a4,a1,a3
20001a6c:	00f557b3          	srl	a5,a0,a5
20001a70:	00e7e733          	or	a4,a5,a4
20001a74:	00d61833          	sll	a6,a2,a3
20001a78:	00d518b3          	sll	a7,a0,a3
20001a7c:	01085593          	srli	a1,a6,0x10
20001a80:	02b75633          	divu	a2,a4,a1
20001a84:	01081313          	slli	t1,a6,0x10
20001a88:	01035313          	srli	t1,t1,0x10
20001a8c:	0108d793          	srli	a5,a7,0x10
20001a90:	02b77733          	remu	a4,a4,a1
20001a94:	02660633          	mul	a2,a2,t1
20001a98:	01071713          	slli	a4,a4,0x10
20001a9c:	00e7e7b3          	or	a5,a5,a4
20001aa0:	02c7f263          	bgeu	a5,a2,20001ac4 <__umoddi3+0xb0>
20001aa4:	00f807b3          	add	a5,a6,a5
20001aa8:	0107b533          	sltu	a0,a5,a6
20001aac:	00c7b733          	sltu	a4,a5,a2
20001ab0:	00153513          	seqz	a0,a0
20001ab4:	00a77733          	and	a4,a4,a0
20001ab8:	40e00733          	neg	a4,a4
20001abc:	01077733          	and	a4,a4,a6
20001ac0:	00f707b3          	add	a5,a4,a5
20001ac4:	40c787b3          	sub	a5,a5,a2
20001ac8:	02b7d733          	divu	a4,a5,a1
20001acc:	01089513          	slli	a0,a7,0x10
20001ad0:	01055513          	srli	a0,a0,0x10
20001ad4:	02b7f7b3          	remu	a5,a5,a1
20001ad8:	02670733          	mul	a4,a4,t1
20001adc:	01079793          	slli	a5,a5,0x10
20001ae0:	00f56533          	or	a0,a0,a5
20001ae4:	02e57263          	bgeu	a0,a4,20001b08 <__umoddi3+0xf4>
20001ae8:	00a80533          	add	a0,a6,a0
20001aec:	01053633          	sltu	a2,a0,a6
20001af0:	00e537b3          	sltu	a5,a0,a4
20001af4:	00163613          	seqz	a2,a2
20001af8:	00c7f7b3          	and	a5,a5,a2
20001afc:	40f007b3          	neg	a5,a5
20001b00:	0107f7b3          	and	a5,a5,a6
20001b04:	00a78533          	add	a0,a5,a0
20001b08:	40e50533          	sub	a0,a0,a4
20001b0c:	00d55533          	srl	a0,a0,a3
20001b10:	00000593          	li	a1,0
20001b14:	00008067          	ret
20001b18:	00050e13          	mv	t3,a0
20001b1c:	00d5f463          	bgeu	a1,a3,20001b24 <__umoddi3+0x110>
20001b20:	00008067          	ret
20001b24:	000107b7          	lui	a5,0x10
20001b28:	30f6e663          	bltu	a3,a5,20001e34 <__umoddi3+0x420>
20001b2c:	010007b7          	lui	a5,0x1000
20001b30:	01800713          	li	a4,24
20001b34:	00f6f463          	bgeu	a3,a5,20001b3c <__umoddi3+0x128>
20001b38:	01000713          	li	a4,16
20001b3c:	200047b7          	lui	a5,0x20004
20001b40:	00e6d833          	srl	a6,a3,a4
20001b44:	50078793          	addi	a5,a5,1280 # 20004500 <__clz_tab>
20001b48:	010787b3          	add	a5,a5,a6
20001b4c:	0007c883          	lbu	a7,0(a5)
20001b50:	02000813          	li	a6,32
20001b54:	00e888b3          	add	a7,a7,a4
20001b58:	2f088663          	beq	a7,a6,20001e44 <__umoddi3+0x430>
20001b5c:	41180833          	sub	a6,a6,a7
20001b60:	010696b3          	sll	a3,a3,a6
20001b64:	01165333          	srl	t1,a2,a7
20001b68:	00d36333          	or	t1,t1,a3
20001b6c:	0115deb3          	srl	t4,a1,a7
20001b70:	01035f93          	srli	t6,t1,0x10
20001b74:	03fed7b3          	divu	a5,t4,t6
20001b78:	01031f13          	slli	t5,t1,0x10
20001b7c:	010595b3          	sll	a1,a1,a6
20001b80:	010f5f13          	srli	t5,t5,0x10
20001b84:	011556b3          	srl	a3,a0,a7
20001b88:	00b6e6b3          	or	a3,a3,a1
20001b8c:	0106d713          	srli	a4,a3,0x10
20001b90:	01061633          	sll	a2,a2,a6
20001b94:	01051e33          	sll	t3,a0,a6
20001b98:	03fefeb3          	remu	t4,t4,t6
20001b9c:	02ff05b3          	mul	a1,t5,a5
20001ba0:	010e9e93          	slli	t4,t4,0x10
20001ba4:	01d76733          	or	a4,a4,t4
20001ba8:	00b77c63          	bgeu	a4,a1,20001bc0 <__umoddi3+0x1ac>
20001bac:	00e30533          	add	a0,t1,a4
20001bb0:	00050713          	mv	a4,a0
20001bb4:	00b57463          	bgeu	a0,a1,20001bbc <__umoddi3+0x1a8>
20001bb8:	2e657a63          	bgeu	a0,t1,20001eac <__umoddi3+0x498>
20001bbc:	fff78793          	addi	a5,a5,-1
20001bc0:	40b70733          	sub	a4,a4,a1
20001bc4:	03f75533          	divu	a0,a4,t6
20001bc8:	01069693          	slli	a3,a3,0x10
20001bcc:	0106d693          	srli	a3,a3,0x10
20001bd0:	03f77733          	remu	a4,a4,t6
20001bd4:	02af05b3          	mul	a1,t5,a0
20001bd8:	01071713          	slli	a4,a4,0x10
20001bdc:	00e6e733          	or	a4,a3,a4
20001be0:	00b77c63          	bgeu	a4,a1,20001bf8 <__umoddi3+0x1e4>
20001be4:	00e306b3          	add	a3,t1,a4
20001be8:	00068713          	mv	a4,a3
20001bec:	00b6f463          	bgeu	a3,a1,20001bf4 <__umoddi3+0x1e0>
20001bf0:	2a66f863          	bgeu	a3,t1,20001ea0 <__umoddi3+0x48c>
20001bf4:	fff50513          	addi	a0,a0,-1
20001bf8:	01079793          	slli	a5,a5,0x10
20001bfc:	00a7e7b3          	or	a5,a5,a0
20001c00:	40b70733          	sub	a4,a4,a1
20001c04:	01061693          	slli	a3,a2,0x10
20001c08:	01079593          	slli	a1,a5,0x10
20001c0c:	0105d593          	srli	a1,a1,0x10
20001c10:	0106d693          	srli	a3,a3,0x10
20001c14:	0107d793          	srli	a5,a5,0x10
20001c18:	01065f13          	srli	t5,a2,0x10
20001c1c:	02d58eb3          	mul	t4,a1,a3
20001c20:	02d786b3          	mul	a3,a5,a3
20001c24:	010ed513          	srli	a0,t4,0x10
20001c28:	03e585b3          	mul	a1,a1,t5
20001c2c:	00d585b3          	add	a1,a1,a3
20001c30:	00b50533          	add	a0,a0,a1
20001c34:	03e787b3          	mul	a5,a5,t5
20001c38:	00d57663          	bgeu	a0,a3,20001c44 <__umoddi3+0x230>
20001c3c:	000106b7          	lui	a3,0x10
20001c40:	00d787b3          	add	a5,a5,a3
20001c44:	01055693          	srli	a3,a0,0x10
20001c48:	010e9e93          	slli	t4,t4,0x10
20001c4c:	010ede93          	srli	t4,t4,0x10
20001c50:	01051513          	slli	a0,a0,0x10
20001c54:	00f687b3          	add	a5,a3,a5
20001c58:	01d50533          	add	a0,a0,t4
20001c5c:	00f76863          	bltu	a4,a5,20001c6c <__umoddi3+0x258>
20001c60:	40f705b3          	sub	a1,a4,a5
20001c64:	02059063          	bnez	a1,20001c84 <__umoddi3+0x270>
20001c68:	00ae7e63          	bgeu	t3,a0,20001c84 <__umoddi3+0x270>
20001c6c:	40c50633          	sub	a2,a0,a2
20001c70:	00c53533          	sltu	a0,a0,a2
20001c74:	00650533          	add	a0,a0,t1
20001c78:	40a787b3          	sub	a5,a5,a0
20001c7c:	40f705b3          	sub	a1,a4,a5
20001c80:	00060513          	mv	a0,a2
20001c84:	40ae0533          	sub	a0,t3,a0
20001c88:	00ae3e33          	sltu	t3,t3,a0
20001c8c:	41c585b3          	sub	a1,a1,t3
20001c90:	011598b3          	sll	a7,a1,a7
20001c94:	01055533          	srl	a0,a0,a6
20001c98:	0105d5b3          	srl	a1,a1,a6
20001c9c:	00a8e533          	or	a0,a7,a0
20001ca0:	00008067          	ret
20001ca4:	18060263          	beqz	a2,20001e28 <__umoddi3+0x414>
20001ca8:	000107b7          	lui	a5,0x10
20001cac:	1cf67063          	bgeu	a2,a5,20001e6c <__umoddi3+0x458>
20001cb0:	10063713          	sltiu	a4,a2,256
20001cb4:	00173713          	seqz	a4,a4
20001cb8:	00371713          	slli	a4,a4,0x3
20001cbc:	00e656b3          	srl	a3,a2,a4
20001cc0:	200047b7          	lui	a5,0x20004
20001cc4:	50078793          	addi	a5,a5,1280 # 20004500 <__clz_tab>
20001cc8:	00d787b3          	add	a5,a5,a3
20001ccc:	0007c783          	lbu	a5,0(a5)
20001cd0:	02000313          	li	t1,32
20001cd4:	00e787b3          	add	a5,a5,a4
20001cd8:	40f306b3          	sub	a3,t1,a5
20001cdc:	16678e63          	beq	a5,t1,20001e58 <__umoddi3+0x444>
20001ce0:	00d61833          	sll	a6,a2,a3
20001ce4:	00f5de33          	srl	t3,a1,a5
20001ce8:	01085313          	srli	t1,a6,0x10
20001cec:	026e5eb3          	divu	t4,t3,t1
20001cf0:	01081613          	slli	a2,a6,0x10
20001cf4:	00d595b3          	sll	a1,a1,a3
20001cf8:	00f55733          	srl	a4,a0,a5
20001cfc:	01065613          	srli	a2,a2,0x10
20001d00:	00b76733          	or	a4,a4,a1
20001d04:	01075793          	srli	a5,a4,0x10
20001d08:	00d518b3          	sll	a7,a0,a3
20001d0c:	026e7e33          	remu	t3,t3,t1
20001d10:	02ce85b3          	mul	a1,t4,a2
20001d14:	010e1e13          	slli	t3,t3,0x10
20001d18:	01c7e7b3          	or	a5,a5,t3
20001d1c:	02b7f263          	bgeu	a5,a1,20001d40 <__umoddi3+0x32c>
20001d20:	00f807b3          	add	a5,a6,a5
20001d24:	0107be33          	sltu	t3,a5,a6
20001d28:	00b7b533          	sltu	a0,a5,a1
20001d2c:	001e3e13          	seqz	t3,t3
20001d30:	01c57533          	and	a0,a0,t3
20001d34:	40a00533          	neg	a0,a0
20001d38:	01057533          	and	a0,a0,a6
20001d3c:	00f507b3          	add	a5,a0,a5
20001d40:	40b787b3          	sub	a5,a5,a1
20001d44:	0267d5b3          	divu	a1,a5,t1
20001d48:	01071713          	slli	a4,a4,0x10
20001d4c:	01075713          	srli	a4,a4,0x10
20001d50:	0267f7b3          	remu	a5,a5,t1
20001d54:	02c585b3          	mul	a1,a1,a2
20001d58:	01079793          	slli	a5,a5,0x10
20001d5c:	00f76733          	or	a4,a4,a5
20001d60:	02b77263          	bgeu	a4,a1,20001d84 <__umoddi3+0x370>
20001d64:	00e80733          	add	a4,a6,a4
20001d68:	01073533          	sltu	a0,a4,a6
20001d6c:	00b737b3          	sltu	a5,a4,a1
20001d70:	00153513          	seqz	a0,a0
20001d74:	00a7f7b3          	and	a5,a5,a0
20001d78:	40f007b3          	neg	a5,a5
20001d7c:	0107f7b3          	and	a5,a5,a6
20001d80:	00e78733          	add	a4,a5,a4
20001d84:	40b70733          	sub	a4,a4,a1
20001d88:	026755b3          	divu	a1,a4,t1
20001d8c:	0108d793          	srli	a5,a7,0x10
20001d90:	02677733          	remu	a4,a4,t1
20001d94:	02c585b3          	mul	a1,a1,a2
20001d98:	01071713          	slli	a4,a4,0x10
20001d9c:	00e7e7b3          	or	a5,a5,a4
20001da0:	02b7f263          	bgeu	a5,a1,20001dc4 <__umoddi3+0x3b0>
20001da4:	00f807b3          	add	a5,a6,a5
20001da8:	0107b533          	sltu	a0,a5,a6
20001dac:	00b7b733          	sltu	a4,a5,a1
20001db0:	00153513          	seqz	a0,a0
20001db4:	00a77733          	and	a4,a4,a0
20001db8:	40e00733          	neg	a4,a4
20001dbc:	01077733          	and	a4,a4,a6
20001dc0:	00f707b3          	add	a5,a4,a5
20001dc4:	40b787b3          	sub	a5,a5,a1
20001dc8:	0267d733          	divu	a4,a5,t1
20001dcc:	01089893          	slli	a7,a7,0x10
20001dd0:	0108d893          	srli	a7,a7,0x10
20001dd4:	0267f533          	remu	a0,a5,t1
20001dd8:	02c707b3          	mul	a5,a4,a2
20001ddc:	01051513          	slli	a0,a0,0x10
20001de0:	00a8e533          	or	a0,a7,a0
20001de4:	02f57263          	bgeu	a0,a5,20001e08 <__umoddi3+0x3f4>
20001de8:	00a80533          	add	a0,a6,a0
20001dec:	01053633          	sltu	a2,a0,a6
20001df0:	00f53733          	sltu	a4,a0,a5
20001df4:	00163613          	seqz	a2,a2
20001df8:	00c77733          	and	a4,a4,a2
20001dfc:	40e00733          	neg	a4,a4
20001e00:	01077733          	and	a4,a4,a6
20001e04:	00a70533          	add	a0,a4,a0
20001e08:	40f50533          	sub	a0,a0,a5
20001e0c:	00d55533          	srl	a0,a0,a3
20001e10:	00000593          	li	a1,0
20001e14:	00008067          	ret
20001e18:	10063693          	sltiu	a3,a2,256
20001e1c:	0016b693          	seqz	a3,a3
20001e20:	00369693          	slli	a3,a3,0x3
20001e24:	c21ff06f          	j	20001a44 <__umoddi3+0x30>
20001e28:	00000693          	li	a3,0
20001e2c:	00000713          	li	a4,0
20001e30:	e91ff06f          	j	20001cc0 <__umoddi3+0x2ac>
20001e34:	1006b713          	sltiu	a4,a3,256
20001e38:	00173713          	seqz	a4,a4
20001e3c:	00371713          	slli	a4,a4,0x3
20001e40:	cfdff06f          	j	20001b3c <__umoddi3+0x128>
20001e44:	04b6e463          	bltu	a3,a1,20001e8c <__umoddi3+0x478>
20001e48:	04c57263          	bgeu	a0,a2,20001e8c <__umoddi3+0x478>
20001e4c:	000e0513          	mv	a0,t3
20001e50:	00030593          	mv	a1,t1
20001e54:	00008067          	ret
20001e58:	40c58733          	sub	a4,a1,a2
20001e5c:	01065313          	srli	t1,a2,0x10
20001e60:	01061613          	slli	a2,a2,0x10
20001e64:	01065613          	srli	a2,a2,0x10
20001e68:	f21ff06f          	j	20001d88 <__umoddi3+0x374>
20001e6c:	010007b7          	lui	a5,0x1000
20001e70:	00f67863          	bgeu	a2,a5,20001e80 <__umoddi3+0x46c>
20001e74:	01065693          	srli	a3,a2,0x10
20001e78:	01000713          	li	a4,16
20001e7c:	e45ff06f          	j	20001cc0 <__umoddi3+0x2ac>
20001e80:	01865693          	srli	a3,a2,0x18
20001e84:	01800713          	li	a4,24
20001e88:	e39ff06f          	j	20001cc0 <__umoddi3+0x2ac>
20001e8c:	40c50e33          	sub	t3,a0,a2
20001e90:	01c53333          	sltu	t1,a0,t3
20001e94:	40d586b3          	sub	a3,a1,a3
20001e98:	40668333          	sub	t1,a3,t1
20001e9c:	fb1ff06f          	j	20001e4c <__umoddi3+0x438>
20001ea0:	ffe50513          	addi	a0,a0,-2
20001ea4:	00668733          	add	a4,a3,t1
20001ea8:	d51ff06f          	j	20001bf8 <__umoddi3+0x1e4>
20001eac:	ffe78793          	addi	a5,a5,-2 # fffffe <_start-0x1f000002>
20001eb0:	00650733          	add	a4,a0,t1
20001eb4:	d0dff06f          	j	20001bc0 <__umoddi3+0x1ac>

20001eb8 <__sflush_r>:
20001eb8:	00c59783          	lh	a5,12(a1)
20001ebc:	fe010113          	addi	sp,sp,-32
20001ec0:	00812c23          	sw	s0,24(sp)
20001ec4:	00912a23          	sw	s1,20(sp)
20001ec8:	00112e23          	sw	ra,28(sp)
20001ecc:	01212823          	sw	s2,16(sp)
20001ed0:	0087f713          	andi	a4,a5,8
20001ed4:	00050493          	mv	s1,a0
20001ed8:	00058413          	mv	s0,a1
20001edc:	12071263          	bnez	a4,20002000 <__sflush_r+0x148>
20001ee0:	0045a703          	lw	a4,4(a1)
20001ee4:	00e04663          	bgtz	a4,20001ef0 <__sflush_r+0x38>
20001ee8:	0405a703          	lw	a4,64(a1)
20001eec:	10e05663          	blez	a4,20001ff8 <__sflush_r+0x140>
20001ef0:	02c42703          	lw	a4,44(s0)
20001ef4:	10070263          	beqz	a4,20001ff8 <__sflush_r+0x140>
20001ef8:	0004a903          	lw	s2,0(s1)
20001efc:	01379693          	slli	a3,a5,0x13
20001f00:	0004a023          	sw	zero,0(s1)
20001f04:	0a06dc63          	bgez	a3,20001fbc <__sflush_r+0x104>
20001f08:	05442603          	lw	a2,84(s0)
20001f0c:	00c45783          	lhu	a5,12(s0)
20001f10:	0047f793          	andi	a5,a5,4
20001f14:	00078e63          	beqz	a5,20001f30 <__sflush_r+0x78>
20001f18:	00442783          	lw	a5,4(s0)
20001f1c:	40f60633          	sub	a2,a2,a5
20001f20:	03442783          	lw	a5,52(s0)
20001f24:	00078663          	beqz	a5,20001f30 <__sflush_r+0x78>
20001f28:	04042783          	lw	a5,64(s0)
20001f2c:	40f60633          	sub	a2,a2,a5
20001f30:	02c42783          	lw	a5,44(s0)
20001f34:	02042583          	lw	a1,32(s0)
20001f38:	00000693          	li	a3,0
20001f3c:	00048513          	mv	a0,s1
20001f40:	000780e7          	jalr	a5
20001f44:	fff00713          	li	a4,-1
20001f48:	00c41783          	lh	a5,12(s0)
20001f4c:	02e51263          	bne	a0,a4,20001f70 <__sflush_r+0xb8>
20001f50:	0004a683          	lw	a3,0(s1)
20001f54:	01d00713          	li	a4,29
20001f58:	0ed76c63          	bltu	a4,a3,20002050 <__sflush_r+0x198>
20001f5c:	20400737          	lui	a4,0x20400
20001f60:	00170713          	addi	a4,a4,1 # 20400001 <__stack_top+0x3faae5>
20001f64:	00d75733          	srl	a4,a4,a3
20001f68:	00177713          	andi	a4,a4,1
20001f6c:	0e070263          	beqz	a4,20002050 <__sflush_r+0x198>
20001f70:	01042703          	lw	a4,16(s0)
20001f74:	00042223          	sw	zero,4(s0)
20001f78:	00e42023          	sw	a4,0(s0)
20001f7c:	01379713          	slli	a4,a5,0x13
20001f80:	00075c63          	bgez	a4,20001f98 <__sflush_r+0xe0>
20001f84:	fff00793          	li	a5,-1
20001f88:	00f51663          	bne	a0,a5,20001f94 <__sflush_r+0xdc>
20001f8c:	0004a783          	lw	a5,0(s1)
20001f90:	00079463          	bnez	a5,20001f98 <__sflush_r+0xe0>
20001f94:	04a42a23          	sw	a0,84(s0)
20001f98:	03442583          	lw	a1,52(s0)
20001f9c:	0124a023          	sw	s2,0(s1)
20001fa0:	04058c63          	beqz	a1,20001ff8 <__sflush_r+0x140>
20001fa4:	04440793          	addi	a5,s0,68
20001fa8:	00f58663          	beq	a1,a5,20001fb4 <__sflush_r+0xfc>
20001fac:	00048513          	mv	a0,s1
20001fb0:	429000ef          	jal	20002bd8 <_free_r>
20001fb4:	02042a23          	sw	zero,52(s0)
20001fb8:	0400006f          	j	20001ff8 <__sflush_r+0x140>
20001fbc:	02042583          	lw	a1,32(s0)
20001fc0:	00000613          	li	a2,0
20001fc4:	00100693          	li	a3,1
20001fc8:	00048513          	mv	a0,s1
20001fcc:	000700e7          	jalr	a4
20001fd0:	fff00793          	li	a5,-1
20001fd4:	00050613          	mv	a2,a0
20001fd8:	f2f51ae3          	bne	a0,a5,20001f0c <__sflush_r+0x54>
20001fdc:	0004a783          	lw	a5,0(s1)
20001fe0:	f20786e3          	beqz	a5,20001f0c <__sflush_r+0x54>
20001fe4:	fe378713          	addi	a4,a5,-29
20001fe8:	00070663          	beqz	a4,20001ff4 <__sflush_r+0x13c>
20001fec:	fea78793          	addi	a5,a5,-22
20001ff0:	04079e63          	bnez	a5,2000204c <__sflush_r+0x194>
20001ff4:	0124a023          	sw	s2,0(s1)
20001ff8:	00000513          	li	a0,0
20001ffc:	0600006f          	j	2000205c <__sflush_r+0x1a4>
20002000:	0105a603          	lw	a2,16(a1)
20002004:	fe060ae3          	beqz	a2,20001ff8 <__sflush_r+0x140>
20002008:	0005a683          	lw	a3,0(a1)
2000200c:	0037f793          	andi	a5,a5,3
20002010:	00c5a023          	sw	a2,0(a1)
20002014:	40c68933          	sub	s2,a3,a2
20002018:	00000713          	li	a4,0
2000201c:	00079463          	bnez	a5,20002024 <__sflush_r+0x16c>
20002020:	0145a703          	lw	a4,20(a1)
20002024:	00e42423          	sw	a4,8(s0)
20002028:	fd2058e3          	blez	s2,20001ff8 <__sflush_r+0x140>
2000202c:	02842783          	lw	a5,40(s0)
20002030:	02042583          	lw	a1,32(s0)
20002034:	00090693          	mv	a3,s2
20002038:	00048513          	mv	a0,s1
2000203c:	00c12623          	sw	a2,12(sp)
20002040:	000780e7          	jalr	a5
20002044:	00c12603          	lw	a2,12(sp)
20002048:	02a04663          	bgtz	a0,20002074 <__sflush_r+0x1bc>
2000204c:	00c45783          	lhu	a5,12(s0)
20002050:	0407e793          	ori	a5,a5,64
20002054:	00f41623          	sh	a5,12(s0)
20002058:	fff00513          	li	a0,-1
2000205c:	01c12083          	lw	ra,28(sp)
20002060:	01812403          	lw	s0,24(sp)
20002064:	01412483          	lw	s1,20(sp)
20002068:	01012903          	lw	s2,16(sp)
2000206c:	02010113          	addi	sp,sp,32
20002070:	00008067          	ret
20002074:	00a60633          	add	a2,a2,a0
20002078:	40a90933          	sub	s2,s2,a0
2000207c:	fadff06f          	j	20002028 <__sflush_r+0x170>

20002080 <_fflush_r>:
20002080:	0105a783          	lw	a5,16(a1)
20002084:	04078e63          	beqz	a5,200020e0 <_fflush_r+0x60>
20002088:	fe010113          	addi	sp,sp,-32
2000208c:	00812c23          	sw	s0,24(sp)
20002090:	00112e23          	sw	ra,28(sp)
20002094:	00050413          	mv	s0,a0
20002098:	00050c63          	beqz	a0,200020b0 <_fflush_r+0x30>
2000209c:	02052783          	lw	a5,32(a0)
200020a0:	00079863          	bnez	a5,200020b0 <_fflush_r+0x30>
200020a4:	00b12623          	sw	a1,12(sp)
200020a8:	4f0000ef          	jal	20002598 <__sinit>
200020ac:	00c12583          	lw	a1,12(sp)
200020b0:	00c59783          	lh	a5,12(a1)
200020b4:	00078c63          	beqz	a5,200020cc <_fflush_r+0x4c>
200020b8:	00040513          	mv	a0,s0
200020bc:	01812403          	lw	s0,24(sp)
200020c0:	01c12083          	lw	ra,28(sp)
200020c4:	02010113          	addi	sp,sp,32
200020c8:	df1ff06f          	j	20001eb8 <__sflush_r>
200020cc:	01c12083          	lw	ra,28(sp)
200020d0:	01812403          	lw	s0,24(sp)
200020d4:	00000513          	li	a0,0
200020d8:	02010113          	addi	sp,sp,32
200020dc:	00008067          	ret
200020e0:	00000513          	li	a0,0
200020e4:	00008067          	ret

200020e8 <fflush>:
200020e8:	00050593          	mv	a1,a0
200020ec:	02051063          	bnez	a0,2000210c <fflush+0x24>
200020f0:	00002617          	auipc	a2,0x2
200020f4:	62c60613          	addi	a2,a2,1580 # 2000471c <__sglue>
200020f8:	00000597          	auipc	a1,0x0
200020fc:	f8858593          	addi	a1,a1,-120 # 20002080 <_fflush_r>
20002100:	00002517          	auipc	a0,0x2
20002104:	62850513          	addi	a0,a0,1576 # 20004728 <_impure_data>
20002108:	4f00006f          	j	200025f8 <_fwalk_sglue>
2000210c:	00002517          	auipc	a0,0x2
20002110:	66852503          	lw	a0,1640(a0) # 20004774 <_impure_ptr>
20002114:	f6dff06f          	j	20002080 <_fflush_r>

20002118 <setvbuf>:
20002118:	fd010113          	addi	sp,sp,-48
2000211c:	01312e23          	sw	s3,28(sp)
20002120:	00002997          	auipc	s3,0x2
20002124:	6549a983          	lw	s3,1620(s3) # 20004774 <_impure_ptr>
20002128:	02812423          	sw	s0,40(sp)
2000212c:	02912223          	sw	s1,36(sp)
20002130:	03212023          	sw	s2,32(sp)
20002134:	01412c23          	sw	s4,24(sp)
20002138:	02112623          	sw	ra,44(sp)
2000213c:	01512a23          	sw	s5,20(sp)
20002140:	00050413          	mv	s0,a0
20002144:	00058913          	mv	s2,a1
20002148:	00060a13          	mv	s4,a2
2000214c:	00068493          	mv	s1,a3
20002150:	00098a63          	beqz	s3,20002164 <setvbuf+0x4c>
20002154:	0209a783          	lw	a5,32(s3)
20002158:	00079663          	bnez	a5,20002164 <setvbuf+0x4c>
2000215c:	00098513          	mv	a0,s3
20002160:	438000ef          	jal	20002598 <__sinit>
20002164:	00200793          	li	a5,2
20002168:	00fa0863          	beq	s4,a5,20002178 <setvbuf+0x60>
2000216c:	002a3793          	sltiu	a5,s4,2
20002170:	18078a63          	beqz	a5,20002304 <setvbuf+0x1ec>
20002174:	1804c863          	bltz	s1,20002304 <setvbuf+0x1ec>
20002178:	00040593          	mv	a1,s0
2000217c:	00098513          	mv	a0,s3
20002180:	f01ff0ef          	jal	20002080 <_fflush_r>
20002184:	03442583          	lw	a1,52(s0)
20002188:	00058c63          	beqz	a1,200021a0 <setvbuf+0x88>
2000218c:	04440793          	addi	a5,s0,68
20002190:	00f58663          	beq	a1,a5,2000219c <setvbuf+0x84>
20002194:	00098513          	mv	a0,s3
20002198:	241000ef          	jal	20002bd8 <_free_r>
2000219c:	02042a23          	sw	zero,52(s0)
200021a0:	00c45783          	lhu	a5,12(s0)
200021a4:	00042c23          	sw	zero,24(s0)
200021a8:	00042223          	sw	zero,4(s0)
200021ac:	0807f793          	andi	a5,a5,128
200021b0:	00078863          	beqz	a5,200021c0 <setvbuf+0xa8>
200021b4:	01042583          	lw	a1,16(s0)
200021b8:	00098513          	mv	a0,s3
200021bc:	21d000ef          	jal	20002bd8 <_free_r>
200021c0:	00c45783          	lhu	a5,12(s0)
200021c4:	fffff737          	lui	a4,0xfffff
200021c8:	35c70713          	addi	a4,a4,860 # fffff35c <__stack_top+0xdfff9e40>
200021cc:	00e7f7b3          	and	a5,a5,a4
200021d0:	00f41623          	sh	a5,12(s0)
200021d4:	00200793          	li	a5,2
200021d8:	10fa0a63          	beq	s4,a5,200022ec <setvbuf+0x1d4>
200021dc:	00c10693          	addi	a3,sp,12
200021e0:	00810613          	addi	a2,sp,8
200021e4:	00040593          	mv	a1,s0
200021e8:	00098513          	mv	a0,s3
200021ec:	4b4000ef          	jal	200026a0 <__swhatbuf_r>
200021f0:	00c45783          	lhu	a5,12(s0)
200021f4:	00a7e7b3          	or	a5,a5,a0
200021f8:	00f41623          	sh	a5,12(s0)
200021fc:	06049863          	bnez	s1,2000226c <setvbuf+0x154>
20002200:	00812483          	lw	s1,8(sp)
20002204:	00048513          	mv	a0,s1
20002208:	759000ef          	jal	20003160 <malloc>
2000220c:	00050913          	mv	s2,a0
20002210:	00048a93          	mv	s5,s1
20002214:	0c051263          	bnez	a0,200022d8 <setvbuf+0x1c0>
20002218:	00812a83          	lw	s5,8(sp)
2000221c:	0a9a9663          	bne	s5,s1,200022c8 <setvbuf+0x1b0>
20002220:	fff00513          	li	a0,-1
20002224:	00c45783          	lhu	a5,12(s0)
20002228:	00042423          	sw	zero,8(s0)
2000222c:	0027e793          	ori	a5,a5,2
20002230:	00f41623          	sh	a5,12(s0)
20002234:	04740793          	addi	a5,s0,71
20002238:	00f42023          	sw	a5,0(s0)
2000223c:	00f42823          	sw	a5,16(s0)
20002240:	00100793          	li	a5,1
20002244:	00f42a23          	sw	a5,20(s0)
20002248:	02c12083          	lw	ra,44(sp)
2000224c:	02812403          	lw	s0,40(sp)
20002250:	02412483          	lw	s1,36(sp)
20002254:	02012903          	lw	s2,32(sp)
20002258:	01c12983          	lw	s3,28(sp)
2000225c:	01812a03          	lw	s4,24(sp)
20002260:	01412a83          	lw	s5,20(sp)
20002264:	03010113          	addi	sp,sp,48
20002268:	00008067          	ret
2000226c:	f8090ce3          	beqz	s2,20002204 <setvbuf+0xec>
20002270:	0209a783          	lw	a5,32(s3)
20002274:	00079663          	bnez	a5,20002280 <setvbuf+0x168>
20002278:	00098513          	mv	a0,s3
2000227c:	31c000ef          	jal	20002598 <__sinit>
20002280:	00100793          	li	a5,1
20002284:	00fa1863          	bne	s4,a5,20002294 <setvbuf+0x17c>
20002288:	00c45783          	lhu	a5,12(s0)
2000228c:	0147e7b3          	or	a5,a5,s4
20002290:	00f41623          	sh	a5,12(s0)
20002294:	00c41783          	lh	a5,12(s0)
20002298:	01242023          	sw	s2,0(s0)
2000229c:	01242823          	sw	s2,16(s0)
200022a0:	00942a23          	sw	s1,20(s0)
200022a4:	0087f713          	andi	a4,a5,8
200022a8:	04070a63          	beqz	a4,200022fc <setvbuf+0x1e4>
200022ac:	0017f793          	andi	a5,a5,1
200022b0:	04078263          	beqz	a5,200022f4 <setvbuf+0x1dc>
200022b4:	409004b3          	neg	s1,s1
200022b8:	00042423          	sw	zero,8(s0)
200022bc:	00942c23          	sw	s1,24(s0)
200022c0:	00000513          	li	a0,0
200022c4:	f85ff06f          	j	20002248 <setvbuf+0x130>
200022c8:	000a8513          	mv	a0,s5
200022cc:	695000ef          	jal	20003160 <malloc>
200022d0:	00050913          	mv	s2,a0
200022d4:	f40506e3          	beqz	a0,20002220 <setvbuf+0x108>
200022d8:	00c45783          	lhu	a5,12(s0)
200022dc:	000a8493          	mv	s1,s5
200022e0:	0807e793          	ori	a5,a5,128
200022e4:	00f41623          	sh	a5,12(s0)
200022e8:	f89ff06f          	j	20002270 <setvbuf+0x158>
200022ec:	00000513          	li	a0,0
200022f0:	f35ff06f          	j	20002224 <setvbuf+0x10c>
200022f4:	00942423          	sw	s1,8(s0)
200022f8:	fc9ff06f          	j	200022c0 <setvbuf+0x1a8>
200022fc:	00042423          	sw	zero,8(s0)
20002300:	fc1ff06f          	j	200022c0 <setvbuf+0x1a8>
20002304:	fff00513          	li	a0,-1
20002308:	f41ff06f          	j	20002248 <setvbuf+0x130>

2000230c <__fp_lock>:
2000230c:	00000513          	li	a0,0
20002310:	00008067          	ret

20002314 <std>:
20002314:	ff010113          	addi	sp,sp,-16
20002318:	00812423          	sw	s0,8(sp)
2000231c:	00112623          	sw	ra,12(sp)
20002320:	00050413          	mv	s0,a0
20002324:	00b51623          	sh	a1,12(a0)
20002328:	00c51723          	sh	a2,14(a0)
2000232c:	00052023          	sw	zero,0(a0)
20002330:	00052223          	sw	zero,4(a0)
20002334:	00052423          	sw	zero,8(a0)
20002338:	06052223          	sw	zero,100(a0)
2000233c:	00052823          	sw	zero,16(a0)
20002340:	00052a23          	sw	zero,20(a0)
20002344:	00052c23          	sw	zero,24(a0)
20002348:	00800613          	li	a2,8
2000234c:	00000593          	li	a1,0
20002350:	05c50513          	addi	a0,a0,92
20002354:	069000ef          	jal	20002bbc <memset>
20002358:	00001797          	auipc	a5,0x1
2000235c:	5cc78793          	addi	a5,a5,1484 # 20003924 <__sread>
20002360:	02f42223          	sw	a5,36(s0)
20002364:	00001797          	auipc	a5,0x1
20002368:	61878793          	addi	a5,a5,1560 # 2000397c <__swrite>
2000236c:	02f42423          	sw	a5,40(s0)
20002370:	00001797          	auipc	a5,0x1
20002374:	69078793          	addi	a5,a5,1680 # 20003a00 <__sseek>
20002378:	02f42623          	sw	a5,44(s0)
2000237c:	00001797          	auipc	a5,0x1
20002380:	6dc78793          	addi	a5,a5,1756 # 20003a58 <__sclose>
20002384:	00c12083          	lw	ra,12(sp)
20002388:	02842023          	sw	s0,32(s0)
2000238c:	02f42823          	sw	a5,48(s0)
20002390:	00812403          	lw	s0,8(sp)
20002394:	01010113          	addi	sp,sp,16
20002398:	00008067          	ret

2000239c <stdio_exit_handler>:
2000239c:	00002617          	auipc	a2,0x2
200023a0:	38060613          	addi	a2,a2,896 # 2000471c <__sglue>
200023a4:	00000597          	auipc	a1,0x0
200023a8:	cdc58593          	addi	a1,a1,-804 # 20002080 <_fflush_r>
200023ac:	00002517          	auipc	a0,0x2
200023b0:	37c50513          	addi	a0,a0,892 # 20004728 <_impure_data>
200023b4:	2440006f          	j	200025f8 <_fwalk_sglue>

200023b8 <cleanup_stdio>:
200023b8:	00452583          	lw	a1,4(a0)
200023bc:	ff010113          	addi	sp,sp,-16
200023c0:	00812423          	sw	s0,8(sp)
200023c4:	00112623          	sw	ra,12(sp)
200023c8:	00002797          	auipc	a5,0x2
200023cc:	40c78793          	addi	a5,a5,1036 # 200047d4 <__sf>
200023d0:	00050413          	mv	s0,a0
200023d4:	00f58463          	beq	a1,a5,200023dc <cleanup_stdio+0x24>
200023d8:	ca9ff0ef          	jal	20002080 <_fflush_r>
200023dc:	00842583          	lw	a1,8(s0)
200023e0:	00002797          	auipc	a5,0x2
200023e4:	45c78793          	addi	a5,a5,1116 # 2000483c <__sf+0x68>
200023e8:	00f58663          	beq	a1,a5,200023f4 <cleanup_stdio+0x3c>
200023ec:	00040513          	mv	a0,s0
200023f0:	c91ff0ef          	jal	20002080 <_fflush_r>
200023f4:	00c42583          	lw	a1,12(s0)
200023f8:	00002797          	auipc	a5,0x2
200023fc:	4ac78793          	addi	a5,a5,1196 # 200048a4 <__sf+0xd0>
20002400:	00f58c63          	beq	a1,a5,20002418 <cleanup_stdio+0x60>
20002404:	00040513          	mv	a0,s0
20002408:	00812403          	lw	s0,8(sp)
2000240c:	00c12083          	lw	ra,12(sp)
20002410:	01010113          	addi	sp,sp,16
20002414:	c6dff06f          	j	20002080 <_fflush_r>
20002418:	00c12083          	lw	ra,12(sp)
2000241c:	00812403          	lw	s0,8(sp)
20002420:	01010113          	addi	sp,sp,16
20002424:	00008067          	ret

20002428 <global_stdio_init.part.0>:
20002428:	ff010113          	addi	sp,sp,-16
2000242c:	00000797          	auipc	a5,0x0
20002430:	f7078793          	addi	a5,a5,-144 # 2000239c <stdio_exit_handler>
20002434:	00000613          	li	a2,0
20002438:	00400593          	li	a1,4
2000243c:	00002517          	auipc	a0,0x2
20002440:	39850513          	addi	a0,a0,920 # 200047d4 <__sf>
20002444:	00112623          	sw	ra,12(sp)
20002448:	00002717          	auipc	a4,0x2
2000244c:	4cf72223          	sw	a5,1220(a4) # 2000490c <__stdio_exit_handler>
20002450:	ec5ff0ef          	jal	20002314 <std>
20002454:	00100613          	li	a2,1
20002458:	00900593          	li	a1,9
2000245c:	00002517          	auipc	a0,0x2
20002460:	3e050513          	addi	a0,a0,992 # 2000483c <__sf+0x68>
20002464:	eb1ff0ef          	jal	20002314 <std>
20002468:	00c12083          	lw	ra,12(sp)
2000246c:	00200613          	li	a2,2
20002470:	01200593          	li	a1,18
20002474:	00002517          	auipc	a0,0x2
20002478:	43050513          	addi	a0,a0,1072 # 200048a4 <__sf+0xd0>
2000247c:	01010113          	addi	sp,sp,16
20002480:	e95ff06f          	j	20002314 <std>

20002484 <__fp_unlock>:
20002484:	00000513          	li	a0,0
20002488:	00008067          	ret

2000248c <__sfp>:
2000248c:	00002797          	auipc	a5,0x2
20002490:	4807a783          	lw	a5,1152(a5) # 2000490c <__stdio_exit_handler>
20002494:	ff010113          	addi	sp,sp,-16
20002498:	01212023          	sw	s2,0(sp)
2000249c:	00112623          	sw	ra,12(sp)
200024a0:	00812423          	sw	s0,8(sp)
200024a4:	00912223          	sw	s1,4(sp)
200024a8:	00050913          	mv	s2,a0
200024ac:	00079463          	bnez	a5,200024b4 <__sfp+0x28>
200024b0:	f79ff0ef          	jal	20002428 <global_stdio_init.part.0>
200024b4:	00002497          	auipc	s1,0x2
200024b8:	26848493          	addi	s1,s1,616 # 2000471c <__sglue>
200024bc:	0084a403          	lw	s0,8(s1)
200024c0:	0044a783          	lw	a5,4(s1)
200024c4:	fff78793          	addi	a5,a5,-1
200024c8:	0207d863          	bgez	a5,200024f8 <__sfp+0x6c>
200024cc:	0004a403          	lw	s0,0(s1)
200024d0:	0c041063          	bnez	s0,20002590 <__sfp+0x104>
200024d4:	1ac00593          	li	a1,428
200024d8:	00090513          	mv	a0,s2
200024dc:	531000ef          	jal	2000320c <_malloc_r>
200024e0:	00050413          	mv	s0,a0
200024e4:	08051463          	bnez	a0,2000256c <__sfp+0xe0>
200024e8:	0004a023          	sw	zero,0(s1)
200024ec:	00c00793          	li	a5,12
200024f0:	00f92023          	sw	a5,0(s2)
200024f4:	0540006f          	j	20002548 <__sfp+0xbc>
200024f8:	00c41703          	lh	a4,12(s0)
200024fc:	06071463          	bnez	a4,20002564 <__sfp+0xd8>
20002500:	ffff07b7          	lui	a5,0xffff0
20002504:	00178793          	addi	a5,a5,1 # ffff0001 <__stack_top+0xdffeaae5>
20002508:	06042223          	sw	zero,100(s0)
2000250c:	00042023          	sw	zero,0(s0)
20002510:	00042223          	sw	zero,4(s0)
20002514:	00042423          	sw	zero,8(s0)
20002518:	00f42623          	sw	a5,12(s0)
2000251c:	00042823          	sw	zero,16(s0)
20002520:	00042a23          	sw	zero,20(s0)
20002524:	00042c23          	sw	zero,24(s0)
20002528:	00800613          	li	a2,8
2000252c:	00000593          	li	a1,0
20002530:	05c40513          	addi	a0,s0,92
20002534:	688000ef          	jal	20002bbc <memset>
20002538:	02042a23          	sw	zero,52(s0)
2000253c:	02042c23          	sw	zero,56(s0)
20002540:	04042423          	sw	zero,72(s0)
20002544:	04042623          	sw	zero,76(s0)
20002548:	00c12083          	lw	ra,12(sp)
2000254c:	00040513          	mv	a0,s0
20002550:	00812403          	lw	s0,8(sp)
20002554:	00412483          	lw	s1,4(sp)
20002558:	00012903          	lw	s2,0(sp)
2000255c:	01010113          	addi	sp,sp,16
20002560:	00008067          	ret
20002564:	06840413          	addi	s0,s0,104
20002568:	f5dff06f          	j	200024c4 <__sfp+0x38>
2000256c:	00400793          	li	a5,4
20002570:	00052023          	sw	zero,0(a0)
20002574:	00f52223          	sw	a5,4(a0)
20002578:	00c50513          	addi	a0,a0,12
2000257c:	00a42423          	sw	a0,8(s0)
20002580:	1a000613          	li	a2,416
20002584:	00000593          	li	a1,0
20002588:	634000ef          	jal	20002bbc <memset>
2000258c:	0084a023          	sw	s0,0(s1)
20002590:	00040493          	mv	s1,s0
20002594:	f29ff06f          	j	200024bc <__sfp+0x30>

20002598 <__sinit>:
20002598:	02052783          	lw	a5,32(a0)
2000259c:	02079063          	bnez	a5,200025bc <__sinit+0x24>
200025a0:	00000797          	auipc	a5,0x0
200025a4:	e1878793          	addi	a5,a5,-488 # 200023b8 <cleanup_stdio>
200025a8:	02f52023          	sw	a5,32(a0)
200025ac:	00002797          	auipc	a5,0x2
200025b0:	3607a783          	lw	a5,864(a5) # 2000490c <__stdio_exit_handler>
200025b4:	00079463          	bnez	a5,200025bc <__sinit+0x24>
200025b8:	e71ff06f          	j	20002428 <global_stdio_init.part.0>
200025bc:	00008067          	ret

200025c0 <__sfp_lock_acquire>:
200025c0:	00008067          	ret

200025c4 <__sfp_lock_release>:
200025c4:	00008067          	ret

200025c8 <__fp_lock_all>:
200025c8:	00002617          	auipc	a2,0x2
200025cc:	15460613          	addi	a2,a2,340 # 2000471c <__sglue>
200025d0:	00000597          	auipc	a1,0x0
200025d4:	d3c58593          	addi	a1,a1,-708 # 2000230c <__fp_lock>
200025d8:	00000513          	li	a0,0
200025dc:	01c0006f          	j	200025f8 <_fwalk_sglue>

200025e0 <__fp_unlock_all>:
200025e0:	00002617          	auipc	a2,0x2
200025e4:	13c60613          	addi	a2,a2,316 # 2000471c <__sglue>
200025e8:	00000597          	auipc	a1,0x0
200025ec:	e9c58593          	addi	a1,a1,-356 # 20002484 <__fp_unlock>
200025f0:	00000513          	li	a0,0
200025f4:	0040006f          	j	200025f8 <_fwalk_sglue>

200025f8 <_fwalk_sglue>:
200025f8:	fd010113          	addi	sp,sp,-48
200025fc:	02812423          	sw	s0,40(sp)
20002600:	03212023          	sw	s2,32(sp)
20002604:	01312e23          	sw	s3,28(sp)
20002608:	01412c23          	sw	s4,24(sp)
2000260c:	01512a23          	sw	s5,20(sp)
20002610:	02112623          	sw	ra,44(sp)
20002614:	02912223          	sw	s1,36(sp)
20002618:	00050a13          	mv	s4,a0
2000261c:	00058a93          	mv	s5,a1
20002620:	00000413          	li	s0,0
20002624:	00100913          	li	s2,1
20002628:	fff00993          	li	s3,-1
2000262c:	00862583          	lw	a1,8(a2)
20002630:	00462483          	lw	s1,4(a2)
20002634:	fff48493          	addi	s1,s1,-1
20002638:	0204da63          	bgez	s1,2000266c <_fwalk_sglue+0x74>
2000263c:	00062603          	lw	a2,0(a2)
20002640:	fe0616e3          	bnez	a2,2000262c <_fwalk_sglue+0x34>
20002644:	02c12083          	lw	ra,44(sp)
20002648:	00040513          	mv	a0,s0
2000264c:	02812403          	lw	s0,40(sp)
20002650:	02412483          	lw	s1,36(sp)
20002654:	02012903          	lw	s2,32(sp)
20002658:	01c12983          	lw	s3,28(sp)
2000265c:	01812a03          	lw	s4,24(sp)
20002660:	01412a83          	lw	s5,20(sp)
20002664:	03010113          	addi	sp,sp,48
20002668:	00008067          	ret
2000266c:	00c5d783          	lhu	a5,12(a1)
20002670:	02f97463          	bgeu	s2,a5,20002698 <_fwalk_sglue+0xa0>
20002674:	00e59783          	lh	a5,14(a1)
20002678:	03378063          	beq	a5,s3,20002698 <_fwalk_sglue+0xa0>
2000267c:	000a0513          	mv	a0,s4
20002680:	00c12623          	sw	a2,12(sp)
20002684:	00b12423          	sw	a1,8(sp)
20002688:	000a80e7          	jalr	s5
2000268c:	00c12603          	lw	a2,12(sp)
20002690:	00812583          	lw	a1,8(sp)
20002694:	00a46433          	or	s0,s0,a0
20002698:	06858593          	addi	a1,a1,104
2000269c:	f99ff06f          	j	20002634 <_fwalk_sglue+0x3c>

200026a0 <__swhatbuf_r>:
200026a0:	f8010113          	addi	sp,sp,-128
200026a4:	06812c23          	sw	s0,120(sp)
200026a8:	00058413          	mv	s0,a1
200026ac:	00e59583          	lh	a1,14(a1)
200026b0:	06912a23          	sw	s1,116(sp)
200026b4:	06112e23          	sw	ra,124(sp)
200026b8:	00060493          	mv	s1,a2
200026bc:	0205da63          	bgez	a1,200026f0 <__swhatbuf_r+0x50>
200026c0:	00c45783          	lhu	a5,12(s0)
200026c4:	0807f793          	andi	a5,a5,128
200026c8:	04079c63          	bnez	a5,20002720 <__swhatbuf_r+0x80>
200026cc:	40000713          	li	a4,1024
200026d0:	07c12083          	lw	ra,124(sp)
200026d4:	07812403          	lw	s0,120(sp)
200026d8:	00f6a023          	sw	a5,0(a3) # 10000 <_start-0x1fff0000>
200026dc:	00e4a023          	sw	a4,0(s1)
200026e0:	00000513          	li	a0,0
200026e4:	07412483          	lw	s1,116(sp)
200026e8:	08010113          	addi	sp,sp,128
200026ec:	00008067          	ret
200026f0:	01810613          	addi	a2,sp,24
200026f4:	00d12623          	sw	a3,12(sp)
200026f8:	478000ef          	jal	20002b70 <_fstat_r>
200026fc:	00c12683          	lw	a3,12(sp)
20002700:	fc0540e3          	bltz	a0,200026c0 <__swhatbuf_r+0x20>
20002704:	01c12783          	lw	a5,28(sp)
20002708:	0000f737          	lui	a4,0xf
2000270c:	00e7f7b3          	and	a5,a5,a4
20002710:	ffffe737          	lui	a4,0xffffe
20002714:	00e787b3          	add	a5,a5,a4
20002718:	0017b793          	seqz	a5,a5
2000271c:	fb1ff06f          	j	200026cc <__swhatbuf_r+0x2c>
20002720:	00000793          	li	a5,0
20002724:	04000713          	li	a4,64
20002728:	fa9ff06f          	j	200026d0 <__swhatbuf_r+0x30>

2000272c <__smakebuf_r>:
2000272c:	00c5d703          	lhu	a4,12(a1)
20002730:	fd010113          	addi	sp,sp,-48
20002734:	02812423          	sw	s0,40(sp)
20002738:	02112623          	sw	ra,44(sp)
2000273c:	02912223          	sw	s1,36(sp)
20002740:	00277713          	andi	a4,a4,2
20002744:	00058413          	mv	s0,a1
20002748:	02070663          	beqz	a4,20002774 <__smakebuf_r+0x48>
2000274c:	04740793          	addi	a5,s0,71
20002750:	00f42023          	sw	a5,0(s0)
20002754:	00f42823          	sw	a5,16(s0)
20002758:	00100793          	li	a5,1
2000275c:	00f42a23          	sw	a5,20(s0)
20002760:	02c12083          	lw	ra,44(sp)
20002764:	02812403          	lw	s0,40(sp)
20002768:	02412483          	lw	s1,36(sp)
2000276c:	03010113          	addi	sp,sp,48
20002770:	00008067          	ret
20002774:	01c10693          	addi	a3,sp,28
20002778:	01810613          	addi	a2,sp,24
2000277c:	00050493          	mv	s1,a0
20002780:	f21ff0ef          	jal	200026a0 <__swhatbuf_r>
20002784:	01812583          	lw	a1,24(sp)
20002788:	00048513          	mv	a0,s1
2000278c:	00b12623          	sw	a1,12(sp)
20002790:	27d000ef          	jal	2000320c <_malloc_r>
20002794:	00c41783          	lh	a5,12(s0)
20002798:	00c12583          	lw	a1,12(sp)
2000279c:	00051e63          	bnez	a0,200027b8 <__smakebuf_r+0x8c>
200027a0:	2007f713          	andi	a4,a5,512
200027a4:	fa071ee3          	bnez	a4,20002760 <__smakebuf_r+0x34>
200027a8:	ffc7f793          	andi	a5,a5,-4
200027ac:	0027e793          	ori	a5,a5,2
200027b0:	00f41623          	sh	a5,12(s0)
200027b4:	f99ff06f          	j	2000274c <__smakebuf_r+0x20>
200027b8:	0807e793          	ori	a5,a5,128
200027bc:	00f41623          	sh	a5,12(s0)
200027c0:	01c12783          	lw	a5,28(sp)
200027c4:	00a42023          	sw	a0,0(s0)
200027c8:	00a42823          	sw	a0,16(s0)
200027cc:	00b42a23          	sw	a1,20(s0)
200027d0:	f80788e3          	beqz	a5,20002760 <__smakebuf_r+0x34>
200027d4:	00e41583          	lh	a1,14(s0)
200027d8:	00048513          	mv	a0,s1
200027dc:	1c4000ef          	jal	200029a0 <_isatty_r>
200027e0:	f80500e3          	beqz	a0,20002760 <__smakebuf_r+0x34>
200027e4:	00c45783          	lhu	a5,12(s0)
200027e8:	ffc7f793          	andi	a5,a5,-4
200027ec:	0017e793          	ori	a5,a5,1
200027f0:	00f41623          	sh	a5,12(s0)
200027f4:	f6dff06f          	j	20002760 <__smakebuf_r+0x34>

200027f8 <_iprintf_r>:
200027f8:	fc010113          	addi	sp,sp,-64
200027fc:	02c12423          	sw	a2,40(sp)
20002800:	02d12623          	sw	a3,44(sp)
20002804:	02e12823          	sw	a4,48(sp)
20002808:	02f12a23          	sw	a5,52(sp)
2000280c:	03012c23          	sw	a6,56(sp)
20002810:	03112e23          	sw	a7,60(sp)
20002814:	00058613          	mv	a2,a1
20002818:	00852583          	lw	a1,8(a0)
2000281c:	02810693          	addi	a3,sp,40
20002820:	00112e23          	sw	ra,28(sp)
20002824:	00d12623          	sw	a3,12(sp)
20002828:	59c000ef          	jal	20002dc4 <_vfiprintf_r>
2000282c:	01c12083          	lw	ra,28(sp)
20002830:	04010113          	addi	sp,sp,64
20002834:	00008067          	ret

20002838 <iprintf>:
20002838:	fc010113          	addi	sp,sp,-64
2000283c:	02f12a23          	sw	a5,52(sp)
20002840:	00002797          	auipc	a5,0x2
20002844:	f347a783          	lw	a5,-204(a5) # 20004774 <_impure_ptr>
20002848:	02c12423          	sw	a2,40(sp)
2000284c:	02d12623          	sw	a3,44(sp)
20002850:	02b12223          	sw	a1,36(sp)
20002854:	02e12823          	sw	a4,48(sp)
20002858:	03012c23          	sw	a6,56(sp)
2000285c:	03112e23          	sw	a7,60(sp)
20002860:	0087a583          	lw	a1,8(a5)
20002864:	02410693          	addi	a3,sp,36
20002868:	00050613          	mv	a2,a0
2000286c:	00078513          	mv	a0,a5
20002870:	00112e23          	sw	ra,28(sp)
20002874:	00d12623          	sw	a3,12(sp)
20002878:	54c000ef          	jal	20002dc4 <_vfiprintf_r>
2000287c:	01c12083          	lw	ra,28(sp)
20002880:	04010113          	addi	sp,sp,64
20002884:	00008067          	ret

20002888 <_puts_r>:
20002888:	02052783          	lw	a5,32(a0)
2000288c:	fe010113          	addi	sp,sp,-32
20002890:	00812c23          	sw	s0,24(sp)
20002894:	00912a23          	sw	s1,20(sp)
20002898:	01212823          	sw	s2,16(sp)
2000289c:	00112e23          	sw	ra,28(sp)
200028a0:	01312623          	sw	s3,12(sp)
200028a4:	00852403          	lw	s0,8(a0)
200028a8:	00050493          	mv	s1,a0
200028ac:	00058913          	mv	s2,a1
200028b0:	00079463          	bnez	a5,200028b8 <_puts_r+0x30>
200028b4:	ce5ff0ef          	jal	20002598 <__sinit>
200028b8:	00c45783          	lhu	a5,12(s0)
200028bc:	0087f793          	andi	a5,a5,8
200028c0:	00078663          	beqz	a5,200028cc <_puts_r+0x44>
200028c4:	01042783          	lw	a5,16(s0)
200028c8:	0a079463          	bnez	a5,20002970 <_puts_r+0xe8>
200028cc:	00040593          	mv	a1,s0
200028d0:	00048513          	mv	a0,s1
200028d4:	29c010ef          	jal	20003b70 <__swsetup_r>
200028d8:	08050c63          	beqz	a0,20002970 <_puts_r+0xe8>
200028dc:	fff00513          	li	a0,-1
200028e0:	01c12083          	lw	ra,28(sp)
200028e4:	01812403          	lw	s0,24(sp)
200028e8:	01412483          	lw	s1,20(sp)
200028ec:	01012903          	lw	s2,16(sp)
200028f0:	00c12983          	lw	s3,12(sp)
200028f4:	02010113          	addi	sp,sp,32
200028f8:	00008067          	ret
200028fc:	0007da63          	bgez	a5,20002910 <_puts_r+0x88>
20002900:	01842703          	lw	a4,24(s0)
20002904:	04e7cc63          	blt	a5,a4,2000295c <_puts_r+0xd4>
20002908:	ff658793          	addi	a5,a1,-10
2000290c:	04078863          	beqz	a5,2000295c <_puts_r+0xd4>
20002910:	00042783          	lw	a5,0(s0)
20002914:	00178713          	addi	a4,a5,1
20002918:	00e42023          	sw	a4,0(s0)
2000291c:	00b78023          	sb	a1,0(a5)
20002920:	00190913          	addi	s2,s2,1
20002924:	00842783          	lw	a5,8(s0)
20002928:	00094583          	lbu	a1,0(s2)
2000292c:	fff78793          	addi	a5,a5,-1
20002930:	00f42423          	sw	a5,8(s0)
20002934:	fc0594e3          	bnez	a1,200028fc <_puts_r+0x74>
20002938:	0407d063          	bgez	a5,20002978 <_puts_r+0xf0>
2000293c:	00040613          	mv	a2,s0
20002940:	00a00593          	li	a1,10
20002944:	00048513          	mv	a0,s1
20002948:	118010ef          	jal	20003a60 <__swbuf_r>
2000294c:	fff00793          	li	a5,-1
20002950:	f8f506e3          	beq	a0,a5,200028dc <_puts_r+0x54>
20002954:	00a00513          	li	a0,10
20002958:	f89ff06f          	j	200028e0 <_puts_r+0x58>
2000295c:	00040613          	mv	a2,s0
20002960:	00048513          	mv	a0,s1
20002964:	0fc010ef          	jal	20003a60 <__swbuf_r>
20002968:	fb351ce3          	bne	a0,s3,20002920 <_puts_r+0x98>
2000296c:	f71ff06f          	j	200028dc <_puts_r+0x54>
20002970:	fff00993          	li	s3,-1
20002974:	fb1ff06f          	j	20002924 <_puts_r+0x9c>
20002978:	00042783          	lw	a5,0(s0)
2000297c:	00178713          	addi	a4,a5,1
20002980:	00e42023          	sw	a4,0(s0)
20002984:	00a00713          	li	a4,10
20002988:	00e78023          	sb	a4,0(a5)
2000298c:	fc9ff06f          	j	20002954 <_puts_r+0xcc>

20002990 <puts>:
20002990:	00050593          	mv	a1,a0
20002994:	00002517          	auipc	a0,0x2
20002998:	de052503          	lw	a0,-544(a0) # 20004774 <_impure_ptr>
2000299c:	eedff06f          	j	20002888 <_puts_r>

200029a0 <_isatty_r>:
200029a0:	ff010113          	addi	sp,sp,-16
200029a4:	00812423          	sw	s0,8(sp)
200029a8:	00050413          	mv	s0,a0
200029ac:	00058513          	mv	a0,a1
200029b0:	00002797          	auipc	a5,0x2
200029b4:	f607a023          	sw	zero,-160(a5) # 20004910 <errno>
200029b8:	00112623          	sw	ra,12(sp)
200029bc:	a8dfe0ef          	jal	20001448 <_isatty>
200029c0:	fff00793          	li	a5,-1
200029c4:	00f51a63          	bne	a0,a5,200029d8 <_isatty_r+0x38>
200029c8:	00002797          	auipc	a5,0x2
200029cc:	f487a783          	lw	a5,-184(a5) # 20004910 <errno>
200029d0:	00078463          	beqz	a5,200029d8 <_isatty_r+0x38>
200029d4:	00f42023          	sw	a5,0(s0)
200029d8:	00c12083          	lw	ra,12(sp)
200029dc:	00812403          	lw	s0,8(sp)
200029e0:	01010113          	addi	sp,sp,16
200029e4:	00008067          	ret

200029e8 <__errno>:
200029e8:	00002517          	auipc	a0,0x2
200029ec:	d8c52503          	lw	a0,-628(a0) # 20004774 <_impure_ptr>
200029f0:	00008067          	ret

200029f4 <_reclaim_reent>:
200029f4:	00002797          	auipc	a5,0x2
200029f8:	d807a783          	lw	a5,-640(a5) # 20004774 <_impure_ptr>
200029fc:	16a78863          	beq	a5,a0,20002b6c <_reclaim_reent+0x178>
20002a00:	01c52783          	lw	a5,28(a0)
20002a04:	fe010113          	addi	sp,sp,-32
20002a08:	00812c23          	sw	s0,24(sp)
20002a0c:	00112e23          	sw	ra,28(sp)
20002a10:	00912a23          	sw	s1,20(sp)
20002a14:	01212823          	sw	s2,16(sp)
20002a18:	01312623          	sw	s3,12(sp)
20002a1c:	00050413          	mv	s0,a0
20002a20:	08078463          	beqz	a5,20002aa8 <_reclaim_reent+0xb4>
20002a24:	00c7a783          	lw	a5,12(a5)
20002a28:	02078c63          	beqz	a5,20002a60 <_reclaim_reent+0x6c>
20002a2c:	00000493          	li	s1,0
20002a30:	08000913          	li	s2,128
20002a34:	01c42783          	lw	a5,28(s0)
20002a38:	00c7a783          	lw	a5,12(a5)
20002a3c:	009787b3          	add	a5,a5,s1
20002a40:	0007a583          	lw	a1,0(a5)
20002a44:	04059863          	bnez	a1,20002a94 <_reclaim_reent+0xa0>
20002a48:	00448493          	addi	s1,s1,4
20002a4c:	ff2494e3          	bne	s1,s2,20002a34 <_reclaim_reent+0x40>
20002a50:	01c42783          	lw	a5,28(s0)
20002a54:	00040513          	mv	a0,s0
20002a58:	00c7a583          	lw	a1,12(a5)
20002a5c:	17c000ef          	jal	20002bd8 <_free_r>
20002a60:	01c42783          	lw	a5,28(s0)
20002a64:	0007a583          	lw	a1,0(a5)
20002a68:	00058663          	beqz	a1,20002a74 <_reclaim_reent+0x80>
20002a6c:	00040513          	mv	a0,s0
20002a70:	168000ef          	jal	20002bd8 <_free_r>
20002a74:	01c42783          	lw	a5,28(s0)
20002a78:	0087a483          	lw	s1,8(a5)
20002a7c:	02048663          	beqz	s1,20002aa8 <_reclaim_reent+0xb4>
20002a80:	00048593          	mv	a1,s1
20002a84:	00040513          	mv	a0,s0
20002a88:	0004a483          	lw	s1,0(s1)
20002a8c:	14c000ef          	jal	20002bd8 <_free_r>
20002a90:	fedff06f          	j	20002a7c <_reclaim_reent+0x88>
20002a94:	0005a983          	lw	s3,0(a1)
20002a98:	00040513          	mv	a0,s0
20002a9c:	13c000ef          	jal	20002bd8 <_free_r>
20002aa0:	00098593          	mv	a1,s3
20002aa4:	fa1ff06f          	j	20002a44 <_reclaim_reent+0x50>
20002aa8:	01442583          	lw	a1,20(s0)
20002aac:	00058663          	beqz	a1,20002ab8 <_reclaim_reent+0xc4>
20002ab0:	00040513          	mv	a0,s0
20002ab4:	124000ef          	jal	20002bd8 <_free_r>
20002ab8:	01c42583          	lw	a1,28(s0)
20002abc:	00058663          	beqz	a1,20002ac8 <_reclaim_reent+0xd4>
20002ac0:	00040513          	mv	a0,s0
20002ac4:	114000ef          	jal	20002bd8 <_free_r>
20002ac8:	03042583          	lw	a1,48(s0)
20002acc:	00058663          	beqz	a1,20002ad8 <_reclaim_reent+0xe4>
20002ad0:	00040513          	mv	a0,s0
20002ad4:	104000ef          	jal	20002bd8 <_free_r>
20002ad8:	03442583          	lw	a1,52(s0)
20002adc:	00058663          	beqz	a1,20002ae8 <_reclaim_reent+0xf4>
20002ae0:	00040513          	mv	a0,s0
20002ae4:	0f4000ef          	jal	20002bd8 <_free_r>
20002ae8:	03842583          	lw	a1,56(s0)
20002aec:	00058663          	beqz	a1,20002af8 <_reclaim_reent+0x104>
20002af0:	00040513          	mv	a0,s0
20002af4:	0e4000ef          	jal	20002bd8 <_free_r>
20002af8:	04842583          	lw	a1,72(s0)
20002afc:	00058663          	beqz	a1,20002b08 <_reclaim_reent+0x114>
20002b00:	00040513          	mv	a0,s0
20002b04:	0d4000ef          	jal	20002bd8 <_free_r>
20002b08:	04442583          	lw	a1,68(s0)
20002b0c:	00058663          	beqz	a1,20002b18 <_reclaim_reent+0x124>
20002b10:	00040513          	mv	a0,s0
20002b14:	0c4000ef          	jal	20002bd8 <_free_r>
20002b18:	02c42583          	lw	a1,44(s0)
20002b1c:	00058663          	beqz	a1,20002b28 <_reclaim_reent+0x134>
20002b20:	00040513          	mv	a0,s0
20002b24:	0b4000ef          	jal	20002bd8 <_free_r>
20002b28:	02042783          	lw	a5,32(s0)
20002b2c:	02078263          	beqz	a5,20002b50 <_reclaim_reent+0x15c>
20002b30:	00040513          	mv	a0,s0
20002b34:	01812403          	lw	s0,24(sp)
20002b38:	01c12083          	lw	ra,28(sp)
20002b3c:	01412483          	lw	s1,20(sp)
20002b40:	01012903          	lw	s2,16(sp)
20002b44:	00c12983          	lw	s3,12(sp)
20002b48:	02010113          	addi	sp,sp,32
20002b4c:	00078067          	jr	a5
20002b50:	01c12083          	lw	ra,28(sp)
20002b54:	01812403          	lw	s0,24(sp)
20002b58:	01412483          	lw	s1,20(sp)
20002b5c:	01012903          	lw	s2,16(sp)
20002b60:	00c12983          	lw	s3,12(sp)
20002b64:	02010113          	addi	sp,sp,32
20002b68:	00008067          	ret
20002b6c:	00008067          	ret

20002b70 <_fstat_r>:
20002b70:	ff010113          	addi	sp,sp,-16
20002b74:	00812423          	sw	s0,8(sp)
20002b78:	00050413          	mv	s0,a0
20002b7c:	00058513          	mv	a0,a1
20002b80:	00060593          	mv	a1,a2
20002b84:	00002797          	auipc	a5,0x2
20002b88:	d807a623          	sw	zero,-628(a5) # 20004910 <errno>
20002b8c:	00112623          	sw	ra,12(sp)
20002b90:	849fe0ef          	jal	200013d8 <_fstat>
20002b94:	fff00793          	li	a5,-1
20002b98:	00f51a63          	bne	a0,a5,20002bac <_fstat_r+0x3c>
20002b9c:	00002797          	auipc	a5,0x2
20002ba0:	d747a783          	lw	a5,-652(a5) # 20004910 <errno>
20002ba4:	00078463          	beqz	a5,20002bac <_fstat_r+0x3c>
20002ba8:	00f42023          	sw	a5,0(s0)
20002bac:	00c12083          	lw	ra,12(sp)
20002bb0:	00812403          	lw	s0,8(sp)
20002bb4:	01010113          	addi	sp,sp,16
20002bb8:	00008067          	ret

20002bbc <memset>:
20002bbc:	00050313          	mv	t1,a0
20002bc0:	00060a63          	beqz	a2,20002bd4 <memset+0x18>
20002bc4:	00b30023          	sb	a1,0(t1)
20002bc8:	fff60613          	addi	a2,a2,-1
20002bcc:	00130313          	addi	t1,t1,1
20002bd0:	fe061ae3          	bnez	a2,20002bc4 <memset+0x8>
20002bd4:	00008067          	ret

20002bd8 <_free_r>:
20002bd8:	0e058e63          	beqz	a1,20002cd4 <_free_r+0xfc>
20002bdc:	ffc5a783          	lw	a5,-4(a1)
20002be0:	fe010113          	addi	sp,sp,-32
20002be4:	00812c23          	sw	s0,24(sp)
20002be8:	00112e23          	sw	ra,28(sp)
20002bec:	ffc58413          	addi	s0,a1,-4
20002bf0:	0007d463          	bgez	a5,20002bf8 <_free_r+0x20>
20002bf4:	00f40433          	add	s0,s0,a5
20002bf8:	00a12623          	sw	a0,12(sp)
20002bfc:	521000ef          	jal	2000391c <__malloc_lock>
20002c00:	00002797          	auipc	a5,0x2
20002c04:	d187a783          	lw	a5,-744(a5) # 20004918 <__malloc_free_list>
20002c08:	00c12503          	lw	a0,12(sp)
20002c0c:	02079063          	bnez	a5,20002c2c <_free_r+0x54>
20002c10:	00042223          	sw	zero,4(s0)
20002c14:	00002797          	auipc	a5,0x2
20002c18:	d087a223          	sw	s0,-764(a5) # 20004918 <__malloc_free_list>
20002c1c:	01812403          	lw	s0,24(sp)
20002c20:	01c12083          	lw	ra,28(sp)
20002c24:	02010113          	addi	sp,sp,32
20002c28:	4f90006f          	j	20003920 <__malloc_unlock>
20002c2c:	02f47463          	bgeu	s0,a5,20002c54 <_free_r+0x7c>
20002c30:	00042683          	lw	a3,0(s0)
20002c34:	00d40733          	add	a4,s0,a3
20002c38:	00e79a63          	bne	a5,a4,20002c4c <_free_r+0x74>
20002c3c:	0007a703          	lw	a4,0(a5)
20002c40:	0047a783          	lw	a5,4(a5)
20002c44:	00d70733          	add	a4,a4,a3
20002c48:	00e42023          	sw	a4,0(s0)
20002c4c:	00f42223          	sw	a5,4(s0)
20002c50:	fc5ff06f          	j	20002c14 <_free_r+0x3c>
20002c54:	00078713          	mv	a4,a5
20002c58:	0047a783          	lw	a5,4(a5)
20002c5c:	00078463          	beqz	a5,20002c64 <_free_r+0x8c>
20002c60:	fef47ae3          	bgeu	s0,a5,20002c54 <_free_r+0x7c>
20002c64:	00072683          	lw	a3,0(a4) # ffffe000 <__stack_top+0xdfff8ae4>
20002c68:	00d70633          	add	a2,a4,a3
20002c6c:	02861863          	bne	a2,s0,20002c9c <_free_r+0xc4>
20002c70:	00042603          	lw	a2,0(s0)
20002c74:	00c686b3          	add	a3,a3,a2
20002c78:	00d72023          	sw	a3,0(a4)
20002c7c:	00d70633          	add	a2,a4,a3
20002c80:	f8c79ee3          	bne	a5,a2,20002c1c <_free_r+0x44>
20002c84:	0007a603          	lw	a2,0(a5)
20002c88:	0047a783          	lw	a5,4(a5)
20002c8c:	00d606b3          	add	a3,a2,a3
20002c90:	00d72023          	sw	a3,0(a4)
20002c94:	00f72223          	sw	a5,4(a4)
20002c98:	f85ff06f          	j	20002c1c <_free_r+0x44>
20002c9c:	00c47863          	bgeu	s0,a2,20002cac <_free_r+0xd4>
20002ca0:	00c00793          	li	a5,12
20002ca4:	00f52023          	sw	a5,0(a0)
20002ca8:	f75ff06f          	j	20002c1c <_free_r+0x44>
20002cac:	00042603          	lw	a2,0(s0)
20002cb0:	00c406b3          	add	a3,s0,a2
20002cb4:	00d79a63          	bne	a5,a3,20002cc8 <_free_r+0xf0>
20002cb8:	0007a683          	lw	a3,0(a5)
20002cbc:	0047a783          	lw	a5,4(a5)
20002cc0:	00c686b3          	add	a3,a3,a2
20002cc4:	00d42023          	sw	a3,0(s0)
20002cc8:	00f42223          	sw	a5,4(s0)
20002ccc:	00872223          	sw	s0,4(a4)
20002cd0:	f4dff06f          	j	20002c1c <_free_r+0x44>
20002cd4:	00008067          	ret

20002cd8 <__sfputc_r>:
20002cd8:	00862783          	lw	a5,8(a2)
20002cdc:	fff78793          	addi	a5,a5,-1
20002ce0:	00f62423          	sw	a5,8(a2)
20002ce4:	0007dc63          	bgez	a5,20002cfc <__sfputc_r+0x24>
20002ce8:	01862703          	lw	a4,24(a2)
20002cec:	00e7c663          	blt	a5,a4,20002cf8 <__sfputc_r+0x20>
20002cf0:	ff658793          	addi	a5,a1,-10
20002cf4:	00079463          	bnez	a5,20002cfc <__sfputc_r+0x24>
20002cf8:	5690006f          	j	20003a60 <__swbuf_r>
20002cfc:	00062783          	lw	a5,0(a2)
20002d00:	00058513          	mv	a0,a1
20002d04:	00178713          	addi	a4,a5,1
20002d08:	00e62023          	sw	a4,0(a2)
20002d0c:	00b78023          	sb	a1,0(a5)
20002d10:	00008067          	ret

20002d14 <__sfputs_r>:
20002d14:	fe010113          	addi	sp,sp,-32
20002d18:	00812c23          	sw	s0,24(sp)
20002d1c:	00912a23          	sw	s1,20(sp)
20002d20:	01212823          	sw	s2,16(sp)
20002d24:	01312623          	sw	s3,12(sp)
20002d28:	01412423          	sw	s4,8(sp)
20002d2c:	00112e23          	sw	ra,28(sp)
20002d30:	00050993          	mv	s3,a0
20002d34:	00058a13          	mv	s4,a1
20002d38:	00060413          	mv	s0,a2
20002d3c:	00d604b3          	add	s1,a2,a3
20002d40:	fff00913          	li	s2,-1
20002d44:	00941663          	bne	s0,s1,20002d50 <__sfputs_r+0x3c>
20002d48:	00000513          	li	a0,0
20002d4c:	01c0006f          	j	20002d68 <__sfputs_r+0x54>
20002d50:	00044583          	lbu	a1,0(s0)
20002d54:	000a0613          	mv	a2,s4
20002d58:	00098513          	mv	a0,s3
20002d5c:	f7dff0ef          	jal	20002cd8 <__sfputc_r>
20002d60:	00140413          	addi	s0,s0,1
20002d64:	ff2510e3          	bne	a0,s2,20002d44 <__sfputs_r+0x30>
20002d68:	01c12083          	lw	ra,28(sp)
20002d6c:	01812403          	lw	s0,24(sp)
20002d70:	01412483          	lw	s1,20(sp)
20002d74:	01012903          	lw	s2,16(sp)
20002d78:	00c12983          	lw	s3,12(sp)
20002d7c:	00812a03          	lw	s4,8(sp)
20002d80:	02010113          	addi	sp,sp,32
20002d84:	00008067          	ret

20002d88 <__sprint_r>:
20002d88:	00862783          	lw	a5,8(a2)
20002d8c:	ff010113          	addi	sp,sp,-16
20002d90:	00812423          	sw	s0,8(sp)
20002d94:	00112623          	sw	ra,12(sp)
20002d98:	00060413          	mv	s0,a2
20002d9c:	02078063          	beqz	a5,20002dbc <__sprint_r+0x34>
20002da0:	6ed000ef          	jal	20003c8c <__sfvwrite_r>
20002da4:	00042423          	sw	zero,8(s0)
20002da8:	00c12083          	lw	ra,12(sp)
20002dac:	00042223          	sw	zero,4(s0)
20002db0:	00812403          	lw	s0,8(sp)
20002db4:	01010113          	addi	sp,sp,16
20002db8:	00008067          	ret
20002dbc:	00000513          	li	a0,0
20002dc0:	fe9ff06f          	j	20002da8 <__sprint_r+0x20>

20002dc4 <_vfiprintf_r>:
20002dc4:	f5010113          	addi	sp,sp,-176
20002dc8:	0a812423          	sw	s0,168(sp)
20002dcc:	0a912223          	sw	s1,164(sp)
20002dd0:	09312e23          	sw	s3,156(sp)
20002dd4:	09412c23          	sw	s4,152(sp)
20002dd8:	0a112623          	sw	ra,172(sp)
20002ddc:	0b212023          	sw	s2,160(sp)
20002de0:	09512a23          	sw	s5,148(sp)
20002de4:	09612823          	sw	s6,144(sp)
20002de8:	09712623          	sw	s7,140(sp)
20002dec:	09812423          	sw	s8,136(sp)
20002df0:	09912223          	sw	s9,132(sp)
20002df4:	00050993          	mv	s3,a0
20002df8:	00058493          	mv	s1,a1
20002dfc:	00060413          	mv	s0,a2
20002e00:	00068a13          	mv	s4,a3
20002e04:	00050863          	beqz	a0,20002e14 <_vfiprintf_r+0x50>
20002e08:	02052783          	lw	a5,32(a0)
20002e0c:	00079463          	bnez	a5,20002e14 <_vfiprintf_r+0x50>
20002e10:	f88ff0ef          	jal	20002598 <__sinit>
20002e14:	00c4d783          	lhu	a5,12(s1)
20002e18:	0087f793          	andi	a5,a5,8
20002e1c:	10078c63          	beqz	a5,20002f34 <_vfiprintf_r+0x170>
20002e20:	0104a783          	lw	a5,16(s1)
20002e24:	10078863          	beqz	a5,20002f34 <_vfiprintf_r+0x170>
20002e28:	02000793          	li	a5,32
20002e2c:	02f10ca3          	sb	a5,57(sp)
20002e30:	03000793          	li	a5,48
20002e34:	01412e23          	sw	s4,28(sp)
20002e38:	02012a23          	sw	zero,52(sp)
20002e3c:	02f10d23          	sb	a5,58(sp)
20002e40:	fff00a13          	li	s4,-1
20002e44:	00001b17          	auipc	s6,0x1
20002e48:	7bcb0b13          	addi	s6,s6,1980 # 20004600 <__clz_tab+0x100>
20002e4c:	00100b93          	li	s7,1
20002e50:	00a00a93          	li	s5,10
20002e54:	00040c13          	mv	s8,s0
20002e58:	000c4783          	lbu	a5,0(s8)
20002e5c:	00f03cb3          	snez	s9,a5
20002e60:	fdb78793          	addi	a5,a5,-37
20002e64:	00f037b3          	snez	a5,a5
20002e68:	00fcfcb3          	and	s9,s9,a5
20002e6c:	100c9863          	bnez	s9,20002f7c <_vfiprintf_r+0x1b8>
20002e70:	408c06b3          	sub	a3,s8,s0
20002e74:	02068663          	beqz	a3,20002ea0 <_vfiprintf_r+0xdc>
20002e78:	00040613          	mv	a2,s0
20002e7c:	00048593          	mv	a1,s1
20002e80:	00098513          	mv	a0,s3
20002e84:	00d12623          	sw	a3,12(sp)
20002e88:	e8dff0ef          	jal	20002d14 <__sfputs_r>
20002e8c:	29450463          	beq	a0,s4,20003114 <_vfiprintf_r+0x350>
20002e90:	03412783          	lw	a5,52(sp)
20002e94:	00c12683          	lw	a3,12(sp)
20002e98:	00d787b3          	add	a5,a5,a3
20002e9c:	02f12a23          	sw	a5,52(sp)
20002ea0:	000c4783          	lbu	a5,0(s8)
20002ea4:	26078863          	beqz	a5,20003114 <_vfiprintf_r+0x350>
20002ea8:	001c0413          	addi	s0,s8,1
20002eac:	02012023          	sw	zero,32(sp)
20002eb0:	02012623          	sw	zero,44(sp)
20002eb4:	03412223          	sw	s4,36(sp)
20002eb8:	02012423          	sw	zero,40(sp)
20002ebc:	060101a3          	sb	zero,99(sp)
20002ec0:	06012c23          	sw	zero,120(sp)
20002ec4:	00044583          	lbu	a1,0(s0)
20002ec8:	00500613          	li	a2,5
20002ecc:	00001517          	auipc	a0,0x1
20002ed0:	73450513          	addi	a0,a0,1844 # 20004600 <__clz_tab+0x100>
20002ed4:	218010ef          	jal	200040ec <memchr>
20002ed8:	02012783          	lw	a5,32(sp)
20002edc:	00140693          	addi	a3,s0,1
20002ee0:	0a051263          	bnez	a0,20002f84 <_vfiprintf_r+0x1c0>
20002ee4:	0107f713          	andi	a4,a5,16
20002ee8:	00070663          	beqz	a4,20002ef4 <_vfiprintf_r+0x130>
20002eec:	02000713          	li	a4,32
20002ef0:	06e101a3          	sb	a4,99(sp)
20002ef4:	0087f713          	andi	a4,a5,8
20002ef8:	00070663          	beqz	a4,20002f04 <_vfiprintf_r+0x140>
20002efc:	02b00713          	li	a4,43
20002f00:	06e101a3          	sb	a4,99(sp)
20002f04:	00044603          	lbu	a2,0(s0)
20002f08:	02a00713          	li	a4,42
20002f0c:	08e60863          	beq	a2,a4,20002f9c <_vfiprintf_r+0x1d8>
20002f10:	02c12783          	lw	a5,44(sp)
20002f14:	00000693          	li	a3,0
20002f18:	00900613          	li	a2,9
20002f1c:	00044703          	lbu	a4,0(s0)
20002f20:	fd070713          	addi	a4,a4,-48
20002f24:	0ee67263          	bgeu	a2,a4,20003008 <_vfiprintf_r+0x244>
20002f28:	08068863          	beqz	a3,20002fb8 <_vfiprintf_r+0x1f4>
20002f2c:	02f12623          	sw	a5,44(sp)
20002f30:	0880006f          	j	20002fb8 <_vfiprintf_r+0x1f4>
20002f34:	00048593          	mv	a1,s1
20002f38:	00098513          	mv	a0,s3
20002f3c:	435000ef          	jal	20003b70 <__swsetup_r>
20002f40:	ee0504e3          	beqz	a0,20002e28 <_vfiprintf_r+0x64>
20002f44:	fff00513          	li	a0,-1
20002f48:	0ac12083          	lw	ra,172(sp)
20002f4c:	0a812403          	lw	s0,168(sp)
20002f50:	0a412483          	lw	s1,164(sp)
20002f54:	0a012903          	lw	s2,160(sp)
20002f58:	09c12983          	lw	s3,156(sp)
20002f5c:	09812a03          	lw	s4,152(sp)
20002f60:	09412a83          	lw	s5,148(sp)
20002f64:	09012b03          	lw	s6,144(sp)
20002f68:	08c12b83          	lw	s7,140(sp)
20002f6c:	08812c03          	lw	s8,136(sp)
20002f70:	08412c83          	lw	s9,132(sp)
20002f74:	0b010113          	addi	sp,sp,176
20002f78:	00008067          	ret
20002f7c:	001c0c13          	addi	s8,s8,1
20002f80:	ed9ff06f          	j	20002e58 <_vfiprintf_r+0x94>
20002f84:	41650533          	sub	a0,a0,s6
20002f88:	00ab9533          	sll	a0,s7,a0
20002f8c:	00f56533          	or	a0,a0,a5
20002f90:	02a12023          	sw	a0,32(sp)
20002f94:	00068413          	mv	s0,a3
20002f98:	f2dff06f          	j	20002ec4 <_vfiprintf_r+0x100>
20002f9c:	01c12703          	lw	a4,28(sp)
20002fa0:	00470613          	addi	a2,a4,4
20002fa4:	00072703          	lw	a4,0(a4)
20002fa8:	00c12e23          	sw	a2,28(sp)
20002fac:	04074463          	bltz	a4,20002ff4 <_vfiprintf_r+0x230>
20002fb0:	02e12623          	sw	a4,44(sp)
20002fb4:	00068413          	mv	s0,a3
20002fb8:	00044703          	lbu	a4,0(s0)
20002fbc:	02e00793          	li	a5,46
20002fc0:	06f71e63          	bne	a4,a5,2000303c <_vfiprintf_r+0x278>
20002fc4:	00144703          	lbu	a4,1(s0)
20002fc8:	02a00793          	li	a5,42
20002fcc:	04f71863          	bne	a4,a5,2000301c <_vfiprintf_r+0x258>
20002fd0:	01c12783          	lw	a5,28(sp)
20002fd4:	00240413          	addi	s0,s0,2
20002fd8:	00478713          	addi	a4,a5,4
20002fdc:	0007a783          	lw	a5,0(a5)
20002fe0:	00e12e23          	sw	a4,28(sp)
20002fe4:	0007d463          	bgez	a5,20002fec <_vfiprintf_r+0x228>
20002fe8:	fff00793          	li	a5,-1
20002fec:	02f12223          	sw	a5,36(sp)
20002ff0:	04c0006f          	j	2000303c <_vfiprintf_r+0x278>
20002ff4:	40e00733          	neg	a4,a4
20002ff8:	0027e793          	ori	a5,a5,2
20002ffc:	02e12623          	sw	a4,44(sp)
20003000:	02f12023          	sw	a5,32(sp)
20003004:	fb1ff06f          	j	20002fb4 <_vfiprintf_r+0x1f0>
20003008:	035787b3          	mul	a5,a5,s5
2000300c:	00140413          	addi	s0,s0,1
20003010:	00100693          	li	a3,1
20003014:	00e787b3          	add	a5,a5,a4
20003018:	f05ff06f          	j	20002f1c <_vfiprintf_r+0x158>
2000301c:	00140413          	addi	s0,s0,1
20003020:	02012223          	sw	zero,36(sp)
20003024:	00000793          	li	a5,0
20003028:	00900693          	li	a3,9
2000302c:	00044703          	lbu	a4,0(s0)
20003030:	fd070713          	addi	a4,a4,-48
20003034:	08e6fa63          	bgeu	a3,a4,200030c8 <_vfiprintf_r+0x304>
20003038:	fa0c9ae3          	bnez	s9,20002fec <_vfiprintf_r+0x228>
2000303c:	00044583          	lbu	a1,0(s0)
20003040:	00300613          	li	a2,3
20003044:	00001517          	auipc	a0,0x1
20003048:	5c450513          	addi	a0,a0,1476 # 20004608 <__clz_tab+0x108>
2000304c:	0a0010ef          	jal	200040ec <memchr>
20003050:	02050463          	beqz	a0,20003078 <_vfiprintf_r+0x2b4>
20003054:	00001797          	auipc	a5,0x1
20003058:	5b478793          	addi	a5,a5,1460 # 20004608 <__clz_tab+0x108>
2000305c:	40f50533          	sub	a0,a0,a5
20003060:	02012783          	lw	a5,32(sp)
20003064:	04000713          	li	a4,64
20003068:	00a71733          	sll	a4,a4,a0
2000306c:	00e7e7b3          	or	a5,a5,a4
20003070:	00140413          	addi	s0,s0,1
20003074:	02f12023          	sw	a5,32(sp)
20003078:	00044583          	lbu	a1,0(s0)
2000307c:	00600613          	li	a2,6
20003080:	00001517          	auipc	a0,0x1
20003084:	58c50513          	addi	a0,a0,1420 # 2000460c <__clz_tab+0x10c>
20003088:	02b10c23          	sb	a1,56(sp)
2000308c:	060010ef          	jal	200040ec <memchr>
20003090:	08050c63          	beqz	a0,20003128 <_vfiprintf_r+0x364>
20003094:	00000793          	li	a5,0
20003098:	04079a63          	bnez	a5,200030ec <_vfiprintf_r+0x328>
2000309c:	02012703          	lw	a4,32(sp)
200030a0:	01c12783          	lw	a5,28(sp)
200030a4:	10077713          	andi	a4,a4,256
200030a8:	02070a63          	beqz	a4,200030dc <_vfiprintf_r+0x318>
200030ac:	00478793          	addi	a5,a5,4
200030b0:	00f12e23          	sw	a5,28(sp)
200030b4:	03412783          	lw	a5,52(sp)
200030b8:	00140413          	addi	s0,s0,1
200030bc:	012787b3          	add	a5,a5,s2
200030c0:	02f12a23          	sw	a5,52(sp)
200030c4:	d91ff06f          	j	20002e54 <_vfiprintf_r+0x90>
200030c8:	035787b3          	mul	a5,a5,s5
200030cc:	00140413          	addi	s0,s0,1
200030d0:	00100c93          	li	s9,1
200030d4:	00e787b3          	add	a5,a5,a4
200030d8:	f55ff06f          	j	2000302c <_vfiprintf_r+0x268>
200030dc:	00778793          	addi	a5,a5,7
200030e0:	ff87f793          	andi	a5,a5,-8
200030e4:	00878793          	addi	a5,a5,8
200030e8:	fc9ff06f          	j	200030b0 <_vfiprintf_r+0x2ec>
200030ec:	01c10713          	addi	a4,sp,28
200030f0:	00000697          	auipc	a3,0x0
200030f4:	c2468693          	addi	a3,a3,-988 # 20002d14 <__sfputs_r>
200030f8:	00048613          	mv	a2,s1
200030fc:	02010593          	addi	a1,sp,32
20003100:	00098513          	mv	a0,s3
20003104:	00000097          	auipc	ra,0x0
20003108:	000000e7          	jalr	zero # 0 <_start-0x20000000>
2000310c:	00050913          	mv	s2,a0
20003110:	fb4512e3          	bne	a0,s4,200030b4 <_vfiprintf_r+0x2f0>
20003114:	00c4d783          	lhu	a5,12(s1)
20003118:	0407f793          	andi	a5,a5,64
2000311c:	e20794e3          	bnez	a5,20002f44 <_vfiprintf_r+0x180>
20003120:	03412503          	lw	a0,52(sp)
20003124:	e25ff06f          	j	20002f48 <_vfiprintf_r+0x184>
20003128:	01c10713          	addi	a4,sp,28
2000312c:	00000697          	auipc	a3,0x0
20003130:	be868693          	addi	a3,a3,-1048 # 20002d14 <__sfputs_r>
20003134:	00048613          	mv	a2,s1
20003138:	02010593          	addi	a1,sp,32
2000313c:	00098513          	mv	a0,s3
20003140:	448000ef          	jal	20003588 <_printf_i>
20003144:	fc9ff06f          	j	2000310c <_vfiprintf_r+0x348>

20003148 <vfiprintf>:
20003148:	00060693          	mv	a3,a2
2000314c:	00058613          	mv	a2,a1
20003150:	00050593          	mv	a1,a0
20003154:	00001517          	auipc	a0,0x1
20003158:	62052503          	lw	a0,1568(a0) # 20004774 <_impure_ptr>
2000315c:	c69ff06f          	j	20002dc4 <_vfiprintf_r>

20003160 <malloc>:
20003160:	00050593          	mv	a1,a0
20003164:	00001517          	auipc	a0,0x1
20003168:	61052503          	lw	a0,1552(a0) # 20004774 <_impure_ptr>
2000316c:	0a00006f          	j	2000320c <_malloc_r>

20003170 <free>:
20003170:	00050593          	mv	a1,a0
20003174:	00001517          	auipc	a0,0x1
20003178:	60052503          	lw	a0,1536(a0) # 20004774 <_impure_ptr>
2000317c:	a5dff06f          	j	20002bd8 <_free_r>

20003180 <sbrk_aligned>:
20003180:	00001797          	auipc	a5,0x1
20003184:	7947a783          	lw	a5,1940(a5) # 20004914 <__malloc_sbrk_start>
20003188:	ff010113          	addi	sp,sp,-16
2000318c:	00812423          	sw	s0,8(sp)
20003190:	01212023          	sw	s2,0(sp)
20003194:	00112623          	sw	ra,12(sp)
20003198:	00912223          	sw	s1,4(sp)
2000319c:	00050913          	mv	s2,a0
200031a0:	00058413          	mv	s0,a1
200031a4:	00079a63          	bnez	a5,200031b8 <sbrk_aligned+0x38>
200031a8:	00000593          	li	a1,0
200031ac:	004010ef          	jal	200041b0 <_sbrk_r>
200031b0:	00001797          	auipc	a5,0x1
200031b4:	76a7a223          	sw	a0,1892(a5) # 20004914 <__malloc_sbrk_start>
200031b8:	00040593          	mv	a1,s0
200031bc:	00090513          	mv	a0,s2
200031c0:	7f1000ef          	jal	200041b0 <_sbrk_r>
200031c4:	fff00493          	li	s1,-1
200031c8:	02951263          	bne	a0,s1,200031ec <sbrk_aligned+0x6c>
200031cc:	fff00413          	li	s0,-1
200031d0:	00c12083          	lw	ra,12(sp)
200031d4:	00040513          	mv	a0,s0
200031d8:	00812403          	lw	s0,8(sp)
200031dc:	00412483          	lw	s1,4(sp)
200031e0:	00012903          	lw	s2,0(sp)
200031e4:	01010113          	addi	sp,sp,16
200031e8:	00008067          	ret
200031ec:	00350413          	addi	s0,a0,3
200031f0:	ffc47413          	andi	s0,s0,-4
200031f4:	fc850ee3          	beq	a0,s0,200031d0 <sbrk_aligned+0x50>
200031f8:	40a405b3          	sub	a1,s0,a0
200031fc:	00090513          	mv	a0,s2
20003200:	7b1000ef          	jal	200041b0 <_sbrk_r>
20003204:	fc9516e3          	bne	a0,s1,200031d0 <sbrk_aligned+0x50>
20003208:	fc5ff06f          	j	200031cc <sbrk_aligned+0x4c>

2000320c <_malloc_r>:
2000320c:	fe010113          	addi	sp,sp,-32
20003210:	00912a23          	sw	s1,20(sp)
20003214:	00358493          	addi	s1,a1,3
20003218:	ffc4f493          	andi	s1,s1,-4
2000321c:	00112e23          	sw	ra,28(sp)
20003220:	00812c23          	sw	s0,24(sp)
20003224:	01212823          	sw	s2,16(sp)
20003228:	01312623          	sw	s3,12(sp)
2000322c:	01412423          	sw	s4,8(sp)
20003230:	00848493          	addi	s1,s1,8
20003234:	00c00793          	li	a5,12
20003238:	00f4f463          	bgeu	s1,a5,20003240 <_malloc_r+0x34>
2000323c:	00078493          	mv	s1,a5
20003240:	0004c463          	bltz	s1,20003248 <_malloc_r+0x3c>
20003244:	02b4f863          	bgeu	s1,a1,20003274 <_malloc_r+0x68>
20003248:	00c00793          	li	a5,12
2000324c:	00f52023          	sw	a5,0(a0)
20003250:	00000513          	li	a0,0
20003254:	01c12083          	lw	ra,28(sp)
20003258:	01812403          	lw	s0,24(sp)
2000325c:	01412483          	lw	s1,20(sp)
20003260:	01012903          	lw	s2,16(sp)
20003264:	00c12983          	lw	s3,12(sp)
20003268:	00812a03          	lw	s4,8(sp)
2000326c:	02010113          	addi	sp,sp,32
20003270:	00008067          	ret
20003274:	00050913          	mv	s2,a0
20003278:	00001997          	auipc	s3,0x1
2000327c:	6a098993          	addi	s3,s3,1696 # 20004918 <__malloc_free_list>
20003280:	69c000ef          	jal	2000391c <__malloc_lock>
20003284:	0009a783          	lw	a5,0(s3)
20003288:	00078413          	mv	s0,a5
2000328c:	08041263          	bnez	s0,20003310 <_malloc_r+0x104>
20003290:	00048593          	mv	a1,s1
20003294:	00090513          	mv	a0,s2
20003298:	ee9ff0ef          	jal	20003180 <sbrk_aligned>
2000329c:	fff00793          	li	a5,-1
200032a0:	00050413          	mv	s0,a0
200032a4:	12f51463          	bne	a0,a5,200033cc <_malloc_r+0x1c0>
200032a8:	0009a403          	lw	s0,0(s3)
200032ac:	00040793          	mv	a5,s0
200032b0:	0e079463          	bnez	a5,20003398 <_malloc_r+0x18c>
200032b4:	10040263          	beqz	s0,200033b8 <_malloc_r+0x1ac>
200032b8:	00042a03          	lw	s4,0(s0)
200032bc:	00000593          	li	a1,0
200032c0:	00090513          	mv	a0,s2
200032c4:	01440a33          	add	s4,s0,s4
200032c8:	6e9000ef          	jal	200041b0 <_sbrk_r>
200032cc:	0eaa1663          	bne	s4,a0,200033b8 <_malloc_r+0x1ac>
200032d0:	00042783          	lw	a5,0(s0)
200032d4:	00090513          	mv	a0,s2
200032d8:	40f484b3          	sub	s1,s1,a5
200032dc:	00048593          	mv	a1,s1
200032e0:	ea1ff0ef          	jal	20003180 <sbrk_aligned>
200032e4:	fff00793          	li	a5,-1
200032e8:	0cf50863          	beq	a0,a5,200033b8 <_malloc_r+0x1ac>
200032ec:	00042783          	lw	a5,0(s0)
200032f0:	009787b3          	add	a5,a5,s1
200032f4:	00f42023          	sw	a5,0(s0)
200032f8:	0009a783          	lw	a5,0(s3)
200032fc:	0047a703          	lw	a4,4(a5)
20003300:	0a071263          	bnez	a4,200033a4 <_malloc_r+0x198>
20003304:	00001797          	auipc	a5,0x1
20003308:	6007aa23          	sw	zero,1556(a5) # 20004918 <__malloc_free_list>
2000330c:	0340006f          	j	20003340 <_malloc_r+0x134>
20003310:	00042683          	lw	a3,0(s0)
20003314:	409686b3          	sub	a3,a3,s1
20003318:	0606ca63          	bltz	a3,2000338c <_malloc_r+0x180>
2000331c:	00b00713          	li	a4,11
20003320:	04d77a63          	bgeu	a4,a3,20003374 <_malloc_r+0x168>
20003324:	00942023          	sw	s1,0(s0)
20003328:	00940733          	add	a4,s0,s1
2000332c:	04879063          	bne	a5,s0,2000336c <_malloc_r+0x160>
20003330:	00e9a023          	sw	a4,0(s3)
20003334:	00442783          	lw	a5,4(s0)
20003338:	00d72023          	sw	a3,0(a4)
2000333c:	00f72223          	sw	a5,4(a4)
20003340:	00090513          	mv	a0,s2
20003344:	5dc000ef          	jal	20003920 <__malloc_unlock>
20003348:	00b40513          	addi	a0,s0,11
2000334c:	00440793          	addi	a5,s0,4
20003350:	ff857513          	andi	a0,a0,-8
20003354:	40f50733          	sub	a4,a0,a5
20003358:	ee070ee3          	beqz	a4,20003254 <_malloc_r+0x48>
2000335c:	00e40433          	add	s0,s0,a4
20003360:	40a787b3          	sub	a5,a5,a0
20003364:	00f42023          	sw	a5,0(s0)
20003368:	eedff06f          	j	20003254 <_malloc_r+0x48>
2000336c:	00e7a223          	sw	a4,4(a5)
20003370:	fc5ff06f          	j	20003334 <_malloc_r+0x128>
20003374:	00442703          	lw	a4,4(s0)
20003378:	00879663          	bne	a5,s0,20003384 <_malloc_r+0x178>
2000337c:	00e9a023          	sw	a4,0(s3)
20003380:	fc1ff06f          	j	20003340 <_malloc_r+0x134>
20003384:	00e7a223          	sw	a4,4(a5)
20003388:	fb9ff06f          	j	20003340 <_malloc_r+0x134>
2000338c:	00040793          	mv	a5,s0
20003390:	00442403          	lw	s0,4(s0)
20003394:	ef9ff06f          	j	2000328c <_malloc_r+0x80>
20003398:	00078413          	mv	s0,a5
2000339c:	0047a783          	lw	a5,4(a5)
200033a0:	f11ff06f          	j	200032b0 <_malloc_r+0xa4>
200033a4:	00078713          	mv	a4,a5
200033a8:	0047a783          	lw	a5,4(a5)
200033ac:	fe879ce3          	bne	a5,s0,200033a4 <_malloc_r+0x198>
200033b0:	00072223          	sw	zero,4(a4)
200033b4:	f8dff06f          	j	20003340 <_malloc_r+0x134>
200033b8:	00c00793          	li	a5,12
200033bc:	00f92023          	sw	a5,0(s2)
200033c0:	00090513          	mv	a0,s2
200033c4:	55c000ef          	jal	20003920 <__malloc_unlock>
200033c8:	e89ff06f          	j	20003250 <_malloc_r+0x44>
200033cc:	00952023          	sw	s1,0(a0)
200033d0:	f71ff06f          	j	20003340 <_malloc_r+0x134>

200033d4 <_printf_common>:
200033d4:	fd010113          	addi	sp,sp,-48
200033d8:	01312e23          	sw	s3,28(sp)
200033dc:	0105a783          	lw	a5,16(a1)
200033e0:	00070993          	mv	s3,a4
200033e4:	0085a703          	lw	a4,8(a1)
200033e8:	02812423          	sw	s0,40(sp)
200033ec:	03212023          	sw	s2,32(sp)
200033f0:	01612823          	sw	s6,16(sp)
200033f4:	01712623          	sw	s7,12(sp)
200033f8:	02112623          	sw	ra,44(sp)
200033fc:	02912223          	sw	s1,36(sp)
20003400:	01412c23          	sw	s4,24(sp)
20003404:	01512a23          	sw	s5,20(sp)
20003408:	00050b13          	mv	s6,a0
2000340c:	00058413          	mv	s0,a1
20003410:	00060913          	mv	s2,a2
20003414:	00068b93          	mv	s7,a3
20003418:	00e7d463          	bge	a5,a4,20003420 <_printf_common+0x4c>
2000341c:	00070793          	mv	a5,a4
20003420:	00f92023          	sw	a5,0(s2)
20003424:	04344703          	lbu	a4,67(s0)
20003428:	00070663          	beqz	a4,20003434 <_printf_common+0x60>
2000342c:	00178793          	addi	a5,a5,1
20003430:	00f92023          	sw	a5,0(s2)
20003434:	00042783          	lw	a5,0(s0)
20003438:	0207f793          	andi	a5,a5,32
2000343c:	00078863          	beqz	a5,2000344c <_printf_common+0x78>
20003440:	00092783          	lw	a5,0(s2)
20003444:	00278793          	addi	a5,a5,2
20003448:	00f92023          	sw	a5,0(s2)
2000344c:	00042483          	lw	s1,0(s0)
20003450:	0064f493          	andi	s1,s1,6
20003454:	00049e63          	bnez	s1,20003470 <_printf_common+0x9c>
20003458:	01940a13          	addi	s4,s0,25
2000345c:	fff00a93          	li	s5,-1
20003460:	00c42783          	lw	a5,12(s0)
20003464:	00092703          	lw	a4,0(s2)
20003468:	40e787b3          	sub	a5,a5,a4
2000346c:	08f4c463          	blt	s1,a5,200034f4 <_printf_common+0x120>
20003470:	00042783          	lw	a5,0(s0)
20003474:	04344683          	lbu	a3,67(s0)
20003478:	0207f793          	andi	a5,a5,32
2000347c:	00d036b3          	snez	a3,a3
20003480:	0c079263          	bnez	a5,20003544 <_printf_common+0x170>
20003484:	04340613          	addi	a2,s0,67
20003488:	000b8593          	mv	a1,s7
2000348c:	000b0513          	mv	a0,s6
20003490:	000980e7          	jalr	s3
20003494:	fff00793          	li	a5,-1
20003498:	06f50a63          	beq	a0,a5,2000350c <_printf_common+0x138>
2000349c:	00042783          	lw	a5,0(s0)
200034a0:	00400713          	li	a4,4
200034a4:	00000493          	li	s1,0
200034a8:	0067f793          	andi	a5,a5,6
200034ac:	00e79e63          	bne	a5,a4,200034c8 <_printf_common+0xf4>
200034b0:	00092783          	lw	a5,0(s2)
200034b4:	00c42483          	lw	s1,12(s0)
200034b8:	40f484b3          	sub	s1,s1,a5
200034bc:	fff4c793          	not	a5,s1
200034c0:	41f7d793          	srai	a5,a5,0x1f
200034c4:	00f4f4b3          	and	s1,s1,a5
200034c8:	00842783          	lw	a5,8(s0)
200034cc:	01042703          	lw	a4,16(s0)
200034d0:	00f75663          	bge	a4,a5,200034dc <_printf_common+0x108>
200034d4:	40e787b3          	sub	a5,a5,a4
200034d8:	00f484b3          	add	s1,s1,a5
200034dc:	00000913          	li	s2,0
200034e0:	01a40413          	addi	s0,s0,26
200034e4:	fff00a13          	li	s4,-1
200034e8:	09249063          	bne	s1,s2,20003568 <_printf_common+0x194>
200034ec:	00000513          	li	a0,0
200034f0:	0200006f          	j	20003510 <_printf_common+0x13c>
200034f4:	00100693          	li	a3,1
200034f8:	000a0613          	mv	a2,s4
200034fc:	000b8593          	mv	a1,s7
20003500:	000b0513          	mv	a0,s6
20003504:	000980e7          	jalr	s3
20003508:	03551a63          	bne	a0,s5,2000353c <_printf_common+0x168>
2000350c:	fff00513          	li	a0,-1
20003510:	02c12083          	lw	ra,44(sp)
20003514:	02812403          	lw	s0,40(sp)
20003518:	02412483          	lw	s1,36(sp)
2000351c:	02012903          	lw	s2,32(sp)
20003520:	01c12983          	lw	s3,28(sp)
20003524:	01812a03          	lw	s4,24(sp)
20003528:	01412a83          	lw	s5,20(sp)
2000352c:	01012b03          	lw	s6,16(sp)
20003530:	00c12b83          	lw	s7,12(sp)
20003534:	03010113          	addi	sp,sp,48
20003538:	00008067          	ret
2000353c:	00148493          	addi	s1,s1,1
20003540:	f21ff06f          	j	20003460 <_printf_common+0x8c>
20003544:	00d40733          	add	a4,s0,a3
20003548:	03000613          	li	a2,48
2000354c:	04c701a3          	sb	a2,67(a4)
20003550:	04544703          	lbu	a4,69(s0)
20003554:	00168793          	addi	a5,a3,1
20003558:	00f407b3          	add	a5,s0,a5
2000355c:	00268693          	addi	a3,a3,2
20003560:	04e781a3          	sb	a4,67(a5)
20003564:	f21ff06f          	j	20003484 <_printf_common+0xb0>
20003568:	00100693          	li	a3,1
2000356c:	00040613          	mv	a2,s0
20003570:	000b8593          	mv	a1,s7
20003574:	000b0513          	mv	a0,s6
20003578:	000980e7          	jalr	s3
2000357c:	f94508e3          	beq	a0,s4,2000350c <_printf_common+0x138>
20003580:	00190913          	addi	s2,s2,1
20003584:	f65ff06f          	j	200034e8 <_printf_common+0x114>

20003588 <_printf_i>:
20003588:	fc010113          	addi	sp,sp,-64
2000358c:	02812c23          	sw	s0,56(sp)
20003590:	02912a23          	sw	s1,52(sp)
20003594:	03412423          	sw	s4,40(sp)
20003598:	03512223          	sw	s5,36(sp)
2000359c:	02112e23          	sw	ra,60(sp)
200035a0:	03212823          	sw	s2,48(sp)
200035a4:	03312623          	sw	s3,44(sp)
200035a8:	0185c783          	lbu	a5,24(a1)
200035ac:	00068493          	mv	s1,a3
200035b0:	07800693          	li	a3,120
200035b4:	00050a13          	mv	s4,a0
200035b8:	00058413          	mv	s0,a1
200035bc:	00060a93          	mv	s5,a2
200035c0:	02f6e263          	bltu	a3,a5,200035e4 <_printf_i+0x5c>
200035c4:	06200693          	li	a3,98
200035c8:	04358613          	addi	a2,a1,67
200035cc:	02f6e063          	bltu	a3,a5,200035ec <_printf_i+0x64>
200035d0:	28078663          	beqz	a5,2000385c <_printf_i+0x2d4>
200035d4:	05800593          	li	a1,88
200035d8:	00001697          	auipc	a3,0x1
200035dc:	03c68693          	addi	a3,a3,60 # 20004614 <__clz_tab+0x114>
200035e0:	1cb78a63          	beq	a5,a1,200037b4 <_printf_i+0x22c>
200035e4:	04240913          	addi	s2,s0,66
200035e8:	0440006f          	j	2000362c <_printf_i+0xa4>
200035ec:	f9d78693          	addi	a3,a5,-99
200035f0:	0ff6f693          	zext.b	a3,a3
200035f4:	01500593          	li	a1,21
200035f8:	fed5e6e3          	bltu	a1,a3,200035e4 <_printf_i+0x5c>
200035fc:	00001597          	auipc	a1,0x1
20003600:	04058593          	addi	a1,a1,64 # 2000463c <__clz_tab+0x13c>
20003604:	00269693          	slli	a3,a3,0x2
20003608:	00b686b3          	add	a3,a3,a1
2000360c:	0006a683          	lw	a3,0(a3)
20003610:	00b686b3          	add	a3,a3,a1
20003614:	00068067          	jr	a3
20003618:	00072783          	lw	a5,0(a4)
2000361c:	04240913          	addi	s2,s0,66
20003620:	00478693          	addi	a3,a5,4
20003624:	0007a783          	lw	a5,0(a5)
20003628:	00d72023          	sw	a3,0(a4)
2000362c:	04f40123          	sb	a5,66(s0)
20003630:	00100793          	li	a5,1
20003634:	2640006f          	j	20003898 <_printf_i+0x310>
20003638:	00042783          	lw	a5,0(s0)
2000363c:	00072503          	lw	a0,0(a4)
20003640:	0807f693          	andi	a3,a5,128
20003644:	00450593          	addi	a1,a0,4
20003648:	02068663          	beqz	a3,20003674 <_printf_i+0xec>
2000364c:	00052783          	lw	a5,0(a0)
20003650:	00b72023          	sw	a1,0(a4)
20003654:	0007d863          	bgez	a5,20003664 <_printf_i+0xdc>
20003658:	02d00713          	li	a4,45
2000365c:	40f007b3          	neg	a5,a5
20003660:	04e401a3          	sb	a4,67(s0)
20003664:	00001697          	auipc	a3,0x1
20003668:	fb068693          	addi	a3,a3,-80 # 20004614 <__clz_tab+0x114>
2000366c:	00a00713          	li	a4,10
20003670:	0680006f          	j	200036d8 <_printf_i+0x150>
20003674:	0407f693          	andi	a3,a5,64
20003678:	00052783          	lw	a5,0(a0)
2000367c:	00b72023          	sw	a1,0(a4)
20003680:	fc068ae3          	beqz	a3,20003654 <_printf_i+0xcc>
20003684:	01079793          	slli	a5,a5,0x10
20003688:	4107d793          	srai	a5,a5,0x10
2000368c:	fc9ff06f          	j	20003654 <_printf_i+0xcc>
20003690:	00042583          	lw	a1,0(s0)
20003694:	00072683          	lw	a3,0(a4)
20003698:	0805f513          	andi	a0,a1,128
2000369c:	0006a783          	lw	a5,0(a3)
200036a0:	00468693          	addi	a3,a3,4
200036a4:	00051a63          	bnez	a0,200036b8 <_printf_i+0x130>
200036a8:	0405f593          	andi	a1,a1,64
200036ac:	00058663          	beqz	a1,200036b8 <_printf_i+0x130>
200036b0:	01079793          	slli	a5,a5,0x10
200036b4:	0107d793          	srli	a5,a5,0x10
200036b8:	00d72023          	sw	a3,0(a4)
200036bc:	01844683          	lbu	a3,24(s0)
200036c0:	06f00713          	li	a4,111
200036c4:	14e69663          	bne	a3,a4,20003810 <_printf_i+0x288>
200036c8:	00001697          	auipc	a3,0x1
200036cc:	f4c68693          	addi	a3,a3,-180 # 20004614 <__clz_tab+0x114>
200036d0:	00800713          	li	a4,8
200036d4:	040401a3          	sb	zero,67(s0)
200036d8:	00442583          	lw	a1,4(s0)
200036dc:	00b42423          	sw	a1,8(s0)
200036e0:	0005ce63          	bltz	a1,200036fc <_printf_i+0x174>
200036e4:	00042503          	lw	a0,0(s0)
200036e8:	00b7e5b3          	or	a1,a5,a1
200036ec:	00060913          	mv	s2,a2
200036f0:	ffb57513          	andi	a0,a0,-5
200036f4:	00a42023          	sw	a0,0(s0)
200036f8:	02058463          	beqz	a1,20003720 <_printf_i+0x198>
200036fc:	00060913          	mv	s2,a2
20003700:	02e7f5b3          	remu	a1,a5,a4
20003704:	fff90913          	addi	s2,s2,-1
20003708:	00b685b3          	add	a1,a3,a1
2000370c:	0005c583          	lbu	a1,0(a1)
20003710:	00b90023          	sb	a1,0(s2)
20003714:	00078593          	mv	a1,a5
20003718:	02e7d7b3          	divu	a5,a5,a4
2000371c:	fee5f2e3          	bgeu	a1,a4,20003700 <_printf_i+0x178>
20003720:	00800793          	li	a5,8
20003724:	02f71463          	bne	a4,a5,2000374c <_printf_i+0x1c4>
20003728:	00042783          	lw	a5,0(s0)
2000372c:	0017f793          	andi	a5,a5,1
20003730:	00078e63          	beqz	a5,2000374c <_printf_i+0x1c4>
20003734:	00442703          	lw	a4,4(s0)
20003738:	01042783          	lw	a5,16(s0)
2000373c:	00e7c863          	blt	a5,a4,2000374c <_printf_i+0x1c4>
20003740:	03000793          	li	a5,48
20003744:	fef90fa3          	sb	a5,-1(s2)
20003748:	fff90913          	addi	s2,s2,-1
2000374c:	41260633          	sub	a2,a2,s2
20003750:	00c42823          	sw	a2,16(s0)
20003754:	00048713          	mv	a4,s1
20003758:	000a8693          	mv	a3,s5
2000375c:	01c10613          	addi	a2,sp,28
20003760:	00040593          	mv	a1,s0
20003764:	000a0513          	mv	a0,s4
20003768:	c6dff0ef          	jal	200033d4 <_printf_common>
2000376c:	fff00993          	li	s3,-1
20003770:	13351a63          	bne	a0,s3,200038a4 <_printf_i+0x31c>
20003774:	fff00513          	li	a0,-1
20003778:	03c12083          	lw	ra,60(sp)
2000377c:	03812403          	lw	s0,56(sp)
20003780:	03412483          	lw	s1,52(sp)
20003784:	03012903          	lw	s2,48(sp)
20003788:	02c12983          	lw	s3,44(sp)
2000378c:	02812a03          	lw	s4,40(sp)
20003790:	02412a83          	lw	s5,36(sp)
20003794:	04010113          	addi	sp,sp,64
20003798:	00008067          	ret
2000379c:	00042783          	lw	a5,0(s0)
200037a0:	0207e793          	ori	a5,a5,32
200037a4:	00f42023          	sw	a5,0(s0)
200037a8:	07800793          	li	a5,120
200037ac:	00001697          	auipc	a3,0x1
200037b0:	e7c68693          	addi	a3,a3,-388 # 20004628 <__clz_tab+0x128>
200037b4:	04f402a3          	sb	a5,69(s0)
200037b8:	00042583          	lw	a1,0(s0)
200037bc:	00072503          	lw	a0,0(a4)
200037c0:	0805f813          	andi	a6,a1,128
200037c4:	00052783          	lw	a5,0(a0)
200037c8:	00450513          	addi	a0,a0,4
200037cc:	00081a63          	bnez	a6,200037e0 <_printf_i+0x258>
200037d0:	0405f813          	andi	a6,a1,64
200037d4:	00080663          	beqz	a6,200037e0 <_printf_i+0x258>
200037d8:	01079793          	slli	a5,a5,0x10
200037dc:	0107d793          	srli	a5,a5,0x10
200037e0:	00a72023          	sw	a0,0(a4)
200037e4:	0015f713          	andi	a4,a1,1
200037e8:	00070663          	beqz	a4,200037f4 <_printf_i+0x26c>
200037ec:	0205e593          	ori	a1,a1,32
200037f0:	00b42023          	sw	a1,0(s0)
200037f4:	00078663          	beqz	a5,20003800 <_printf_i+0x278>
200037f8:	01000713          	li	a4,16
200037fc:	ed9ff06f          	j	200036d4 <_printf_i+0x14c>
20003800:	00042703          	lw	a4,0(s0)
20003804:	fdf77713          	andi	a4,a4,-33
20003808:	00e42023          	sw	a4,0(s0)
2000380c:	fedff06f          	j	200037f8 <_printf_i+0x270>
20003810:	00001697          	auipc	a3,0x1
20003814:	e0468693          	addi	a3,a3,-508 # 20004614 <__clz_tab+0x114>
20003818:	00a00713          	li	a4,10
2000381c:	eb9ff06f          	j	200036d4 <_printf_i+0x14c>
20003820:	00042683          	lw	a3,0(s0)
20003824:	00072783          	lw	a5,0(a4)
20003828:	01442583          	lw	a1,20(s0)
2000382c:	0806f813          	andi	a6,a3,128
20003830:	00478513          	addi	a0,a5,4
20003834:	00080a63          	beqz	a6,20003848 <_printf_i+0x2c0>
20003838:	00a72023          	sw	a0,0(a4)
2000383c:	0007a783          	lw	a5,0(a5)
20003840:	00b7a023          	sw	a1,0(a5)
20003844:	0180006f          	j	2000385c <_printf_i+0x2d4>
20003848:	00a72023          	sw	a0,0(a4)
2000384c:	0406f693          	andi	a3,a3,64
20003850:	0007a783          	lw	a5,0(a5)
20003854:	fe0686e3          	beqz	a3,20003840 <_printf_i+0x2b8>
20003858:	00b79023          	sh	a1,0(a5)
2000385c:	00042823          	sw	zero,16(s0)
20003860:	00060913          	mv	s2,a2
20003864:	ef1ff06f          	j	20003754 <_printf_i+0x1cc>
20003868:	00072783          	lw	a5,0(a4)
2000386c:	00442603          	lw	a2,4(s0)
20003870:	00000593          	li	a1,0
20003874:	00478693          	addi	a3,a5,4
20003878:	00d72023          	sw	a3,0(a4)
2000387c:	0007a903          	lw	s2,0(a5)
20003880:	00090513          	mv	a0,s2
20003884:	069000ef          	jal	200040ec <memchr>
20003888:	00050663          	beqz	a0,20003894 <_printf_i+0x30c>
2000388c:	41250533          	sub	a0,a0,s2
20003890:	00a42223          	sw	a0,4(s0)
20003894:	00442783          	lw	a5,4(s0)
20003898:	00f42823          	sw	a5,16(s0)
2000389c:	040401a3          	sb	zero,67(s0)
200038a0:	eb5ff06f          	j	20003754 <_printf_i+0x1cc>
200038a4:	01042683          	lw	a3,16(s0)
200038a8:	00090613          	mv	a2,s2
200038ac:	000a8593          	mv	a1,s5
200038b0:	000a0513          	mv	a0,s4
200038b4:	000480e7          	jalr	s1
200038b8:	eb350ee3          	beq	a0,s3,20003774 <_printf_i+0x1ec>
200038bc:	00042783          	lw	a5,0(s0)
200038c0:	0027f793          	andi	a5,a5,2
200038c4:	04079663          	bnez	a5,20003910 <_printf_i+0x388>
200038c8:	01c12783          	lw	a5,28(sp)
200038cc:	00c42503          	lw	a0,12(s0)
200038d0:	eaf554e3          	bge	a0,a5,20003778 <_printf_i+0x1f0>
200038d4:	00078513          	mv	a0,a5
200038d8:	ea1ff06f          	j	20003778 <_printf_i+0x1f0>
200038dc:	00100693          	li	a3,1
200038e0:	000a8593          	mv	a1,s5
200038e4:	000a0513          	mv	a0,s4
200038e8:	00c12623          	sw	a2,12(sp)
200038ec:	000480e7          	jalr	s1
200038f0:	e93502e3          	beq	a0,s3,20003774 <_printf_i+0x1ec>
200038f4:	00c12603          	lw	a2,12(sp)
200038f8:	00190913          	addi	s2,s2,1
200038fc:	00c42783          	lw	a5,12(s0)
20003900:	01c12703          	lw	a4,28(sp)
20003904:	40e787b3          	sub	a5,a5,a4
20003908:	fcf94ae3          	blt	s2,a5,200038dc <_printf_i+0x354>
2000390c:	fbdff06f          	j	200038c8 <_printf_i+0x340>
20003910:	00000913          	li	s2,0
20003914:	01940613          	addi	a2,s0,25
20003918:	fe5ff06f          	j	200038fc <_printf_i+0x374>

2000391c <__malloc_lock>:
2000391c:	00008067          	ret

20003920 <__malloc_unlock>:
20003920:	00008067          	ret

20003924 <__sread>:
20003924:	ff010113          	addi	sp,sp,-16
20003928:	00812423          	sw	s0,8(sp)
2000392c:	00058413          	mv	s0,a1
20003930:	00e59583          	lh	a1,14(a1)
20003934:	00112623          	sw	ra,12(sp)
20003938:	029000ef          	jal	20004160 <_read_r>
2000393c:	02054063          	bltz	a0,2000395c <__sread+0x38>
20003940:	05442783          	lw	a5,84(s0)
20003944:	00a787b3          	add	a5,a5,a0
20003948:	04f42a23          	sw	a5,84(s0)
2000394c:	00c12083          	lw	ra,12(sp)
20003950:	00812403          	lw	s0,8(sp)
20003954:	01010113          	addi	sp,sp,16
20003958:	00008067          	ret
2000395c:	00c45783          	lhu	a5,12(s0)
20003960:	fffff737          	lui	a4,0xfffff
20003964:	fff70713          	addi	a4,a4,-1 # ffffefff <__stack_top+0xdfff9ae3>
20003968:	00e7f7b3          	and	a5,a5,a4
2000396c:	00f41623          	sh	a5,12(s0)
20003970:	fddff06f          	j	2000394c <__sread+0x28>

20003974 <__seofread>:
20003974:	00000513          	li	a0,0
20003978:	00008067          	ret

2000397c <__swrite>:
2000397c:	00c5d783          	lhu	a5,12(a1)
20003980:	fe010113          	addi	sp,sp,-32
20003984:	00812c23          	sw	s0,24(sp)
20003988:	00912a23          	sw	s1,20(sp)
2000398c:	01212823          	sw	s2,16(sp)
20003990:	01312623          	sw	s3,12(sp)
20003994:	00112e23          	sw	ra,28(sp)
20003998:	1007f793          	andi	a5,a5,256
2000399c:	00050493          	mv	s1,a0
200039a0:	00058413          	mv	s0,a1
200039a4:	00060913          	mv	s2,a2
200039a8:	00068993          	mv	s3,a3
200039ac:	00078a63          	beqz	a5,200039c0 <__swrite+0x44>
200039b0:	00e59583          	lh	a1,14(a1)
200039b4:	00200693          	li	a3,2
200039b8:	00000613          	li	a2,0
200039bc:	754000ef          	jal	20004110 <_lseek_r>
200039c0:	00c45783          	lhu	a5,12(s0)
200039c4:	fffff737          	lui	a4,0xfffff
200039c8:	fff70713          	addi	a4,a4,-1 # ffffefff <__stack_top+0xdfff9ae3>
200039cc:	00e7f7b3          	and	a5,a5,a4
200039d0:	00e41583          	lh	a1,14(s0)
200039d4:	00f41623          	sh	a5,12(s0)
200039d8:	01812403          	lw	s0,24(sp)
200039dc:	01c12083          	lw	ra,28(sp)
200039e0:	00098693          	mv	a3,s3
200039e4:	00090613          	mv	a2,s2
200039e8:	00c12983          	lw	s3,12(sp)
200039ec:	01012903          	lw	s2,16(sp)
200039f0:	00048513          	mv	a0,s1
200039f4:	01412483          	lw	s1,20(sp)
200039f8:	02010113          	addi	sp,sp,32
200039fc:	7fc0006f          	j	200041f8 <_write_r>

20003a00 <__sseek>:
20003a00:	ff010113          	addi	sp,sp,-16
20003a04:	00812423          	sw	s0,8(sp)
20003a08:	00058413          	mv	s0,a1
20003a0c:	00e59583          	lh	a1,14(a1)
20003a10:	00112623          	sw	ra,12(sp)
20003a14:	6fc000ef          	jal	20004110 <_lseek_r>
20003a18:	fff00713          	li	a4,-1
20003a1c:	00c41783          	lh	a5,12(s0)
20003a20:	02e51263          	bne	a0,a4,20003a44 <__sseek+0x44>
20003a24:	80050713          	addi	a4,a0,-2048
20003a28:	80070713          	addi	a4,a4,-2048
20003a2c:	00e7f7b3          	and	a5,a5,a4
20003a30:	00f41623          	sh	a5,12(s0)
20003a34:	00c12083          	lw	ra,12(sp)
20003a38:	00812403          	lw	s0,8(sp)
20003a3c:	01010113          	addi	sp,sp,16
20003a40:	00008067          	ret
20003a44:	00001737          	lui	a4,0x1
20003a48:	00e7e7b3          	or	a5,a5,a4
20003a4c:	00f41623          	sh	a5,12(s0)
20003a50:	04a42a23          	sw	a0,84(s0)
20003a54:	fe1ff06f          	j	20003a34 <__sseek+0x34>

20003a58 <__sclose>:
20003a58:	00e59583          	lh	a1,14(a1)
20003a5c:	7ec0006f          	j	20004248 <_close_r>

20003a60 <__swbuf_r>:
20003a60:	fe010113          	addi	sp,sp,-32
20003a64:	00812c23          	sw	s0,24(sp)
20003a68:	00912a23          	sw	s1,20(sp)
20003a6c:	01312623          	sw	s3,12(sp)
20003a70:	00112e23          	sw	ra,28(sp)
20003a74:	01212823          	sw	s2,16(sp)
20003a78:	00050493          	mv	s1,a0
20003a7c:	00058993          	mv	s3,a1
20003a80:	00060413          	mv	s0,a2
20003a84:	00050863          	beqz	a0,20003a94 <__swbuf_r+0x34>
20003a88:	02052783          	lw	a5,32(a0)
20003a8c:	00079463          	bnez	a5,20003a94 <__swbuf_r+0x34>
20003a90:	b09fe0ef          	jal	20002598 <__sinit>
20003a94:	01842783          	lw	a5,24(s0)
20003a98:	00f42423          	sw	a5,8(s0)
20003a9c:	00c45783          	lhu	a5,12(s0)
20003aa0:	0087f793          	andi	a5,a5,8
20003aa4:	00078663          	beqz	a5,20003ab0 <__swbuf_r+0x50>
20003aa8:	01042783          	lw	a5,16(s0)
20003aac:	02079c63          	bnez	a5,20003ae4 <__swbuf_r+0x84>
20003ab0:	00040593          	mv	a1,s0
20003ab4:	00048513          	mv	a0,s1
20003ab8:	0b8000ef          	jal	20003b70 <__swsetup_r>
20003abc:	02050463          	beqz	a0,20003ae4 <__swbuf_r+0x84>
20003ac0:	fff00913          	li	s2,-1
20003ac4:	01c12083          	lw	ra,28(sp)
20003ac8:	01812403          	lw	s0,24(sp)
20003acc:	01412483          	lw	s1,20(sp)
20003ad0:	00c12983          	lw	s3,12(sp)
20003ad4:	00090513          	mv	a0,s2
20003ad8:	01012903          	lw	s2,16(sp)
20003adc:	02010113          	addi	sp,sp,32
20003ae0:	00008067          	ret
20003ae4:	01042783          	lw	a5,16(s0)
20003ae8:	00042503          	lw	a0,0(s0)
20003aec:	40f50533          	sub	a0,a0,a5
20003af0:	01442783          	lw	a5,20(s0)
20003af4:	00f54a63          	blt	a0,a5,20003b08 <__swbuf_r+0xa8>
20003af8:	00040593          	mv	a1,s0
20003afc:	00048513          	mv	a0,s1
20003b00:	d80fe0ef          	jal	20002080 <_fflush_r>
20003b04:	fa051ee3          	bnez	a0,20003ac0 <__swbuf_r+0x60>
20003b08:	00842783          	lw	a5,8(s0)
20003b0c:	00150513          	addi	a0,a0,1
20003b10:	0ff9f913          	zext.b	s2,s3
20003b14:	fff78793          	addi	a5,a5,-1
20003b18:	00f42423          	sw	a5,8(s0)
20003b1c:	00042783          	lw	a5,0(s0)
20003b20:	00178713          	addi	a4,a5,1
20003b24:	00e42023          	sw	a4,0(s0)
20003b28:	01378023          	sb	s3,0(a5)
20003b2c:	01442783          	lw	a5,20(s0)
20003b30:	00a78c63          	beq	a5,a0,20003b48 <__swbuf_r+0xe8>
20003b34:	00c45783          	lhu	a5,12(s0)
20003b38:	0017f793          	andi	a5,a5,1
20003b3c:	f80784e3          	beqz	a5,20003ac4 <__swbuf_r+0x64>
20003b40:	ff690793          	addi	a5,s2,-10
20003b44:	f80790e3          	bnez	a5,20003ac4 <__swbuf_r+0x64>
20003b48:	00040593          	mv	a1,s0
20003b4c:	00048513          	mv	a0,s1
20003b50:	d30fe0ef          	jal	20002080 <_fflush_r>
20003b54:	f60508e3          	beqz	a0,20003ac4 <__swbuf_r+0x64>
20003b58:	f69ff06f          	j	20003ac0 <__swbuf_r+0x60>

20003b5c <__swbuf>:
20003b5c:	00058613          	mv	a2,a1
20003b60:	00050593          	mv	a1,a0
20003b64:	00001517          	auipc	a0,0x1
20003b68:	c1052503          	lw	a0,-1008(a0) # 20004774 <_impure_ptr>
20003b6c:	ef5ff06f          	j	20003a60 <__swbuf_r>

20003b70 <__swsetup_r>:
20003b70:	ff010113          	addi	sp,sp,-16
20003b74:	00912223          	sw	s1,4(sp)
20003b78:	00050493          	mv	s1,a0
20003b7c:	00001517          	auipc	a0,0x1
20003b80:	bf852503          	lw	a0,-1032(a0) # 20004774 <_impure_ptr>
20003b84:	00812423          	sw	s0,8(sp)
20003b88:	00112623          	sw	ra,12(sp)
20003b8c:	00058413          	mv	s0,a1
20003b90:	00050863          	beqz	a0,20003ba0 <__swsetup_r+0x30>
20003b94:	02052783          	lw	a5,32(a0)
20003b98:	00079463          	bnez	a5,20003ba0 <__swsetup_r+0x30>
20003b9c:	9fdfe0ef          	jal	20002598 <__sinit>
20003ba0:	00c41783          	lh	a5,12(s0)
20003ba4:	0087f713          	andi	a4,a5,8
20003ba8:	06071263          	bnez	a4,20003c0c <__swsetup_r+0x9c>
20003bac:	0107f713          	andi	a4,a5,16
20003bb0:	00071e63          	bnez	a4,20003bcc <__swsetup_r+0x5c>
20003bb4:	00900713          	li	a4,9
20003bb8:	00e4a023          	sw	a4,0(s1)
20003bbc:	0407e793          	ori	a5,a5,64
20003bc0:	00f41623          	sh	a5,12(s0)
20003bc4:	fff00513          	li	a0,-1
20003bc8:	0980006f          	j	20003c60 <__swsetup_r+0xf0>
20003bcc:	0047f713          	andi	a4,a5,4
20003bd0:	02070a63          	beqz	a4,20003c04 <__swsetup_r+0x94>
20003bd4:	03442583          	lw	a1,52(s0)
20003bd8:	00058c63          	beqz	a1,20003bf0 <__swsetup_r+0x80>
20003bdc:	04440793          	addi	a5,s0,68
20003be0:	00f58663          	beq	a1,a5,20003bec <__swsetup_r+0x7c>
20003be4:	00048513          	mv	a0,s1
20003be8:	ff1fe0ef          	jal	20002bd8 <_free_r>
20003bec:	02042a23          	sw	zero,52(s0)
20003bf0:	00c45783          	lhu	a5,12(s0)
20003bf4:	01042703          	lw	a4,16(s0)
20003bf8:	00042223          	sw	zero,4(s0)
20003bfc:	fdb7f793          	andi	a5,a5,-37
20003c00:	00e42023          	sw	a4,0(s0)
20003c04:	0087e793          	ori	a5,a5,8
20003c08:	00f41623          	sh	a5,12(s0)
20003c0c:	01042783          	lw	a5,16(s0)
20003c10:	02079063          	bnez	a5,20003c30 <__swsetup_r+0xc0>
20003c14:	00c42783          	lw	a5,12(s0)
20003c18:	20000713          	li	a4,512
20003c1c:	2807f793          	andi	a5,a5,640
20003c20:	00e78863          	beq	a5,a4,20003c30 <__swsetup_r+0xc0>
20003c24:	00040593          	mv	a1,s0
20003c28:	00048513          	mv	a0,s1
20003c2c:	b01fe0ef          	jal	2000272c <__smakebuf_r>
20003c30:	00c41783          	lh	a5,12(s0)
20003c34:	0017f713          	andi	a4,a5,1
20003c38:	02070e63          	beqz	a4,20003c74 <__swsetup_r+0x104>
20003c3c:	01442703          	lw	a4,20(s0)
20003c40:	00042423          	sw	zero,8(s0)
20003c44:	40e00733          	neg	a4,a4
20003c48:	00e42c23          	sw	a4,24(s0)
20003c4c:	01042703          	lw	a4,16(s0)
20003c50:	00000513          	li	a0,0
20003c54:	00071663          	bnez	a4,20003c60 <__swsetup_r+0xf0>
20003c58:	0807f713          	andi	a4,a5,128
20003c5c:	f60710e3          	bnez	a4,20003bbc <__swsetup_r+0x4c>
20003c60:	00c12083          	lw	ra,12(sp)
20003c64:	00812403          	lw	s0,8(sp)
20003c68:	00412483          	lw	s1,4(sp)
20003c6c:	01010113          	addi	sp,sp,16
20003c70:	00008067          	ret
20003c74:	0027f713          	andi	a4,a5,2
20003c78:	00000693          	li	a3,0
20003c7c:	00071463          	bnez	a4,20003c84 <__swsetup_r+0x114>
20003c80:	01442683          	lw	a3,20(s0)
20003c84:	00d42423          	sw	a3,8(s0)
20003c88:	fc5ff06f          	j	20003c4c <__swsetup_r+0xdc>

20003c8c <__sfvwrite_r>:
20003c8c:	00862783          	lw	a5,8(a2)
20003c90:	04079663          	bnez	a5,20003cdc <__sfvwrite_r+0x50>
20003c94:	00000513          	li	a0,0
20003c98:	00008067          	ret
20003c9c:	00000513          	li	a0,0
20003ca0:	03c12083          	lw	ra,60(sp)
20003ca4:	03812403          	lw	s0,56(sp)
20003ca8:	03412483          	lw	s1,52(sp)
20003cac:	03012903          	lw	s2,48(sp)
20003cb0:	02c12983          	lw	s3,44(sp)
20003cb4:	02812a03          	lw	s4,40(sp)
20003cb8:	02412a83          	lw	s5,36(sp)
20003cbc:	02012b03          	lw	s6,32(sp)
20003cc0:	01c12b83          	lw	s7,28(sp)
20003cc4:	01812c03          	lw	s8,24(sp)
20003cc8:	01412c83          	lw	s9,20(sp)
20003ccc:	01012d03          	lw	s10,16(sp)
20003cd0:	00c12d83          	lw	s11,12(sp)
20003cd4:	04010113          	addi	sp,sp,64
20003cd8:	00008067          	ret
20003cdc:	00c5d783          	lhu	a5,12(a1)
20003ce0:	fc010113          	addi	sp,sp,-64
20003ce4:	02812c23          	sw	s0,56(sp)
20003ce8:	03312623          	sw	s3,44(sp)
20003cec:	03512223          	sw	s5,36(sp)
20003cf0:	02112e23          	sw	ra,60(sp)
20003cf4:	02912a23          	sw	s1,52(sp)
20003cf8:	03212823          	sw	s2,48(sp)
20003cfc:	03412423          	sw	s4,40(sp)
20003d00:	03612023          	sw	s6,32(sp)
20003d04:	01712e23          	sw	s7,28(sp)
20003d08:	01812c23          	sw	s8,24(sp)
20003d0c:	01912a23          	sw	s9,20(sp)
20003d10:	01a12823          	sw	s10,16(sp)
20003d14:	01b12623          	sw	s11,12(sp)
20003d18:	0087f793          	andi	a5,a5,8
20003d1c:	00060a93          	mv	s5,a2
20003d20:	00058413          	mv	s0,a1
20003d24:	00050993          	mv	s3,a0
20003d28:	0e078263          	beqz	a5,20003e0c <__sfvwrite_r+0x180>
20003d2c:	0105a783          	lw	a5,16(a1)
20003d30:	0c078e63          	beqz	a5,20003e0c <__sfvwrite_r+0x180>
20003d34:	00c41783          	lh	a5,12(s0)
20003d38:	000aaa03          	lw	s4,0(s5)
20003d3c:	0027f713          	andi	a4,a5,2
20003d40:	12071c63          	bnez	a4,20003e78 <__sfvwrite_r+0x1ec>
20003d44:	0017f793          	andi	a5,a5,1
20003d48:	1c078c63          	beqz	a5,20003f20 <__sfvwrite_r+0x294>
20003d4c:	00000b93          	li	s7,0
20003d50:	00000513          	li	a0,0
20003d54:	00000b13          	li	s6,0
20003d58:	00000913          	li	s2,0
20003d5c:	32090663          	beqz	s2,20004088 <__sfvwrite_r+0x3fc>
20003d60:	02051263          	bnez	a0,20003d84 <__sfvwrite_r+0xf8>
20003d64:	00090613          	mv	a2,s2
20003d68:	00a00593          	li	a1,10
20003d6c:	000b0513          	mv	a0,s6
20003d70:	37c000ef          	jal	200040ec <memchr>
20003d74:	00190b93          	addi	s7,s2,1
20003d78:	00050663          	beqz	a0,20003d84 <__sfvwrite_r+0xf8>
20003d7c:	00150513          	addi	a0,a0,1
20003d80:	41650bb3          	sub	s7,a0,s6
20003d84:	000b8c13          	mv	s8,s7
20003d88:	01797463          	bgeu	s2,s7,20003d90 <__sfvwrite_r+0x104>
20003d8c:	00090c13          	mv	s8,s2
20003d90:	01442683          	lw	a3,20(s0)
20003d94:	00842483          	lw	s1,8(s0)
20003d98:	00042503          	lw	a0,0(s0)
20003d9c:	01042783          	lw	a5,16(s0)
20003da0:	009684b3          	add	s1,a3,s1
20003da4:	2ea7fc63          	bgeu	a5,a0,2000409c <__sfvwrite_r+0x410>
20003da8:	2f84da63          	bge	s1,s8,2000409c <__sfvwrite_r+0x410>
20003dac:	000b0593          	mv	a1,s6
20003db0:	00048613          	mv	a2,s1
20003db4:	4dc000ef          	jal	20004290 <memmove>
20003db8:	00042783          	lw	a5,0(s0)
20003dbc:	00040593          	mv	a1,s0
20003dc0:	00098513          	mv	a0,s3
20003dc4:	009787b3          	add	a5,a5,s1
20003dc8:	00f42023          	sw	a5,0(s0)
20003dcc:	ab4fe0ef          	jal	20002080 <_fflush_r>
20003dd0:	14051063          	bnez	a0,20003f10 <__sfvwrite_r+0x284>
20003dd4:	409b8bb3          	sub	s7,s7,s1
20003dd8:	00100513          	li	a0,1
20003ddc:	000b9a63          	bnez	s7,20003df0 <__sfvwrite_r+0x164>
20003de0:	00040593          	mv	a1,s0
20003de4:	00098513          	mv	a0,s3
20003de8:	a98fe0ef          	jal	20002080 <_fflush_r>
20003dec:	12051263          	bnez	a0,20003f10 <__sfvwrite_r+0x284>
20003df0:	008aa783          	lw	a5,8(s5)
20003df4:	409787b3          	sub	a5,a5,s1
20003df8:	00faa423          	sw	a5,8(s5)
20003dfc:	ea0780e3          	beqz	a5,20003c9c <__sfvwrite_r+0x10>
20003e00:	009b0b33          	add	s6,s6,s1
20003e04:	40990933          	sub	s2,s2,s1
20003e08:	f55ff06f          	j	20003d5c <__sfvwrite_r+0xd0>
20003e0c:	00040593          	mv	a1,s0
20003e10:	00098513          	mv	a0,s3
20003e14:	d5dff0ef          	jal	20003b70 <__swsetup_r>
20003e18:	f0050ee3          	beqz	a0,20003d34 <__sfvwrite_r+0xa8>
20003e1c:	fff00513          	li	a0,-1
20003e20:	e81ff06f          	j	20003ca0 <__sfvwrite_r+0x14>
20003e24:	000a2903          	lw	s2,0(s4)
20003e28:	004a2483          	lw	s1,4(s4)
20003e2c:	008a0a13          	addi	s4,s4,8
20003e30:	fe048ae3          	beqz	s1,20003e24 <__sfvwrite_r+0x198>
20003e34:	00048693          	mv	a3,s1
20003e38:	009b7663          	bgeu	s6,s1,20003e44 <__sfvwrite_r+0x1b8>
20003e3c:	800006b7          	lui	a3,0x80000
20003e40:	c0068693          	addi	a3,a3,-1024 # 7ffffc00 <__stack_top+0x5fffa6e4>
20003e44:	02842783          	lw	a5,40(s0)
20003e48:	02042583          	lw	a1,32(s0)
20003e4c:	00090613          	mv	a2,s2
20003e50:	00098513          	mv	a0,s3
20003e54:	000780e7          	jalr	a5
20003e58:	0aa05c63          	blez	a0,20003f10 <__sfvwrite_r+0x284>
20003e5c:	008aa783          	lw	a5,8(s5)
20003e60:	40a787b3          	sub	a5,a5,a0
20003e64:	00faa423          	sw	a5,8(s5)
20003e68:	e2078ae3          	beqz	a5,20003c9c <__sfvwrite_r+0x10>
20003e6c:	00a90933          	add	s2,s2,a0
20003e70:	40a484b3          	sub	s1,s1,a0
20003e74:	fbdff06f          	j	20003e30 <__sfvwrite_r+0x1a4>
20003e78:	80000b37          	lui	s6,0x80000
20003e7c:	00000913          	li	s2,0
20003e80:	00000493          	li	s1,0
20003e84:	c00b0b13          	addi	s6,s6,-1024 # 7ffffc00 <__stack_top+0x5fffa6e4>
20003e88:	fa9ff06f          	j	20003e30 <__sfvwrite_r+0x1a4>
20003e8c:	000a2b03          	lw	s6,0(s4)
20003e90:	004a2483          	lw	s1,4(s4)
20003e94:	008a0a13          	addi	s4,s4,8
20003e98:	fe048ae3          	beqz	s1,20003e8c <__sfvwrite_r+0x200>
20003e9c:	00c41783          	lh	a5,12(s0)
20003ea0:	00842d03          	lw	s10,8(s0)
20003ea4:	00042503          	lw	a0,0(s0)
20003ea8:	2007f713          	andi	a4,a5,512
20003eac:	14070863          	beqz	a4,20003ffc <__sfvwrite_r+0x370>
20003eb0:	000d0d93          	mv	s11,s10
20003eb4:	13a4ec63          	bltu	s1,s10,20003fec <__sfvwrite_r+0x360>
20003eb8:	4807f713          	andi	a4,a5,1152
20003ebc:	12070c63          	beqz	a4,20003ff4 <__sfvwrite_r+0x368>
20003ec0:	01442903          	lw	s2,20(s0)
20003ec4:	01042583          	lw	a1,16(s0)
20003ec8:	03890933          	mul	s2,s2,s8
20003ecc:	40b50db3          	sub	s11,a0,a1
20003ed0:	001d8713          	addi	a4,s11,1
20003ed4:	00970733          	add	a4,a4,s1
20003ed8:	03994933          	div	s2,s2,s9
20003edc:	00090613          	mv	a2,s2
20003ee0:	00e97663          	bgeu	s2,a4,20003eec <__sfvwrite_r+0x260>
20003ee4:	00070913          	mv	s2,a4
20003ee8:	00070613          	mv	a2,a4
20003eec:	4007f793          	andi	a5,a5,1024
20003ef0:	0c078863          	beqz	a5,20003fc0 <__sfvwrite_r+0x334>
20003ef4:	00060593          	mv	a1,a2
20003ef8:	00098513          	mv	a0,s3
20003efc:	b10ff0ef          	jal	2000320c <_malloc_r>
20003f00:	00050d13          	mv	s10,a0
20003f04:	02051c63          	bnez	a0,20003f3c <__sfvwrite_r+0x2b0>
20003f08:	00c00793          	li	a5,12
20003f0c:	00f9a023          	sw	a5,0(s3)
20003f10:	00c45783          	lhu	a5,12(s0)
20003f14:	0407e793          	ori	a5,a5,64
20003f18:	00f41623          	sh	a5,12(s0)
20003f1c:	f01ff06f          	j	20003e1c <__sfvwrite_r+0x190>
20003f20:	80000bb7          	lui	s7,0x80000
20003f24:	00000b13          	li	s6,0
20003f28:	00000493          	li	s1,0
20003f2c:	fffb8b93          	addi	s7,s7,-1 # 7fffffff <__stack_top+0x5fffaae3>
20003f30:	00300c13          	li	s8,3
20003f34:	00200c93          	li	s9,2
20003f38:	f61ff06f          	j	20003e98 <__sfvwrite_r+0x20c>
20003f3c:	01042583          	lw	a1,16(s0)
20003f40:	000d8613          	mv	a2,s11
20003f44:	388000ef          	jal	200042cc <memcpy>
20003f48:	00c45783          	lhu	a5,12(s0)
20003f4c:	b7f7f793          	andi	a5,a5,-1153
20003f50:	0807e793          	ori	a5,a5,128
20003f54:	00f41623          	sh	a5,12(s0)
20003f58:	01a42823          	sw	s10,16(s0)
20003f5c:	01242a23          	sw	s2,20(s0)
20003f60:	01bd0d33          	add	s10,s10,s11
20003f64:	41b90933          	sub	s2,s2,s11
20003f68:	01a42023          	sw	s10,0(s0)
20003f6c:	01242423          	sw	s2,8(s0)
20003f70:	00048d13          	mv	s10,s1
20003f74:	00048913          	mv	s2,s1
20003f78:	00048d93          	mv	s11,s1
20003f7c:	00042503          	lw	a0,0(s0)
20003f80:	000d8613          	mv	a2,s11
20003f84:	000b0593          	mv	a1,s6
20003f88:	308000ef          	jal	20004290 <memmove>
20003f8c:	00842783          	lw	a5,8(s0)
20003f90:	41a787b3          	sub	a5,a5,s10
20003f94:	00f42423          	sw	a5,8(s0)
20003f98:	00042783          	lw	a5,0(s0)
20003f9c:	01b787b3          	add	a5,a5,s11
20003fa0:	00f42023          	sw	a5,0(s0)
20003fa4:	008aa783          	lw	a5,8(s5)
20003fa8:	412787b3          	sub	a5,a5,s2
20003fac:	00faa423          	sw	a5,8(s5)
20003fb0:	ce0786e3          	beqz	a5,20003c9c <__sfvwrite_r+0x10>
20003fb4:	012b0b33          	add	s6,s6,s2
20003fb8:	412484b3          	sub	s1,s1,s2
20003fbc:	eddff06f          	j	20003e98 <__sfvwrite_r+0x20c>
20003fc0:	00098513          	mv	a0,s3
20003fc4:	32c000ef          	jal	200042f0 <_realloc_r>
20003fc8:	00050d13          	mv	s10,a0
20003fcc:	f80516e3          	bnez	a0,20003f58 <__sfvwrite_r+0x2cc>
20003fd0:	01042583          	lw	a1,16(s0)
20003fd4:	00098513          	mv	a0,s3
20003fd8:	c01fe0ef          	jal	20002bd8 <_free_r>
20003fdc:	00c45783          	lhu	a5,12(s0)
20003fe0:	f7f7f793          	andi	a5,a5,-129
20003fe4:	00f41623          	sh	a5,12(s0)
20003fe8:	f21ff06f          	j	20003f08 <__sfvwrite_r+0x27c>
20003fec:	00048d13          	mv	s10,s1
20003ff0:	f85ff06f          	j	20003f74 <__sfvwrite_r+0x2e8>
20003ff4:	00048913          	mv	s2,s1
20003ff8:	f85ff06f          	j	20003f7c <__sfvwrite_r+0x2f0>
20003ffc:	01042783          	lw	a5,16(s0)
20004000:	00a7e663          	bltu	a5,a0,2000400c <__sfvwrite_r+0x380>
20004004:	01442683          	lw	a3,20(s0)
20004008:	04d4f663          	bgeu	s1,a3,20004054 <__sfvwrite_r+0x3c8>
2000400c:	000d0913          	mv	s2,s10
20004010:	01a4f463          	bgeu	s1,s10,20004018 <__sfvwrite_r+0x38c>
20004014:	00048913          	mv	s2,s1
20004018:	00090613          	mv	a2,s2
2000401c:	000b0593          	mv	a1,s6
20004020:	270000ef          	jal	20004290 <memmove>
20004024:	00842783          	lw	a5,8(s0)
20004028:	00042703          	lw	a4,0(s0)
2000402c:	412787b3          	sub	a5,a5,s2
20004030:	01270733          	add	a4,a4,s2
20004034:	00f42423          	sw	a5,8(s0)
20004038:	00e42023          	sw	a4,0(s0)
2000403c:	f60794e3          	bnez	a5,20003fa4 <__sfvwrite_r+0x318>
20004040:	00040593          	mv	a1,s0
20004044:	00098513          	mv	a0,s3
20004048:	838fe0ef          	jal	20002080 <_fflush_r>
2000404c:	f4050ce3          	beqz	a0,20003fa4 <__sfvwrite_r+0x318>
20004050:	ec1ff06f          	j	20003f10 <__sfvwrite_r+0x284>
20004054:	00048793          	mv	a5,s1
20004058:	009bf463          	bgeu	s7,s1,20004060 <__sfvwrite_r+0x3d4>
2000405c:	000b8793          	mv	a5,s7
20004060:	02d7c7b3          	div	a5,a5,a3
20004064:	02842703          	lw	a4,40(s0)
20004068:	02042583          	lw	a1,32(s0)
2000406c:	000b0613          	mv	a2,s6
20004070:	00098513          	mv	a0,s3
20004074:	02d786b3          	mul	a3,a5,a3
20004078:	000700e7          	jalr	a4 # 1000 <_start-0x1ffff000>
2000407c:	00050913          	mv	s2,a0
20004080:	f2a042e3          	bgtz	a0,20003fa4 <__sfvwrite_r+0x318>
20004084:	e8dff06f          	j	20003f10 <__sfvwrite_r+0x284>
20004088:	000a2b03          	lw	s6,0(s4)
2000408c:	004a2903          	lw	s2,4(s4)
20004090:	00000513          	li	a0,0
20004094:	008a0a13          	addi	s4,s4,8
20004098:	cc5ff06f          	j	20003d5c <__sfvwrite_r+0xd0>
2000409c:	02dc4263          	blt	s8,a3,200040c0 <__sfvwrite_r+0x434>
200040a0:	02842783          	lw	a5,40(s0)
200040a4:	02042583          	lw	a1,32(s0)
200040a8:	000b0613          	mv	a2,s6
200040ac:	00098513          	mv	a0,s3
200040b0:	000780e7          	jalr	a5
200040b4:	00050493          	mv	s1,a0
200040b8:	d0a04ee3          	bgtz	a0,20003dd4 <__sfvwrite_r+0x148>
200040bc:	e55ff06f          	j	20003f10 <__sfvwrite_r+0x284>
200040c0:	000c0613          	mv	a2,s8
200040c4:	000b0593          	mv	a1,s6
200040c8:	1c8000ef          	jal	20004290 <memmove>
200040cc:	00842783          	lw	a5,8(s0)
200040d0:	000c0493          	mv	s1,s8
200040d4:	418787b3          	sub	a5,a5,s8
200040d8:	00f42423          	sw	a5,8(s0)
200040dc:	00042783          	lw	a5,0(s0)
200040e0:	018787b3          	add	a5,a5,s8
200040e4:	00f42023          	sw	a5,0(s0)
200040e8:	cedff06f          	j	20003dd4 <__sfvwrite_r+0x148>

200040ec <memchr>:
200040ec:	0ff5f593          	zext.b	a1,a1
200040f0:	00c50633          	add	a2,a0,a2
200040f4:	00c51663          	bne	a0,a2,20004100 <memchr+0x14>
200040f8:	00000513          	li	a0,0
200040fc:	00008067          	ret
20004100:	00054783          	lbu	a5,0(a0)
20004104:	feb78ce3          	beq	a5,a1,200040fc <memchr+0x10>
20004108:	00150513          	addi	a0,a0,1
2000410c:	fe9ff06f          	j	200040f4 <memchr+0x8>

20004110 <_lseek_r>:
20004110:	ff010113          	addi	sp,sp,-16
20004114:	00812423          	sw	s0,8(sp)
20004118:	00050413          	mv	s0,a0
2000411c:	00058513          	mv	a0,a1
20004120:	00060593          	mv	a1,a2
20004124:	00068613          	mv	a2,a3
20004128:	00000797          	auipc	a5,0x0
2000412c:	7e07a423          	sw	zero,2024(a5) # 20004910 <errno>
20004130:	00112623          	sw	ra,12(sp)
20004134:	ae0fd0ef          	jal	20001414 <_lseek>
20004138:	fff00793          	li	a5,-1
2000413c:	00f51a63          	bne	a0,a5,20004150 <_lseek_r+0x40>
20004140:	00000797          	auipc	a5,0x0
20004144:	7d07a783          	lw	a5,2000(a5) # 20004910 <errno>
20004148:	00078463          	beqz	a5,20004150 <_lseek_r+0x40>
2000414c:	00f42023          	sw	a5,0(s0)
20004150:	00c12083          	lw	ra,12(sp)
20004154:	00812403          	lw	s0,8(sp)
20004158:	01010113          	addi	sp,sp,16
2000415c:	00008067          	ret

20004160 <_read_r>:
20004160:	ff010113          	addi	sp,sp,-16
20004164:	00812423          	sw	s0,8(sp)
20004168:	00050413          	mv	s0,a0
2000416c:	00058513          	mv	a0,a1
20004170:	00060593          	mv	a1,a2
20004174:	00068613          	mv	a2,a3
20004178:	00000797          	auipc	a5,0x0
2000417c:	7807ac23          	sw	zero,1944(a5) # 20004910 <errno>
20004180:	00112623          	sw	ra,12(sp)
20004184:	b58fd0ef          	jal	200014dc <_read>
20004188:	fff00793          	li	a5,-1
2000418c:	00f51a63          	bne	a0,a5,200041a0 <_read_r+0x40>
20004190:	00000797          	auipc	a5,0x0
20004194:	7807a783          	lw	a5,1920(a5) # 20004910 <errno>
20004198:	00078463          	beqz	a5,200041a0 <_read_r+0x40>
2000419c:	00f42023          	sw	a5,0(s0)
200041a0:	00c12083          	lw	ra,12(sp)
200041a4:	00812403          	lw	s0,8(sp)
200041a8:	01010113          	addi	sp,sp,16
200041ac:	00008067          	ret

200041b0 <_sbrk_r>:
200041b0:	ff010113          	addi	sp,sp,-16
200041b4:	00812423          	sw	s0,8(sp)
200041b8:	00050413          	mv	s0,a0
200041bc:	00058513          	mv	a0,a1
200041c0:	00000797          	auipc	a5,0x0
200041c4:	7407a823          	sw	zero,1872(a5) # 20004910 <errno>
200041c8:	00112623          	sw	ra,12(sp)
200041cc:	ed5fc0ef          	jal	200010a0 <_sbrk>
200041d0:	fff00793          	li	a5,-1
200041d4:	00f51a63          	bne	a0,a5,200041e8 <_sbrk_r+0x38>
200041d8:	00000797          	auipc	a5,0x0
200041dc:	7387a783          	lw	a5,1848(a5) # 20004910 <errno>
200041e0:	00078463          	beqz	a5,200041e8 <_sbrk_r+0x38>
200041e4:	00f42023          	sw	a5,0(s0)
200041e8:	00c12083          	lw	ra,12(sp)
200041ec:	00812403          	lw	s0,8(sp)
200041f0:	01010113          	addi	sp,sp,16
200041f4:	00008067          	ret

200041f8 <_write_r>:
200041f8:	ff010113          	addi	sp,sp,-16
200041fc:	00812423          	sw	s0,8(sp)
20004200:	00050413          	mv	s0,a0
20004204:	00058513          	mv	a0,a1
20004208:	00060593          	mv	a1,a2
2000420c:	00068613          	mv	a2,a3
20004210:	00000797          	auipc	a5,0x0
20004214:	7007a023          	sw	zero,1792(a5) # 20004910 <errno>
20004218:	00112623          	sw	ra,12(sp)
2000421c:	a58fd0ef          	jal	20001474 <_write>
20004220:	fff00793          	li	a5,-1
20004224:	00f51a63          	bne	a0,a5,20004238 <_write_r+0x40>
20004228:	00000797          	auipc	a5,0x0
2000422c:	6e87a783          	lw	a5,1768(a5) # 20004910 <errno>
20004230:	00078463          	beqz	a5,20004238 <_write_r+0x40>
20004234:	00f42023          	sw	a5,0(s0)
20004238:	00c12083          	lw	ra,12(sp)
2000423c:	00812403          	lw	s0,8(sp)
20004240:	01010113          	addi	sp,sp,16
20004244:	00008067          	ret

20004248 <_close_r>:
20004248:	ff010113          	addi	sp,sp,-16
2000424c:	00812423          	sw	s0,8(sp)
20004250:	00050413          	mv	s0,a0
20004254:	00058513          	mv	a0,a1
20004258:	00000797          	auipc	a5,0x0
2000425c:	6a07ac23          	sw	zero,1720(a5) # 20004910 <errno>
20004260:	00112623          	sw	ra,12(sp)
20004264:	914fd0ef          	jal	20001378 <_close>
20004268:	fff00793          	li	a5,-1
2000426c:	00f51a63          	bne	a0,a5,20004280 <_close_r+0x38>
20004270:	00000797          	auipc	a5,0x0
20004274:	6a07a783          	lw	a5,1696(a5) # 20004910 <errno>
20004278:	00078463          	beqz	a5,20004280 <_close_r+0x38>
2000427c:	00f42023          	sw	a5,0(s0)
20004280:	00c12083          	lw	ra,12(sp)
20004284:	00812403          	lw	s0,8(sp)
20004288:	01010113          	addi	sp,sp,16
2000428c:	00008067          	ret

20004290 <memmove>:
20004290:	02060c63          	beqz	a2,200042c8 <memmove+0x38>
20004294:	00050313          	mv	t1,a0
20004298:	00100693          	li	a3,1
2000429c:	00b56a63          	bltu	a0,a1,200042b0 <memmove+0x20>
200042a0:	fff00693          	li	a3,-1
200042a4:	fff60713          	addi	a4,a2,-1
200042a8:	00e30333          	add	t1,t1,a4
200042ac:	00e585b3          	add	a1,a1,a4
200042b0:	00058383          	lb	t2,0(a1)
200042b4:	00730023          	sb	t2,0(t1)
200042b8:	fff60613          	addi	a2,a2,-1
200042bc:	00d30333          	add	t1,t1,a3
200042c0:	00d585b3          	add	a1,a1,a3
200042c4:	fe0616e3          	bnez	a2,200042b0 <memmove+0x20>
200042c8:	00008067          	ret

200042cc <memcpy>:
200042cc:	00050313          	mv	t1,a0
200042d0:	00060e63          	beqz	a2,200042ec <memcpy+0x20>
200042d4:	00058383          	lb	t2,0(a1)
200042d8:	00730023          	sb	t2,0(t1)
200042dc:	fff60613          	addi	a2,a2,-1
200042e0:	00130313          	addi	t1,t1,1
200042e4:	00158593          	addi	a1,a1,1
200042e8:	fe0616e3          	bnez	a2,200042d4 <memcpy+0x8>
200042ec:	00008067          	ret

200042f0 <_realloc_r>:
200042f0:	00059663          	bnez	a1,200042fc <_realloc_r+0xc>
200042f4:	00060593          	mv	a1,a2
200042f8:	f15fe06f          	j	2000320c <_malloc_r>
200042fc:	fe010113          	addi	sp,sp,-32
20004300:	00812c23          	sw	s0,24(sp)
20004304:	01412423          	sw	s4,8(sp)
20004308:	00112e23          	sw	ra,28(sp)
2000430c:	00912a23          	sw	s1,20(sp)
20004310:	01212823          	sw	s2,16(sp)
20004314:	01312623          	sw	s3,12(sp)
20004318:	00060413          	mv	s0,a2
2000431c:	00050a13          	mv	s4,a0
20004320:	02061863          	bnez	a2,20004350 <_realloc_r+0x60>
20004324:	8b5fe0ef          	jal	20002bd8 <_free_r>
20004328:	00000493          	li	s1,0
2000432c:	01c12083          	lw	ra,28(sp)
20004330:	01812403          	lw	s0,24(sp)
20004334:	01012903          	lw	s2,16(sp)
20004338:	00c12983          	lw	s3,12(sp)
2000433c:	00812a03          	lw	s4,8(sp)
20004340:	00048513          	mv	a0,s1
20004344:	01412483          	lw	s1,20(sp)
20004348:	02010113          	addi	sp,sp,32
2000434c:	00008067          	ret
20004350:	00058493          	mv	s1,a1
20004354:	058000ef          	jal	200043ac <_malloc_usable_size_r>
20004358:	00050913          	mv	s2,a0
2000435c:	00856663          	bltu	a0,s0,20004368 <_realloc_r+0x78>
20004360:	00155793          	srli	a5,a0,0x1
20004364:	fc87e4e3          	bltu	a5,s0,2000432c <_realloc_r+0x3c>
20004368:	00040593          	mv	a1,s0
2000436c:	000a0513          	mv	a0,s4
20004370:	e9dfe0ef          	jal	2000320c <_malloc_r>
20004374:	00050993          	mv	s3,a0
20004378:	00051663          	bnez	a0,20004384 <_realloc_r+0x94>
2000437c:	00098493          	mv	s1,s3
20004380:	fadff06f          	j	2000432c <_realloc_r+0x3c>
20004384:	00040613          	mv	a2,s0
20004388:	00897463          	bgeu	s2,s0,20004390 <_realloc_r+0xa0>
2000438c:	00090613          	mv	a2,s2
20004390:	00048593          	mv	a1,s1
20004394:	00098513          	mv	a0,s3
20004398:	f35ff0ef          	jal	200042cc <memcpy>
2000439c:	00048593          	mv	a1,s1
200043a0:	000a0513          	mv	a0,s4
200043a4:	835fe0ef          	jal	20002bd8 <_free_r>
200043a8:	fd5ff06f          	j	2000437c <_realloc_r+0x8c>

200043ac <_malloc_usable_size_r>:
200043ac:	ffc5a783          	lw	a5,-4(a1)
200043b0:	ffc78513          	addi	a0,a5,-4
200043b4:	0007d863          	bgez	a5,200043c4 <_malloc_usable_size_r+0x18>
200043b8:	00a585b3          	add	a1,a1,a0
200043bc:	0005a783          	lw	a5,0(a1)
200043c0:	00f50533          	add	a0,a0,a5
200043c4:	00008067          	ret
200043c8:	0a0a                	.insn	2, 0x0a0a
200043ca:	000a                	.insn	2, 0x000a
200043cc:	6554                	.insn	2, 0x6554
200043ce:	6e697473          	csrrci	s0,0x6e6,18
200043d2:	6f632067          	.insn	4, 0x6f632067
200043d6:	7970                	.insn	2, 0x7970
200043d8:	6576                	.insn	2, 0x6576
200043da:	00292863          	.insn	4, 0x00292863
200043de:	0000                	.insn	2, 0x0000
200043e0:	2020                	.insn	2, 0x2020
200043e2:	79706f43          	fmadd.s	ft10,ft0,fs7,fa5,unknown
200043e6:	6120                	.insn	2, 0x6120
200043e8:	6c6c                	.insn	2, 0x6c6c
200043ea:	6520                	.insn	2, 0x6520
200043ec:	656c                	.insn	2, 0x656c
200043ee:	656d                	.insn	2, 0x656d
200043f0:	746e                	.insn	2, 0x746e
200043f2:	2e203a73          	csrrc	s4,0x2e2,zero
200043f6:	2e2e                	.insn	2, 0x2e2e
200043f8:	0020                	.insn	2, 0x0020
200043fa:	0000                	.insn	2, 0x0000
200043fc:	6170                	.insn	2, 0x6170
200043fe:	64657373          	csrrci	t1,hviprio1,10
20004402:	002e                	.insn	2, 0x002e
20004404:	6166                	.insn	2, 0x6166
20004406:	6c69                	.insn	2, 0x6c69
20004408:	6465                	.insn	2, 0x6465
2000440a:	002e                	.insn	2, 0x002e
2000440c:	2020                	.insn	2, 0x2020
2000440e:	79706f43          	fmadd.s	ft10,ft0,fs7,fa5,unknown
20004412:	7320                	.insn	2, 0x7320
20004414:	20656d6f          	jal	s10,2005a61a <__stack_top+0x550fe>
20004418:	6c65                	.insn	2, 0x6c65
2000441a:	6d65                	.insn	2, 0x6d65
2000441c:	6e65                	.insn	2, 0x6e65
2000441e:	7374                	.insn	2, 0x7374
20004420:	203a                	.insn	2, 0x203a
20004422:	2e2e                	.insn	2, 0x2e2e
20004424:	202e                	.insn	2, 0x202e
20004426:	0000                	.insn	2, 0x0000
20004428:	2020                	.insn	2, 0x2020
2000442a:	79706f43          	fmadd.s	ft10,ft0,fs7,fa5,unknown
2000442e:	6e20                	.insn	2, 0x6e20
20004430:	6c65206f          	j	20056af6 <__stack_top+0x515da>
20004434:	6d65                	.insn	2, 0x6d65
20004436:	6e65                	.insn	2, 0x6e65
20004438:	7374                	.insn	2, 0x7374
2000443a:	203a                	.insn	2, 0x203a
2000443c:	2e2e                	.insn	2, 0x2e2e
2000443e:	202e                	.insn	2, 0x202e
20004440:	0000                	.insn	2, 0x0000
20004442:	0000                	.insn	2, 0x0000
20004444:	6554                	.insn	2, 0x6554
20004446:	6e697473          	csrrci	s0,0x6e6,18
2000444a:	6f632067          	.insn	4, 0x6f632067
2000444e:	7970                	.insn	2, 0x7970
20004450:	6c65                	.insn	2, 0x6c65
20004452:	6d65                	.insn	2, 0x6d65
20004454:	6e65                	.insn	2, 0x6e65
20004456:	7374                	.insn	2, 0x7374
20004458:	2928                	.insn	2, 0x2928
2000445a:	0000                	.insn	2, 0x0000
2000445c:	2020                	.insn	2, 0x2020
2000445e:	79706f43          	fmadd.s	ft10,ft0,fs7,fa5,unknown
20004462:	7220                	.insn	2, 0x7220
20004464:	6e61                	.insn	2, 0x6e61
20004466:	6f64                	.insn	2, 0x6f64
20004468:	206d                	.insn	2, 0x206d
2000446a:	63696c73          	csrrsi	s8,0x636,18
2000446e:	3a65                	.insn	2, 0x3a65
20004470:	2e20                	.insn	2, 0x2e20
20004472:	2e2e                	.insn	2, 0x2e2e
20004474:	0000                	.insn	2, 0x0000
20004476:	0000                	.insn	2, 0x0000
20004478:	7728                	.insn	2, 0x7728
2000447a:	6f72                	.insn	2, 0x6f72
2000447c:	676e                	.insn	2, 0x676e
2000447e:	7220                	.insn	2, 0x7220
20004480:	7465                	.insn	2, 0x7465
20004482:	7275                	.insn	2, 0x7275
20004484:	206e                	.insn	2, 0x206e
20004486:	6176                	.insn	2, 0x6176
20004488:	756c                	.insn	2, 0x756c
2000448a:	2965                	.insn	2, 0x2965
2000448c:	0000                	.insn	2, 0x0000
2000448e:	0000                	.insn	2, 0x0000
20004490:	410a                	.insn	2, 0x410a
20004492:	6c6c                	.insn	2, 0x6c6c
20004494:	7420                	.insn	2, 0x7420
20004496:	7365                	.insn	2, 0x7365
20004498:	7374                	.insn	2, 0x7374
2000449a:	7020                	.insn	2, 0x7020
2000449c:	7361                	.insn	2, 0x7361
2000449e:	21646573          	csrrsi	a0,0x216,8
200044a2:	5420                	.insn	2, 0x5420
200044a4:	6568                	.insn	2, 0x6568
200044a6:	5320                	.insn	2, 0x5320
200044a8:	6365                	.insn	2, 0x6365
200044aa:	6572                	.insn	2, 0x6572
200044ac:	2074                	.insn	2, 0x2074
200044ae:	6150                	.insn	2, 0x6150
200044b0:	6f777373          	csrrci	t1,0x6f7,14
200044b4:	6472                	.insn	2, 0x6472
200044b6:	6920                	.insn	2, 0x6920
200044b8:	00003a73          	csrrc	s4,ustatus,zero
200044bc:	530a                	.insn	2, 0x530a
200044be:	20656d6f          	jal	s10,2005a6c4 <__stack_top+0x551a8>
200044c2:	6574                	.insn	2, 0x6574
200044c4:	20737473          	csrrci	s0,0x207,6
200044c8:	6166                	.insn	2, 0x6166
200044ca:	6c69                	.insn	2, 0x6c69
200044cc:	6465                	.insn	2, 0x6465
200044ce:	202e                	.insn	2, 0x202e
200044d0:	7065654b          	fnmsub.s	fa0,fa0,ft6,fa4,unknown
200044d4:	7420                	.insn	2, 0x7420
200044d6:	7972                	.insn	2, 0x7972
200044d8:	6e69                	.insn	2, 0x6e69
200044da:	00002167          	.insn	4, 0x2167
200044de:	0000                	.insn	2, 0x0000
200044e0:	500a                	.insn	2, 0x500a
200044e2:	6f72                	.insn	2, 0x6f72
200044e4:	6d617267          	.insn	4, 0x6d617267
200044e8:	6520                	.insn	2, 0x6520
200044ea:	6978                	.insn	2, 0x6978
200044ec:	6574                	.insn	2, 0x6574
200044ee:	2064                	.insn	2, 0x2064
200044f0:	68746977          	.insn	4, 0x68746977
200044f4:	6320                	.insn	2, 0x6320
200044f6:	2065646f          	jal	s0,2005a6fc <__stack_top+0x551e0>
200044fa:	6425                	.insn	2, 0x6425
200044fc:	000a                	.insn	2, 0x000a
	...

20004500 <__clz_tab>:
20004500:	0100 0202 0303 0303 0404 0404 0404 0404     ................
20004510:	0505 0505 0505 0505 0505 0505 0505 0505     ................
20004520:	0606 0606 0606 0606 0606 0606 0606 0606     ................
20004530:	0606 0606 0606 0606 0606 0606 0606 0606     ................
20004540:	0707 0707 0707 0707 0707 0707 0707 0707     ................
20004550:	0707 0707 0707 0707 0707 0707 0707 0707     ................
20004560:	0707 0707 0707 0707 0707 0707 0707 0707     ................
20004570:	0707 0707 0707 0707 0707 0707 0707 0707     ................
20004580:	0808 0808 0808 0808 0808 0808 0808 0808     ................
20004590:	0808 0808 0808 0808 0808 0808 0808 0808     ................
200045a0:	0808 0808 0808 0808 0808 0808 0808 0808     ................
200045b0:	0808 0808 0808 0808 0808 0808 0808 0808     ................
200045c0:	0808 0808 0808 0808 0808 0808 0808 0808     ................
200045d0:	0808 0808 0808 0808 0808 0808 0808 0808     ................
200045e0:	0808 0808 0808 0808 0808 0808 0808 0808     ................
200045f0:	0808 0808 0808 0808 0808 0808 0808 0808     ................
20004600:	2d23 2b30 0020 0000 6c68 004c 6665 4567     #-0+ ...hlL.efgE
20004610:	4746 0000 3130 3332 3534 3736 3938 4241     FG..0123456789AB
20004620:	4443 4645 0000 0000 3130 3332 3534 3736     CDEF....01234567
20004630:	3938 6261 6463 6665 0000 0000 efdc ffff     89abcdef........
20004640:	effc ffff efa8 ffff efa8 ffff efa8 ffff     ................
20004650:	efa8 ffff effc ffff efa8 ffff efa8 ffff     ................
20004660:	efa8 ffff efa8 ffff f1e4 ffff f054 ffff     ............T...
20004670:	f160 ffff efa8 ffff efa8 ffff f22c ffff     `...........,...
20004680:	efa8 ffff f054 ffff efa8 ffff efa8 ffff     ....T...........
20004690:	f16c ffff                                   l...
